AFFGEOID,count
1500000US360610109001,1103.3333333333333
1500000US360810871002,740.3333333333334
1500000US360471164001,714.3333333333334
1500000US360050221013,647.3333333333334
1500000US360610139004,565.6666666666666
1500000US360050039003,519.6666666666666
1500000US360050424001,512.3333333333334
1500000US360810334021,504.6666666666667
1500000US360610111001,498.0
1500000US360850007004,488.3333333333333
1500000US360610033003,477.3333333333333
1500000US360610064002,462.6666666666667
1500000US360810683002,421.0
1500000US360050425003,409.6666666666667
1500000US360050046001,402.0
1500000US360470011001,392.3333333333333
1500000US360470363001,392.0
1500000US360610029001,389.3333333333333
1500000US360810351001,379.0
1500000US360810460003,374.6666666666667
1500000US360810560001,367.6666666666667
1500000US360810465002,366.6666666666667
1500000US360470511001,357.0
1500000US360610120001,351.6666666666667
1500000US360050381003,349.6666666666667
1500000US360810125001,341.3333333333333
1500000US360810122001,340.3333333333333
1500000US360471070001,339.3333333333333
1500000US360610309001,331.6666666666667
1500000US360610104001,326.3333333333333
1500000US360470824003,325.0
1500000US360050141003,322.6666666666667
1500000US360610052001,319.0
1500000US360050165001,317.3333333333333
1500000US360610101001,313.3333333333333
1500000US360810581001,309.0
1500000US360050089002,308.0
1500000US360850303012,307.3333333333333
1500000US360610013001,306.3333333333333
1500000US360470015001,305.0
1500000US360610219004,302.0
1500000US360610073001,298.0
1500000US360470263001,291.0
1500000US360470433002,289.3333333333333
1500000US360470101003,286.6666666666667
1500000US360610029003,286.3333333333333
1500000US360470354002,286.0
1500000US360050296002,280.3333333333333
1500000US360610178003,279.3333333333333
1500000US360610257001,272.3333333333333
1500000US360811227022,267.0
1500000US360610031001,265.3333333333333
1500000US360610100002,260.6666666666667
1500000US360810112002,258.3333333333333
1500000US360470309002,254.66666666666666
1500000US360470480001,250.66666666666666
1500000US360050462011,249.33333333333334
1500000US360610228003,246.66666666666666
1500000US360610166002,246.66666666666666
1500000US360610038005,240.0
1500000US360470584002,238.66666666666666
1500000US360610112011,238.66666666666666
1500000US360610196002,231.66666666666666
1500000US360811010014,231.0
1500000US360610119001,229.66666666666666
1500000US360610012001,228.33333333333334
1500000US360610169004,226.0
1500000US360470015003,226.0
1500000US360470561003,221.0
1500000US360610087005,220.66666666666666
1500000US360610114021,219.66666666666666
1500000US360810871001,218.0
1500000US360470397003,216.33333333333334
1500000US360470129021,216.33333333333334
1500000US360050166001,213.33333333333334
1500000US360050127012,206.33333333333334
1500000US360610271003,201.66666666666666
1500000US360810007004,198.66666666666666
1500000US360470776001,196.66666666666666
1500000US360470331003,194.33333333333334
1500000US360610189006,191.66666666666666
1500000US360610115001,185.33333333333334
1500000US360610029004,180.33333333333334
1500000US360610253003,179.66666666666666
1500000US360610222002,178.33333333333334
1500000US360470282002,176.0
1500000US360050093006,175.33333333333334
1500000US360470205003,174.0
1500000US360050216022,172.33333333333334
1500000US360610061003,171.33333333333334
1500000US360610049001,169.66666666666666
1500000US360471098002,168.0
1500000US360470698002,164.66666666666666
1500000US360470129011,155.33333333333334
1500000US360470740001,154.66666666666666
1500000US360850248001,152.66666666666666
1500000US360610092001,152.66666666666666
1500000US360050287001,149.0
1500000US360470307003,142.33333333333334
1500000US360810713052,140.0
1500000US360810942022,139.66666666666666
1500000US360850112021,137.66666666666666
1500000US360470242001,137.66666666666666
1500000US360810717021,130.66666666666666
1500000US360610076001,130.33333333333334
1500000US360610235013,129.33333333333334
1500000US360050090002,129.0
1500000US360470233002,128.66666666666666
1500000US360610050003,128.33333333333334
1500000US360470350002,125.33333333333333
1500000US360610153004,119.66666666666667
1500000US360810473002,119.33333333333333
1500000US360470070001,117.66666666666667
1500000US360050071002,116.33333333333333
1500000US360811471002,114.66666666666667
1500000US360470035001,112.33333333333333
1500000US360470063001,110.0
1500000US360810711002,109.33333333333333
1500000US360610148022,108.66666666666667
1500000US360610119002,106.0
1500000US360050183021,106.0
1500000US360850277063,105.0
1500000US360610114012,97.33333333333333
1500000US360610196003,88.66666666666667
1500000US360610185002,88.0
1500000US360470037001,87.0
1500000US360850277022,84.0
1500000US360050401005,84.0
1500000US360610014022,84.0
1500000US360610265002,83.33333333333333
1500000US360610087001,81.66666666666667
1500000US360810945002,80.66666666666667
1500000US360050397001,80.0
1500000US360810216001,79.66666666666667
1500000US360610259001,78.66666666666667
1500000US360050042006,78.66666666666667
1500000US360610172004,78.0
1500000US360470018001,77.0
1500000US360470294001,74.66666666666667
1500000US360470002001,74.33333333333333
1500000US360050220001,73.33333333333333
1500000US360850003002,72.66666666666667
1500000US360850228001,71.66666666666667
1500000US360470041001,71.0
1500000US360470670002,70.66666666666667
1500000US360610113001,70.33333333333333
1500000US360610240001,69.33333333333333
1500000US360050161001,69.0
1500000US360610145004,69.0
1500000US360810954003,68.66666666666667
1500000US360470924001,68.33333333333333
1500000US360610084002,67.66666666666667
1500000US360610054001,66.0
1500000US360610190001,63.666666666666664
1500000US360610121001,62.333333333333336
1500000US360470348001,61.666666666666664
1500000US360050394002,61.666666666666664
1500000US360610182002,59.333333333333336
1500000US360470119001,58.333333333333336
1500000US360810100001,58.0
1500000US360810446011,57.333333333333336
1500000US360050065004,57.0
1500000US360050185001,57.0
1500000US360050229011,56.666666666666664
1500000US360610058001,56.333333333333336
1500000US360610183004,55.666666666666664
1500000US360610219001,55.666666666666664
1500000US360470138003,55.0
1500000US360470808001,54.666666666666664
1500000US360610137004,54.666666666666664
1500000US360050183022,54.0
1500000US360050129012,53.666666666666664
1500000US360470794001,53.666666666666664
1500000US360610112031,53.666666666666664
1500000US360050067001,53.666666666666664
1500000US360050284001,53.333333333333336
1500000US360610222001,53.333333333333336
1500000US360610133005,53.0
1500000US360050051002,53.0
1500000US360050435001,52.333333333333336
1500000US360050397002,51.666666666666664
1500000US360050239004,49.666666666666664
1500000US360050065002,49.666666666666664
1500000US360050283001,49.666666666666664
1500000US360610021001,49.333333333333336
1500000US360610096001,48.333333333333336
1500000US360610114022,48.333333333333336
1500000US360610167005,48.333333333333336
1500000US360610143001,47.666666666666664
1500000US360050224032,46.333333333333336
1500000US360850003001,46.0
1500000US360610200002,46.0
1500000US360050069002,45.666666666666664
1500000US360810849004,45.333333333333336
1500000US360810549004,45.0
1500000US360610253006,45.0
1500000US360470241001,45.0
1500000US360610099001,44.666666666666664
1500000US360610036013,44.666666666666664
1500000US360810405002,44.333333333333336
1500000US360050241003,44.333333333333336
1500000US360050212001,42.666666666666664
1500000US360470033002,42.333333333333336
1500000US360810938003,41.666666666666664
1500000US360050387001,41.333333333333336
1500000US360810757011,41.333333333333336
1500000US360610112032,40.333333333333336
1500000US360810052002,40.333333333333336
1500000US360610194004,39.666666666666664
1500000US360610100001,39.333333333333336
1500000US360470389001,39.0
1500000US360610091001,38.333333333333336
1500000US360610103001,38.333333333333336
1500000US360810446012,38.0
1500000US360470227004,37.666666666666664
1500000US360610021002,37.333333333333336
1500000US360471164002,37.0
1500000US360850021003,37.0
1500000US360050063001,36.666666666666664
1500000US360610125001,36.333333333333336
1500000US360050054002,36.0
1500000US360610033001,36.0
1500000US360610047002,35.666666666666664
1500000US360470491004,35.333333333333336
1500000US360610243021,35.333333333333336
1500000US360810444001,35.333333333333336
1500000US360610009001,35.333333333333336
1500000US360610129002,34.333333333333336
1500000US360810383021,34.333333333333336
1500000US360050420002,34.0
1500000US360610148025,34.0
1500000US360610196001,33.666666666666664
1500000US360050399011,33.666666666666664
1500000US360610147001,33.333333333333336
1500000US360050183011,33.333333333333336
1500000US360610071005,33.333333333333336
1500000US360811347001,33.0
1500000US360610055011,32.666666666666664
1500000US360610231001,32.666666666666664
1500000US360050403041,32.0
1500000US360050043002,32.0
1500000US360850021002,31.666666666666668
1500000US360610066008,31.666666666666668
1500000US360470491002,31.333333333333332
1500000US360810352002,31.333333333333332
1500000US360610153001,31.333333333333332
1500000US360050378003,31.333333333333332
1500000US360470287001,31.0
1500000US360470462012,31.0
1500000US360470015002,31.0
1500000US360850128041,31.0
1500000US360050368002,31.0
1500000US360470892003,31.0
1500000US360610159006,30.666666666666668
1500000US360811008021,30.666666666666668
1500000US360470362001,30.333333333333332
1500000US360810637001,30.0
1500000US360810283003,30.0
1500000US360810163002,30.0
1500000US360470359003,30.0
1500000US360810737001,29.666666666666668
1500000US360810693001,29.666666666666668
1500000US360610030012,29.666666666666668
1500000US360470592002,29.666666666666668
1500000US360610094001,29.666666666666668
1500000US360050287002,29.666666666666668
1500000US360610245004,29.333333333333332
1500000US360470554001,29.333333333333332
1500000US360610251001,28.666666666666668
1500000US360470013001,28.666666666666668
1500000US360470315004,28.666666666666668
1500000US360050399013,28.333333333333332
1500000US360610212002,28.333333333333332
1500000US360470365021,28.333333333333332
1500000US360810446021,28.333333333333332
1500000US360470786002,28.0
1500000US360470792003,28.0
1500000US360610199002,28.0
1500000US360811032013,28.0
1500000US360470974001,27.666666666666668
1500000US360050159001,27.666666666666668
1500000US360610172001,27.666666666666668
1500000US360610043003,27.333333333333332
1500000US360050063002,27.333333333333332
1500000US360610007001,27.333333333333332
1500000US360610271002,27.0
1500000US360610182003,27.0
1500000US360610102001,27.0
1500000US360471134001,27.0
1500000US360610057002,27.0
1500000US360050053001,26.666666666666668
1500000US360810212001,26.666666666666668
1500000US360810142021,26.666666666666668
1500000US360050219001,26.666666666666668
1500000US360810853002,26.666666666666668
1500000US360810551002,26.333333333333332
1500000US360050356002,26.333333333333332
1500000US360810853001,26.333333333333332
1500000US360470908001,26.0
1500000US360610183007,26.0
1500000US360810240001,26.0
1500000US360810158023,26.0
1500000US360810155002,26.0
1500000US360050381006,25.666666666666668
1500000US360470401002,25.333333333333332
1500000US360810607011,25.333333333333332
1500000US360810153001,25.333333333333332
1500000US360050224012,25.333333333333332
1500000US360470379003,25.333333333333332
1500000US360050031001,25.0
1500000US360050237031,25.0
1500000US360050363004,25.0
1500000US360470880002,24.666666666666668
1500000US360050334001,24.666666666666668
1500000US360850128063,24.666666666666668
1500000US360810964002,24.333333333333332
1500000US360050285004,24.0
1500000US360470278002,24.0
1500000US360470910004,24.0
1500000US360610159005,24.0
1500000US360810375002,23.666666666666668
1500000US360471237003,23.666666666666668
1500000US360610048005,23.666666666666668
1500000US360050065001,23.666666666666668
1500000US360610166005,23.666666666666668
1500000US360470820001,23.333333333333332
1500000US360810334011,23.333333333333332
1500000US360050385004,23.333333333333332
1500000US360470076001,23.333333333333332
1500000US360470285021,23.0
1500000US360610291005,23.0
1500000US360850319012,23.0
1500000US360850323001,23.0
1500000US360050155002,23.0
1500000US360810460002,22.666666666666668
1500000US360470269003,22.666666666666668
1500000US360050155001,22.666666666666668
1500000US360470252004,22.333333333333332
1500000US360610182001,22.333333333333332
1500000US360610071001,22.333333333333332
1500000US360610115002,22.333333333333332
1500000US360470439003,22.333333333333332
1500000US360610052002,22.0
1500000US360470373001,22.0
1500000US360610079001,22.0
1500000US360610299002,22.0
1500000US360610198001,21.666666666666668
1500000US360470508012,21.666666666666668
1500000US360050119001,21.333333333333332
1500000US360050039005,21.333333333333332
1500000US360610208002,21.0
1500000US360470357001,21.0
1500000US360050039001,21.0
1500000US360470161003,21.0
1500000US360610229003,21.0
1500000US360050221011,21.0
1500000US360050381004,20.666666666666668
1500000US360610166001,20.666666666666668
1500000US360610221022,20.666666666666668
1500000US360610131001,20.666666666666668
1500000US360050265001,20.666666666666668
1500000US360610191004,20.666666666666668
1500000US360470351002,20.666666666666668
1500000US360470177001,20.666666666666668
1500000US360470590001,20.666666666666668
1500000US360470142002,20.666666666666668
1500000US360610199006,20.666666666666668
1500000US360610253004,20.333333333333332
1500000US360470255002,20.333333333333332
1500000US360610156021,20.333333333333332
1500000US360810037001,20.333333333333332
1500000US360471106001,20.333333333333332
1500000US360050195002,20.333333333333332
1500000US360810240002,20.0
1500000US360470892004,20.0
1500000US360610034001,20.0
1500000US360471104001,20.0
1500000US360050263001,20.0
1500000US360810208001,20.0
1500000US360610183006,20.0
1500000US360610216001,20.0
1500000US360050185003,19.666666666666668
1500000US360610146022,19.666666666666668
1500000US360810032001,19.666666666666668
1500000US360470908003,19.666666666666668
1500000US360610201021,19.666666666666668
1500000US360610317031,19.666666666666668
1500000US360050418001,19.333333333333332
1500000US360050399015,19.333333333333332
1500000US360471104002,19.333333333333332
1500000US360811032021,19.333333333333332
1500000US360810161002,19.0
1500000US360810358001,19.0
1500000US360850077001,19.0
1500000US360610014021,19.0
1500000US360610188003,19.0
1500000US360610030011,19.0
1500000US360470009002,19.0
1500000US360470247002,19.0
1500000US360470247001,19.0
1500000US360470572002,18.666666666666668
1500000US360610066009,18.666666666666668
1500000US360610065001,18.666666666666668
1500000US360810443023,18.666666666666668
1500000US360050373003,18.666666666666668
1500000US360050421002,18.666666666666668
1500000US360470043001,18.333333333333332
1500000US360610045001,18.333333333333332
1500000US360810289003,18.333333333333332
1500000US360610158021,18.333333333333332
1500000US360471200002,18.333333333333332
1500000US360050330004,18.333333333333332
1500000US360470796022,18.333333333333332
1500000US360470326005,18.333333333333332
1500000US360050062004,18.333333333333332
1500000US360850006001,18.333333333333332
1500000US360610015011,18.333333333333332
1500000US360050131003,18.333333333333332
1500000US360610018005,18.333333333333332
1500000US360050223001,18.333333333333332
1500000US360810077001,18.0
1500000US360850207001,18.0
1500000US360610210004,18.0
1500000US360610186001,18.0
1500000US360610081006,18.0
1500000US360810865001,18.0
1500000US360050151003,17.666666666666668
1500000US360470553002,17.666666666666668
1500000US360610093001,17.666666666666668
1500000US360470525001,17.666666666666668
1500000US360610191006,17.666666666666668
1500000US360471034001,17.666666666666668
1500000US360470596003,17.666666666666668
1500000US360470906002,17.666666666666668
1500000US360610192001,17.666666666666668
1500000US360610133001,17.666666666666668
1500000US360610070002,17.666666666666668
1500000US360610057001,17.666666666666668
1500000US360610317041,17.666666666666668
1500000US360810998021,17.333333333333332
1500000US360470326003,17.333333333333332
1500000US360810964001,17.333333333333332
1500000US360610209011,17.333333333333332
1500000US360470187001,17.333333333333332
1500000US360610081002,17.333333333333332
1500000US360610026022,17.333333333333332
1500000US360050215023,17.333333333333332
1500000US360050201001,17.0
1500000US360050253001,17.0
1500000US360050019003,17.0
1500000US360810942021,17.0
1500000US360610162005,17.0
1500000US360610068001,17.0
1500000US360810044011,17.0
1500000US360610026011,17.0
1500000US360810347001,17.0
1500000US360470245004,17.0
1500000US360050193004,17.0
1500000US360050235011,17.0
1500000US360610015022,17.0
1500000US360810284001,17.0
1500000US360470217002,17.0
1500000US360050401003,16.666666666666668
1500000US360610062001,16.666666666666668
1500000US360810054001,16.666666666666668
1500000US360471188002,16.666666666666668
1500000US360810992001,16.666666666666668
1500000US360610121004,16.666666666666668
1500000US360050073002,16.666666666666668
1500000US360050395004,16.666666666666668
1500000US360610168003,16.666666666666668
1500000US360610138009,16.666666666666668
1500000US360610073004,16.333333333333332
1500000US360810375001,16.333333333333332
1500000US360470072001,16.333333333333332
1500000US360610225003,16.333333333333332
1500000US360610167003,16.333333333333332
1500000US360610131002,16.333333333333332
1500000US360811032024,16.333333333333332
1500000US360610175004,16.333333333333332
1500000US360610245005,16.333333333333332
1500000US360050145004,16.333333333333332
1500000US360470902001,16.333333333333332
1500000US360050019001,16.0
1500000US360050380003,16.0
1500000US360610163005,16.0
1500000US360810553002,16.0
1500000US360470510012,16.0
1500000US360610125002,16.0
1500000US360610231003,16.0
1500000US360610006001,16.0
1500000US360470489001,15.666666666666666
1500000US360050177022,15.666666666666666
1500000US360610135002,15.666666666666666
1500000US360610018002,15.666666666666666
1500000US360470920003,15.666666666666666
1500000US360610174021,15.666666666666666
1500000US360810019001,15.666666666666666
1500000US360470351001,15.666666666666666
1500000US360470075005,15.666666666666666
1500000US360610194001,15.666666666666666
1500000US360610145003,15.666666666666666
1500000US360610091002,15.333333333333334
1500000US360810907001,15.333333333333334
1500000US360050390002,15.333333333333334
1500000US360610095001,15.333333333333334
1500000US360610120004,15.333333333333334
1500000US360050110001,15.333333333333334
1500000US360810466002,15.333333333333334
1500000US360050231001,15.333333333333334
1500000US360050063006,15.333333333333334
1500000US360050041004,15.333333333333334
1500000US360610149001,15.333333333333334
1500000US360810294001,15.333333333333334
1500000US360810568004,15.333333333333334
1500000US360050147012,15.333333333333334
1500000US360810972021,15.333333333333334
1500000US360610162003,15.333333333333334
1500000US360610173003,15.333333333333334
1500000US360050027023,15.0
1500000US360850133022,15.0
1500000US360610083003,15.0
1500000US360610232001,15.0
1500000US360471104004,15.0
1500000US360050332022,15.0
1500000US360810869001,15.0
1500000US360850067001,15.0
1500000US360850040002,15.0
1500000US360610217031,15.0
1500000US360470309001,15.0
1500000US360610144021,15.0
1500000US360810462002,15.0
1500000US360810613012,15.0
1500000US360810273004,15.0
1500000US360050418002,15.0
1500000US360470381002,14.666666666666666
1500000US360470974002,14.666666666666666
1500000US360610263001,14.666666666666666
1500000US360050237021,14.666666666666666
1500000US360050199004,14.666666666666666
1500000US360810267002,14.666666666666666
1500000US360610013002,14.666666666666666
1500000US360610022021,14.666666666666666
1500000US360470285011,14.666666666666666
1500000US360470255001,14.333333333333334
1500000US360471208002,14.333333333333334
1500000US360610172002,14.333333333333334
1500000US360050123001,14.333333333333334
1500000US360470686002,14.333333333333334
1500000US360811032012,14.333333333333334
1500000US360470022001,14.333333333333334
1500000US360050385001,14.333333333333334
1500000US360810295002,14.333333333333334
1500000US360610071002,14.333333333333334
1500000US360810001001,14.333333333333334
1500000US360610129001,14.333333333333334
1500000US360610090001,14.333333333333334
1500000US360810285004,14.333333333333334
1500000US360470325003,14.333333333333334
1500000US360050085001,14.333333333333334
1500000US360610223012,14.333333333333334
1500000US360610089002,14.0
1500000US360610172003,14.0
1500000US360610095002,14.0
1500000US360470908002,14.0
1500000US360050336001,14.0
1500000US360610083002,14.0
1500000US360050143001,14.0
1500000US360610156014,14.0
1500000US360810401002,14.0
1500000US360470393003,14.0
1500000US360610223013,14.0
1500000US360470084003,14.0
1500000US360050079001,14.0
1500000US360050265003,14.0
1500000US360610224002,14.0
1500000US360610295004,14.0
1500000US360050245011,14.0
1500000US360471144001,14.0
1500000US360811008023,14.0
1500000US360470924002,14.0
1500000US360470249004,13.666666666666666
1500000US360610093002,13.666666666666666
1500000US360810462003,13.666666666666666
1500000US360470273003,13.666666666666666
1500000US360471156001,13.666666666666666
1500000US360610242003,13.666666666666666
1500000US360470298002,13.666666666666666
1500000US360050169001,13.666666666666666
1500000US360050239001,13.666666666666666
1500000US360050342002,13.666666666666666
1500000US360471022001,13.666666666666666
1500000US360470297002,13.666666666666666
1500000US360610018003,13.666666666666666
1500000US360050225004,13.666666666666666
1500000US360810463001,13.333333333333334
1500000US360050177012,13.333333333333334
1500000US360610245006,13.333333333333334
1500000US360610215002,13.333333333333334
1500000US360810214003,13.333333333333334
1500000US360470053001,13.333333333333334
1500000US360610168002,13.333333333333334
1500000US360810869002,13.333333333333334
1500000US360050288001,13.333333333333334
1500000US360470520002,13.333333333333334
1500000US360470552002,13.333333333333334
1500000US360850096012,13.333333333333334
1500000US360610022012,13.333333333333334
1500000US360610179004,13.333333333333334
1500000US360470069003,13.333333333333334
1500000US360610041002,13.333333333333334
1500000US360470082002,13.333333333333334
1500000US360610237003,13.333333333333334
1500000US360810357001,13.333333333333334
1500000US360610188002,13.333333333333334
1500000US360050380004,13.333333333333334
1500000US360470890006,13.333333333333334
1500000US360050153001,13.333333333333334
1500000US360810638002,13.333333333333334
1500000US360610080001,13.333333333333334
1500000US360610232004,13.333333333333334
1500000US360050484002,13.0
1500000US360610027001,13.0
1500000US360810275003,13.0
1500000US360470485002,13.0
1500000US360050375041,13.0
1500000US360050048001,13.0
1500000US360610184001,13.0
1500000US360470862003,13.0
1500000US360810510002,13.0
1500000US360810171001,13.0
1500000US360810454001,13.0
1500000US360471124002,13.0
1500000US360470508031,13.0
1500000US360470579002,13.0
1500000US360470118002,13.0
1500000US360470009001,13.0
1500000US360810998013,13.0
1500000US360470369003,12.666666666666666
1500000US360470361003,12.666666666666666
1500000US360471196004,12.666666666666666
1500000US360610126001,12.666666666666666
1500000US360610074003,12.666666666666666
1500000US360470085001,12.666666666666666
1500000US360470367001,12.666666666666666
1500000US360470328002,12.666666666666666
1500000US360610055022,12.666666666666666
1500000US360810287003,12.666666666666666
1500000US360610164003,12.666666666666666
1500000US360470511002,12.666666666666666
1500000US360810403001,12.666666666666666
1500000US360470290003,12.666666666666666
1500000US360610083001,12.666666666666666
1500000US360610226003,12.666666666666666
1500000US360811010022,12.666666666666666
1500000US360050077001,12.333333333333334
1500000US360810465001,12.333333333333334
1500000US360610038001,12.333333333333334
1500000US360610127002,12.333333333333334
1500000US360050062003,12.333333333333334
1500000US360610235021,12.333333333333334
1500000US360811032011,12.333333333333334
1500000US360470389003,12.333333333333334
1500000US360470054002,12.333333333333334
1500000US360050371002,12.333333333333334
1500000US360050054004,12.333333333333334
1500000US360811227013,12.333333333333334
1500000US360050431004,12.333333333333334
1500000US360610241005,12.333333333333334
1500000US360050255001,12.333333333333334
1500000US360470555001,12.0
1500000US360470265002,12.0
1500000US360610153003,12.0
1500000US360610082001,12.0
1500000US360610184004,12.0
1500000US360470281003,12.0
1500000US360610293004,12.0
1500000US360610259002,12.0
1500000US360610170001,12.0
1500000US360470326001,12.0
1500000US360470790002,12.0
1500000US360610066001,12.0
1500000US360050392002,12.0
1500000US360810339002,12.0
1500000US360470251003,12.0
1500000US360470912003,12.0
1500000US360050093001,12.0
1500000US360050121021,12.0
1500000US360850231001,12.0
1500000US360050374002,12.0
1500000US360470880001,12.0
1500000US360470554002,12.0
1500000US360610230004,12.0
1500000US360050243001,12.0
1500000US360050093002,12.0
1500000US360850251001,12.0
1500000US360810458001,11.666666666666666
1500000US360470570004,11.666666666666666
1500000US360470433001,11.666666666666666
1500000US360610040003,11.666666666666666
1500000US360470327002,11.666666666666666
1500000US360470369001,11.666666666666666
1500000US360470820003,11.666666666666666
1500000US360470354001,11.666666666666666
1500000US360471166002,11.666666666666666
1500000US360471144003,11.666666666666666
1500000US360050177013,11.666666666666666
1500000US360050399021,11.666666666666666
1500000US360050197003,11.666666666666666
1500000US360610203002,11.666666666666666
1500000US360610229005,11.666666666666666
1500000US360610171002,11.666666666666666
1500000US360050069001,11.666666666666666
1500000US360471220002,11.666666666666666
1500000US360470235001,11.666666666666666
1500000US360610243012,11.666666666666666
1500000US360470806001,11.666666666666666
1500000US360050035002,11.333333333333334
1500000US360470078001,11.333333333333334
1500000US360050129011,11.333333333333334
1500000US360050230001,11.333333333333334
1500000US360471122001,11.333333333333334
1500000US360610016005,11.333333333333334
1500000US360850319011,11.333333333333334
1500000US360610054003,11.333333333333334
1500000US360471174002,11.333333333333334
1500000US360050431005,11.333333333333334
1500000US360050028001,11.333333333333334
1500000US360610291006,11.333333333333334
1500000US360050287003,11.333333333333334
1500000US360050075002,11.333333333333334
1500000US360810799001,11.333333333333334
1500000US360470031003,11.333333333333334
1500000US360610026021,11.333333333333334
1500000US360050141002,11.333333333333334
1500000US360610042001,11.333333333333334
1500000US360610183005,11.333333333333334
1500000US360610237001,11.333333333333334
1500000US360810283004,11.333333333333334
1500000US360050237032,11.333333333333334
1500000US360050379003,11.333333333333334
1500000US360050295001,11.333333333333334
1500000US360470798023,11.333333333333334
1500000US360610059001,11.333333333333334
1500000US360471116002,11.333333333333334
1500000US360050391004,11.333333333333334
1500000US360810711004,11.333333333333334
1500000US360050267021,11.333333333333334
1500000US360050227021,11.333333333333334
1500000US360610112021,11.333333333333334
1500000US360050251003,11.333333333333334
1500000US360050073001,11.333333333333334
1500000US360050255002,11.0
1500000US360610245007,11.0
1500000US360050405011,11.0
1500000US360850201001,11.0
1500000US360050407024,11.0
1500000US360470301003,11.0
1500000US360471152002,11.0
1500000US360050253002,11.0
1500000US360050050013,11.0
1500000US360470868003,11.0
1500000US360470349003,11.0
1500000US360610299001,11.0
1500000US360610235012,11.0
1500000US360610022014,11.0
1500000US360810272001,11.0
1500000US360050067002,11.0
1500000US360810954002,11.0
1500000US360470884001,11.0
1500000US360810992002,11.0
1500000US360470367002,11.0
1500000US360470339003,11.0
1500000US360610159004,11.0
1500000US360470137003,11.0
1500000US360810942011,11.0
1500000US360610226001,11.0
1500000US360810942031,11.0
1500000US360610195003,10.666666666666666
1500000US360050401002,10.666666666666666
1500000US360610155006,10.666666666666666
1500000US360610076002,10.666666666666666
1500000US360050181011,10.666666666666666
1500000US360050391003,10.666666666666666
1500000US360810087001,10.666666666666666
1500000US360610225001,10.666666666666666
1500000US360050426001,10.666666666666666
1500000US360610219003,10.666666666666666
1500000US360810972034,10.666666666666666
1500000US360610170004,10.666666666666666
1500000US360470029012,10.666666666666666
1500000US360610218004,10.666666666666666
1500000US360471150003,10.666666666666666
1500000US360810779043,10.666666666666666
1500000US360050043001,10.666666666666666
1500000US360050386008,10.666666666666666
1500000US360470317011,10.666666666666666
1500000US360610077001,10.666666666666666
1500000US360050039002,10.666666666666666
1500000US360810309031,10.666666666666666
1500000US360050404001,10.333333333333334
1500000US360810277004,10.333333333333334
1500000US360470303003,10.333333333333334
1500000US360810405001,10.333333333333334
1500000US360610065005,10.333333333333334
1500000US360810365002,10.333333333333334
1500000US360050070001,10.333333333333334
1500000US360470213001,10.333333333333334
1500000US360470796021,10.333333333333334
1500000US360470506001,10.333333333333334
1500000US360050141001,10.333333333333334
1500000US360610128005,10.333333333333334
1500000US360610026012,10.333333333333334
1500000US360610148011,10.333333333333334
1500000US360810452001,10.333333333333334
1500000US360050035001,10.333333333333334
1500000US360470429004,10.333333333333334
1500000US360470563002,10.333333333333334
1500000US360050087001,10.333333333333334
1500000US360470387002,10.333333333333334
1500000US360610303002,10.333333333333334
1500000US360810954001,10.333333333333334
1500000US360471126002,10.333333333333334
1500000US360470271001,10.333333333333334
1500000US360810889016,10.333333333333334
1500000US360470361002,10.333333333333334
1500000US360850029001,10.333333333333334
1500000US360810065013,10.333333333333334
1500000US360471106002,10.333333333333334
1500000US360850070001,10.333333333333334
1500000US360610067001,10.333333333333334
1500000US360050025001,10.333333333333334
1500000US360470393002,10.333333333333334
1500000US360471128001,10.333333333333334
1500000US360470552003,10.333333333333334
1500000US360470876001,10.0
1500000US360470495002,10.0
1500000US360810258001,10.0
1500000US360810087002,10.0
1500000US360610151002,10.0
1500000US360050083004,10.0
1500000US360050359001,10.0
1500000US360050068003,10.0
1500000US360810469004,10.0
1500000US360470029011,10.0
1500000US360050067004,10.0
1500000US360050151004,10.0
1500000US360470916004,10.0
1500000US360811010011,10.0
1500000US360470074001,10.0
1500000US360470453002,10.0
1500000US360470311001,10.0
1500000US360050087005,10.0
1500000US360610191005,10.0
1500000US360470507001,10.0
1500000US360610187005,10.0
1500000US360050115021,10.0
1500000US360470076003,10.0
1500000US360610243013,10.0
1500000US360810479002,10.0
1500000US360470387001,10.0
1500000US360471146002,10.0
1500000US360610072004,10.0
1500000US360471198001,10.0
1500000US360610271001,10.0
1500000US360610164001,10.0
1500000US360610024001,10.0
1500000US360610233001,10.0
1500000US360610215001,10.0
1500000US360050389003,10.0
1500000US360050408004,10.0
1500000US360610175005,10.0
1500000US360610148023,10.0
1500000US360470900006,10.0
1500000US360610034004,10.0
1500000US360050153003,10.0
1500000US360050167002,10.0
1500000US360810845003,10.0
1500000US360471156004,10.0
1500000US360470606001,9.666666666666666
1500000US360050421001,9.666666666666666
1500000US360050199001,9.666666666666666
1500000US360810379001,9.666666666666666
1500000US360471134003,9.666666666666666
1500000US360610179006,9.666666666666666
1500000US360850007001,9.666666666666666
1500000US360610048006,9.666666666666666
1500000US360470768001,9.666666666666666
1500000US360850207004,9.666666666666666
1500000US360470906001,9.666666666666666
1500000US360810184011,9.666666666666666
1500000US360050458002,9.666666666666666
1500000US360470896002,9.666666666666666
1500000US360050399012,9.666666666666666
1500000US360810440003,9.666666666666666
1500000US360810352001,9.666666666666666
1500000US360470395002,9.666666666666666
1500000US360050240001,9.666666666666666
1500000US360810401001,9.666666666666666
1500000US360470259021,9.666666666666666
1500000US360050233021,9.666666666666666
1500000US360470512001,9.666666666666666
1500000US360610187004,9.666666666666666
1500000US360050062002,9.666666666666666
1500000US360050225003,9.666666666666666
1500000US360610081001,9.666666666666666
1500000US360050179011,9.666666666666666
1500000US360050051001,9.666666666666666
1500000US360610229001,9.666666666666666
1500000US360850008001,9.666666666666666
1500000US360470342001,9.666666666666666
1500000US360610037003,9.666666666666666
1500000US360470425003,9.666666666666666
1500000US360810071004,9.666666666666666
1500000US360810309021,9.666666666666666
1500000US360810446022,9.666666666666666
1500000US360610205001,9.333333333333334
1500000US360810998011,9.333333333333334
1500000US360050239003,9.333333333333334
1500000US360610036021,9.333333333333334
1500000US360471058044,9.333333333333334
1500000US360470746002,9.333333333333334
1500000US360470185011,9.333333333333334
1500000US360050239002,9.333333333333334
1500000US360050420001,9.333333333333334
1500000US360470818003,9.333333333333334
1500000US360810033001,9.333333333333334
1500000US360610182005,9.333333333333334
1500000US360810258002,9.333333333333334
1500000US360470129013,9.333333333333334
1500000US360470872003,9.333333333333334
1500000US360050393002,9.333333333333334
1500000US360610111003,9.333333333333334
1500000US360610120002,9.333333333333334
1500000US360050462021,9.333333333333334
1500000US360470330003,9.333333333333334
1500000US360471194001,9.333333333333334
1500000US360470104003,9.333333333333334
1500000US360050245023,9.333333333333334
1500000US360470375002,9.333333333333334
1500000US360810098001,9.333333333333334
1500000US360810444002,9.333333333333334
1500000US360610098001,9.333333333333334
1500000US360810284002,9.333333333333334
1500000US360610010023,9.333333333333334
1500000US360610245003,9.333333333333334
1500000US360050090003,9.333333333333334
1500000US360610056001,9.333333333333334
1500000US360810407001,9.333333333333334
1500000US360050210014,9.333333333333334
1500000US360810499002,9.333333333333334
1500000US360470330001,9.0
1500000US360610174013,9.0
1500000US360470880003,9.0
1500000US360610195001,9.0
1500000US360470580002,9.0
1500000US360610242001,9.0
1500000US360810208002,9.0
1500000US360610297001,9.0
1500000US360470353001,9.0
1500000US360470510021,9.0
1500000US360470910001,9.0
1500000US360050173004,9.0
1500000US360050217003,9.0
1500000US360610245001,9.0
1500000US360050179013,9.0
1500000US360810047002,9.0
1500000US360470114003,9.0
1500000US360050289003,9.0
1500000US360470074003,9.0
1500000US360471208003,9.0
1500000US360810972032,9.0
1500000US360050330003,9.0
1500000US360470920002,9.0
1500000US360850064003,9.0
1500000US360610038003,9.0
1500000US360810288002,9.0
1500000US360810998014,9.0
1500000US360470362002,9.0
1500000US360470241002,9.0
1500000US360470058002,9.0
1500000US360810043001,9.0
1500000US360471196003,9.0
1500000US360610232003,9.0
1500000US360610148012,9.0
1500000US360610197021,9.0
1500000US360470359002,9.0
1500000US360810534011,9.0
1500000US360050368001,9.0
1500000US360050149002,9.0
1500000US360050407022,9.0
1500000US360050434001,9.0
1500000US360470575004,9.0
1500000US360810472003,9.0
1500000US360610226002,9.0
1500000US360470351003,9.0
1500000US360810403002,9.0
1500000US360610008006,9.0
1500000US360810273003,9.0
1500000US360810713063,9.0
1500000US360470431001,9.0
1500000US360050403031,8.666666666666666
1500000US360050216011,8.666666666666666
1500000US360810467004,8.666666666666666
1500000US360470692001,8.666666666666666
1500000US360610025002,8.666666666666666
1500000US360050382001,8.666666666666666
1500000US360470600004,8.666666666666666
1500000US360610211005,8.666666666666666
1500000US360810065021,8.666666666666666
1500000US360050041002,8.666666666666666
1500000US360470449004,8.666666666666666
1500000US360850198004,8.666666666666666
1500000US360610206001,8.666666666666666
1500000US360050157002,8.666666666666666
1500000US360810288004,8.666666666666666
1500000US360470818001,8.666666666666666
1500000US360050076005,8.666666666666666
1500000US360470728002,8.666666666666666
1500000US360811567001,8.666666666666666
1500000US360470337003,8.666666666666666
1500000US360610074001,8.666666666666666
1500000US360610034003,8.666666666666666
1500000US360470810002,8.666666666666666
1500000US360850291021,8.666666666666666
1500000US360810266001,8.666666666666666
1500000US360470084002,8.666666666666666
1500000US360050235021,8.666666666666666
1500000US360610032003,8.666666666666666
1500000US360470403002,8.666666666666666
1500000US360470127001,8.666666666666666
1500000US360470374013,8.666666666666666
1500000US360470830004,8.666666666666666
1500000US360050200001,8.333333333333334
1500000US360050189001,8.333333333333334
1500000US360470958002,8.333333333333334
1500000US360050389001,8.333333333333334
1500000US360470802002,8.333333333333334
1500000US360050090001,8.333333333333334
1500000US360470804003,8.333333333333334
1500000US360810259002,8.333333333333334
1500000US360050144003,8.333333333333334
1500000US360050414002,8.333333333333334
1500000US360050379005,8.333333333333334
1500000US360050020001,8.333333333333334
1500000US360810115002,8.333333333333334
1500000US360050076004,8.333333333333334
1500000US360610121002,8.333333333333334
1500000US360610137003,8.333333333333334
1500000US360050119004,8.333333333333334
1500000US360610291003,8.333333333333334
1500000US360050147013,8.333333333333334
1500000US360470572001,8.333333333333334
1500000US360050048002,8.333333333333334
1500000US360470453001,8.333333333333334
1500000US360470828003,8.333333333333334
1500000US360810809007,8.333333333333334
1500000US360050125001,8.333333333333334
1500000US360610239002,8.333333333333334
1500000US360610127003,8.333333333333334
1500000US360610089004,8.333333333333334
1500000US360050429021,8.333333333333334
1500000US360050233022,8.333333333333334
1500000US360050375042,8.333333333333334
1500000US360610224001,8.333333333333334
1500000US360470982001,8.333333333333334
1500000US360810379002,8.333333333333334
1500000US360610218001,8.333333333333334
1500000US360471178001,8.333333333333334
1500000US360050161004,8.333333333333334
1500000US360610016001,8.333333333333334
1500000US360050225002,8.333333333333334
1500000US360610087002,8.333333333333334
1500000US360610291004,8.333333333333334
1500000US360470185012,8.333333333333334
1500000US360610212001,8.333333333333334
1500000US360810500002,8.333333333333334
1500000US360050020003,8.333333333333334
1500000US360850027001,8.333333333333334
1500000US360050383013,8.333333333333334
1500000US360050083006,8.333333333333334
1500000US360850133023,8.333333333333334
1500000US360050195001,8.333333333333334
1500000US360050265004,8.333333333333334
1500000US360610151004,8.0
1500000US360810166002,8.0
1500000US360610072007,8.0
1500000US360850009002,8.0
1500000US360471180001,8.0
1500000US360470428003,8.0
1500000US360470772002,8.0
1500000US360050067005,8.0
1500000US360610194003,8.0
1500000US360470078002,8.0
1500000US360050050023,8.0
1500000US360050052001,8.0
1500000US360610251002,8.0
1500000US360810381003,8.0
1500000US360610283002,8.0
1500000US360470882001,8.0
1500000US360470269002,8.0
1500000US360610064006,8.0
1500000US360610028004,8.0
1500000US360610293005,8.0
1500000US360470553003,8.0
1500000US360610097002,8.0
1500000US360810399003,8.0
1500000US360470246001,8.0
1500000US360470326004,8.0
1500000US360471128002,8.0
1500000US360050399014,8.0
1500000US360050378001,8.0
1500000US360470505003,8.0
1500000US360050361003,8.0
1500000US360470085003,8.0
1500000US360470317023,8.0
1500000US360470527003,8.0
1500000US360470291001,8.0
1500000US360050338001,8.0
1500000US360470514004,8.0
1500000US360610233003,8.0
1500000US360610154004,8.0
1500000US360050379001,8.0
1500000US360610166006,8.0
1500000US360610069001,8.0
1500000US360850207002,8.0
1500000US360471144002,8.0
1500000US360470437002,8.0
1500000US360470122001,8.0
1500000US360850239001,7.666666666666667
1500000US360470321001,7.666666666666667
1500000US360470308001,7.666666666666667
1500000US360471202001,7.666666666666667
1500000US360610197011,7.666666666666667
1500000US360470794002,7.666666666666667
1500000US360050233013,7.666666666666667
1500000US360050348001,7.666666666666667
1500000US360050213012,7.666666666666667
1500000US360810463002,7.666666666666667
1500000US360810859003,7.666666666666667
1500000US360810163003,7.666666666666667
1500000US360610127004,7.666666666666667
1500000US360470355001,7.666666666666667
1500000US360050202002,7.666666666666667
1500000US360470886002,7.666666666666667
1500000US360610271004,7.666666666666667
1500000US360610279002,7.666666666666667
1500000US360050133003,7.666666666666667
1500000US360050241002,7.666666666666667
1500000US360810265001,7.666666666666667
1500000US360050386002,7.666666666666667
1500000US360050414001,7.666666666666667
1500000US360050232002,7.666666666666667
1500000US360471152001,7.666666666666667
1500000US360050071001,7.666666666666667
1500000US360470527004,7.666666666666667
1500000US360470529001,7.666666666666667
1500000US360810113002,7.666666666666667
1500000US360810468002,7.666666666666667
1500000US360471198003,7.666666666666667
1500000US360471120001,7.666666666666667
1500000US360471170002,7.666666666666667
1500000US360610236003,7.666666666666667
1500000US360810703002,7.666666666666667
1500000US360610293003,7.666666666666667
1500000US360810236002,7.666666666666667
1500000US360471124003,7.666666666666667
1500000US360610180002,7.666666666666667
1500000US360050147021,7.666666666666667
1500000US360050211002,7.666666666666667
1500000US360610206002,7.666666666666667
1500000US360610263003,7.666666666666667
1500000US360470329001,7.666666666666667
1500000US360610016003,7.666666666666667
1500000US360610108006,7.666666666666667
1500000US360610135001,7.666666666666667
1500000US360610168001,7.666666666666667
1500000US360810373002,7.666666666666667
1500000US360050289001,7.666666666666667
1500000US360810246001,7.666666666666667
1500000US360470449003,7.666666666666667
1500000US360470283001,7.666666666666667
1500000US360470912002,7.666666666666667
1500000US360050383021,7.666666666666667
1500000US360610233002,7.666666666666667
1500000US360610063001,7.666666666666667
1500000US360050027012,7.666666666666667
1500000US360610236001,7.666666666666667
1500000US360470982002,7.666666666666667
1500000US360810254006,7.666666666666667
1500000US360610279005,7.666666666666667
1500000US360470401003,7.666666666666667
1500000US360471198002,7.666666666666667
1500000US360470149002,7.666666666666667
1500000US360810254003,7.666666666666667
1500000US360471172012,7.666666666666667
1500000US360610164004,7.666666666666667
1500000US360810034001,7.333333333333333
1500000US360470039001,7.333333333333333
1500000US360470080002,7.333333333333333
1500000US360610121005,7.333333333333333
1500000US360470257001,7.333333333333333
1500000US360810040021,7.333333333333333
1500000US360610170002,7.333333333333333
1500000US360850303024,7.333333333333333
1500000US360471196002,7.333333333333333
1500000US360471128003,7.333333333333333
1500000US360050403043,7.333333333333333
1500000US360810143002,7.333333333333333
1500000US360610174012,7.333333333333333
1500000US360050189003,7.333333333333333
1500000US360470299001,7.333333333333333
1500000US360610228001,7.333333333333333
1500000US360810540001,7.333333333333333
1500000US360050420003,7.333333333333333
1500000US360810263001,7.333333333333333
1500000US360470892001,7.333333333333333
1500000US360610183001,7.333333333333333
1500000US360850047001,7.333333333333333
1500000US360810471001,7.333333333333333
1500000US360610175006,7.333333333333333
1500000US360050221023,7.333333333333333
1500000US360810884002,7.333333333333333
1500000US360050050021,7.333333333333333
1500000US360470118001,7.333333333333333
1500000US360470076002,7.333333333333333
1500000US360610075003,7.333333333333333
1500000US360050363003,7.333333333333333
1500000US360470886001,7.333333333333333
1500000US360470449001,7.333333333333333
1500000US360610042002,7.333333333333333
1500000US360050243004,7.333333333333333
1500000US360050358007,7.333333333333333
1500000US360610269004,7.333333333333333
1500000US360470516011,7.333333333333333
1500000US360470249001,7.333333333333333
1500000US360610081004,7.333333333333333
1500000US360050224011,7.333333333333333
1500000US360610189005,7.333333333333333
1500000US360610180001,7.333333333333333
1500000US360470348002,7.333333333333333
1500000US360810254005,7.333333333333333
1500000US360050407023,7.333333333333333
1500000US360810031002,7.333333333333333
1500000US360050330001,7.333333333333333
1500000US360810437011,7.333333333333333
1500000US360050023001,7.333333333333333
1500000US360850029003,7.333333333333333
1500000US360050428001,7.333333333333333
1500000US360610148024,7.333333333333333
1500000US360050163001,7.333333333333333
1500000US360050251006,7.333333333333333
1500000US360471214001,7.333333333333333
1500000US360470284002,7.333333333333333
1500000US360470485001,7.333333333333333
1500000US360810366002,7.333333333333333
1500000US360470277001,7.333333333333333
1500000US360610261001,7.333333333333333
1500000US360050200002,7.333333333333333
1500000US360470191001,7.333333333333333
1500000US360811551024,7.333333333333333
1500000US360810972033,7.333333333333333
1500000US360850133011,7.333333333333333
1500000US360810557001,7.333333333333333
1500000US360610071003,7.333333333333333
1500000US360850029002,7.0
1500000US360471118002,7.0
1500000US360610221021,7.0
1500000US360610249001,7.0
1500000US360610114011,7.0
1500000US360810194002,7.0
1500000US360050405022,7.0
1500000US360610159007,7.0
1500000US360470742002,7.0
1500000US360810779061,7.0
1500000US360810366001,7.0
1500000US360050209004,7.0
1500000US360810062022,7.0
1500000US360470788001,7.0
1500000US360810655011,7.0
1500000US360470491003,7.0
1500000US360470191002,7.0
1500000US360050267013,7.0
1500000US360850011002,7.0
1500000US360610172005,7.0
1500000US360810972041,7.0
1500000US360050222003,7.0
1500000US360810633011,7.0
1500000US360470020001,7.0
1500000US360050403021,7.0
1500000US360470299002,7.0
1500000US360470353002,7.0
1500000US360470516022,7.0
1500000US360470508043,7.0
1500000US360050257001,7.0
1500000US360610230002,7.0
1500000US360610228002,7.0
1500000US360050041001,7.0
1500000US360810219001,7.0
1500000US360050458004,7.0
1500000US360471182022,7.0
1500000US360610036022,7.0
1500000US360610089001,7.0
1500000US360470798012,7.0
1500000US360610232002,7.0
1500000US360471156003,7.0
1500000US360610050004,7.0
1500000US360610293002,7.0
1500000US360050363006,7.0
1500000US360470429001,7.0
1500000US360610223014,7.0
1500000US360810997044,7.0
1500000US360610263004,7.0
1500000US360050269001,7.0
1500000US360470381003,7.0
1500000US360470363003,7.0
1500000US360810278002,7.0
1500000US360470493001,7.0
1500000US360470172001,7.0
1500000US360050044004,7.0
1500000US360850075001,7.0
1500000US360610032004,7.0
1500000US360470283002,7.0
1500000US360050201002,7.0
1500000US360810409001,7.0
1500000US360610216005,7.0
1500000US360810925002,7.0
1500000US360050336002,7.0
1500000US360050173001,7.0
1500000US360050064001,7.0
1500000US360050085002,7.0
1500000US360050409002,7.0
1500000US360610195004,7.0
1500000US360610181003,7.0
1500000US360850122002,7.0
1500000US360050373002,7.0
1500000US360471194003,7.0
1500000US360470379001,7.0
1500000US360470912001,6.666666666666667
1500000US360050229012,6.666666666666667
1500000US360050215024,6.666666666666667
1500000US360050442001,6.666666666666667
1500000US360810432001,6.666666666666667
1500000US360050425005,6.666666666666667
1500000US360810293001,6.666666666666667
1500000US360050217004,6.666666666666667
1500000US360471192002,6.666666666666667
1500000US360050061003,6.666666666666667
1500000US360050218002,6.666666666666667
1500000US360810455005,6.666666666666667
1500000US360050393001,6.666666666666667
1500000US360810158012,6.666666666666667
1500000US360810414003,6.666666666666667
1500000US360471220001,6.666666666666667
1500000US360050042004,6.666666666666667
1500000US360471176022,6.666666666666667
1500000US360050373001,6.666666666666667
1500000US360050237041,6.666666666666667
1500000US360050221012,6.666666666666667
1500000US360471118001,6.666666666666667
1500000US360610189001,6.666666666666667
1500000US360610158011,6.666666666666667
1500000US360050383011,6.666666666666667
1500000US360050406001,6.666666666666667
1500000US360810939001,6.666666666666667
1500000US360050265002,6.666666666666667
1500000US360470543001,6.666666666666667
1500000US360050171001,6.666666666666667
1500000US360470672001,6.666666666666667
1500000US360610218002,6.666666666666667
1500000US360050253004,6.666666666666667
1500000US360050062001,6.666666666666667
1500000US360810577002,6.666666666666667
1500000US360810363002,6.666666666666667
1500000US360610030021,6.666666666666667
1500000US360610293001,6.666666666666667
1500000US360810025002,6.666666666666667
1500000US360810551001,6.666666666666667
1500000US360050093003,6.666666666666667
1500000US360810320003,6.666666666666667
1500000US360471126003,6.666666666666667
1500000US360470878002,6.666666666666667
1500000US360470796012,6.666666666666667
1500000US360810281004,6.666666666666667
1500000US360050374001,6.666666666666667
1500000US360610188001,6.666666666666667
1500000US360050135003,6.666666666666667
1500000US360810444003,6.666666666666667
1500000US360470326002,6.666666666666667
1500000US360050215011,6.666666666666667
1500000US360050033003,6.666666666666667
1500000US360050442002,6.666666666666667
1500000US360050431003,6.666666666666667
1500000US360470896003,6.666666666666667
1500000US360470292001,6.666666666666667
1500000US360810470002,6.666666666666667
1500000US360610269003,6.666666666666667
1500000US360050224031,6.666666666666667
1500000US360050054001,6.666666666666667
1500000US360050044003,6.666666666666667
1500000US360850081003,6.666666666666667
1500000US360470984001,6.666666666666667
1500000US360610171001,6.666666666666667
1500000US360811167001,6.666666666666667
1500000US360471190001,6.666666666666667
1500000US360470343001,6.666666666666667
1500000US360810972042,6.333333333333333
1500000US360050451012,6.333333333333333
1500000US360610220005,6.333333333333333
1500000US360810263002,6.333333333333333
1500000US360470054003,6.333333333333333
1500000US360810062024,6.333333333333333
1500000US360810461001,6.333333333333333
1500000US360050177024,6.333333333333333
1500000US360050421005,6.333333333333333
1500000US360610116001,6.333333333333333
1500000US360610277001,6.333333333333333
1500000US360850112023,6.333333333333333
1500000US360470874011,6.333333333333333
1500000US360810329002,6.333333333333333
1500000US360610242002,6.333333333333333
1500000US360050181022,6.333333333333333
1500000US360050043004,6.333333333333333
1500000US360610218003,6.333333333333333
1500000US360810199002,6.333333333333333
1500000US360470071004,6.333333333333333
1500000US360050133002,6.333333333333333
1500000US360470956002,6.333333333333333
1500000US360610128001,6.333333333333333
1500000US360610241001,6.333333333333333
1500000US360470068002,6.333333333333333
1500000US360471098001,6.333333333333333
1500000US360470080001,6.333333333333333
1500000US360050239006,6.333333333333333
1500000US360610265004,6.333333333333333
1500000US360050391001,6.333333333333333
1500000US360470510022,6.333333333333333
1500000US360050123002,6.333333333333333
1500000US360470395003,6.333333333333333
1500000US360470441001,6.333333333333333
1500000US360050175003,6.333333333333333
1500000US360610146026,6.333333333333333
1500000US360470078003,6.333333333333333
1500000US360610022011,6.333333333333333
1500000US360050149003,6.333333333333333
1500000US360810279003,6.333333333333333
1500000US360610167004,6.333333333333333
1500000US360050288002,6.333333333333333
1500000US360810269022,6.333333333333333
1500000US360810277005,6.333333333333333
1500000US360610140006,6.333333333333333
1500000US360470271002,6.333333333333333
1500000US360050386007,6.333333333333333
1500000US360810846021,6.333333333333333
1500000US360810334012,6.333333333333333
1500000US360610164002,6.333333333333333
1500000US360050145001,6.333333333333333
1500000US360810086001,6.333333333333333
1500000US360470878003,6.333333333333333
1500000US360850040003,6.333333333333333
1500000US360610139001,6.333333333333333
1500000US360610231002,6.333333333333333
1500000US360810627002,6.333333333333333
1500000US360050383023,6.333333333333333
1500000US360610236004,6.333333333333333
1500000US360470276003,6.333333333333333
1500000US360810337002,6.333333333333333
1500000US360050216012,6.333333333333333
1500000US360810180001,6.333333333333333
1500000US360850213002,6.333333333333333
1500000US360470355003,6.333333333333333
1500000US360050195003,6.333333333333333
1500000US360610121003,6.333333333333333
1500000US360610133003,6.333333333333333
1500000US360810582002,6.333333333333333
1500000US360050205011,6.333333333333333
1500000US360050389005,6.333333333333333
1500000US360810166001,6.333333333333333
1500000US360610234002,6.333333333333333
1500000US360810294002,6.333333333333333
1500000US360610213034,6.333333333333333
1500000US360470192002,6.333333333333333
1500000US360470069002,6.333333333333333
1500000US360810028002,6.333333333333333
1500000US360470826003,6.333333333333333
1500000US360470191003,6.333333333333333
1500000US360470311002,6.333333333333333
1500000US360810287002,6.333333333333333
1500000US360470021002,6.333333333333333
1500000US360050213021,6.333333333333333
1500000US360470427001,6.333333333333333
1500000US360050369022,6.333333333333333
1500000US360850009001,6.0
1500000US360850291044,6.0
1500000US360050390001,6.0
1500000US360471152003,6.0
1500000US360610193004,6.0
1500000US360610187006,6.0
1500000US360470892002,6.0
1500000US360610220002,6.0
1500000US360850226004,6.0
1500000US360470220002,6.0
1500000US360610183002,6.0
1500000US360850070003,6.0
1500000US360470493005,6.0
1500000US360050157003,6.0
1500000US360470249002,6.0
1500000US360470814001,6.0
1500000US360050371004,6.0
1500000US360050218005,6.0
1500000US360610020002,6.0
1500000US360050385003,6.0
1500000US360610140001,6.0
1500000US360470098002,6.0
1500000US360811227021,6.0
1500000US360610170003,6.0
1500000US360050239005,6.0
1500000US360810320001,6.0
1500000US360050205012,6.0
1500000US360050411002,6.0
1500000US360470501003,6.0
1500000US360811227025,6.0
1500000US360610307001,6.0
1500000US360610225005,6.0
1500000US360470652001,6.0
1500000US360811010013,6.0
1500000US360810553001,6.0
1500000US360470610041,6.0
1500000US360050422001,6.0
1500000US360470910003,6.0
1500000US360850319022,6.0
1500000US360470860001,6.0
1500000US360050361002,6.0
1500000US360050365012,6.0
1500000US360810603001,6.0
1500000US360470666001,6.0
1500000US360050151002,6.0
1500000US360811267002,6.0
1500000US360471110002,6.0
1500000US360470337001,6.0
1500000US360811265002,6.0
1500000US360610140004,6.0
1500000US360050237033,6.0
1500000US360470219003,6.0
1500000US360811551023,6.0
1500000US360610127005,6.0
1500000US360810156002,6.0
1500000US360050175002,6.0
1500000US360470868001,6.0
1500000US360470557002,6.0
1500000US360050033002,6.0
1500000US360610175007,6.0
1500000US360810261004,6.0
1500000US360610010022,6.0
1500000US360050425006,6.0
1500000US360050173003,6.0
1500000US360470954003,6.0
1500000US360050383022,6.0
1500000US360470884002,6.0
1500000US360470185014,6.0
1500000US360610247002,6.0
1500000US360471126001,6.0
1500000US360810329003,6.0
1500000US360470379002,6.0
1500000US360810204001,6.0
1500000US360810096002,6.0
1500000US360470340001,6.0
1500000US360470916003,6.0
1500000US360050144002,6.0
1500000US360050073003,6.0
1500000US360610223021,6.0
1500000US360470307001,6.0
1500000US360471174001,6.0
1500000US360470864002,6.0
1500000US360050086002,6.0
1500000US360810267003,6.0
1500000US360470347003,6.0
1500000US360810357003,6.0
1500000US360050096002,6.0
1500000US360050406003,6.0
1500000US360470503001,6.0
1500000US360610077004,6.0
1500000US360050372002,6.0
1500000US360610006002,6.0
1500000US360810270001,6.0
1500000US360050227011,6.0
1500000US360810330001,6.0
1500000US360610156012,6.0
1500000US360050425007,6.0
1500000US360470349002,5.666666666666667
1500000US360050255003,5.666666666666667
1500000US360050221021,5.666666666666667
1500000US360610230005,5.666666666666667
1500000US360470890004,5.666666666666667
1500000US360050403032,5.666666666666667
1500000US360471124001,5.666666666666667
1500000US360050179022,5.666666666666667
1500000US360610084001,5.666666666666667
1500000US360050223004,5.666666666666667
1500000US360050079003,5.666666666666667
1500000US360470108003,5.666666666666667
1500000US360050235024,5.666666666666667
1500000US360470932001,5.666666666666667
1500000US360470828002,5.666666666666667
1500000US360470520001,5.666666666666667
1500000US360810236001,5.666666666666667
1500000US360471202002,5.666666666666667
1500000US360470391002,5.666666666666667
1500000US360850181002,5.666666666666667
1500000US360050245021,5.666666666666667
1500000US360470575003,5.666666666666667
1500000US360470486001,5.666666666666667
1500000US360050125002,5.666666666666667
1500000US360050175001,5.666666666666667
1500000US360810469001,5.666666666666667
1500000US360610065003,5.666666666666667
1500000US360610216003,5.666666666666667
1500000US360810085002,5.666666666666667
1500000US360810291004,5.666666666666667
1500000US360810528001,5.666666666666667
1500000US360610229002,5.666666666666667
1500000US360470077003,5.666666666666667
1500000US360050286001,5.666666666666667
1500000US360050399023,5.666666666666667
1500000US360810934023,5.666666666666667
1500000US360610166004,5.666666666666667
1500000US360810945001,5.666666666666667
1500000US360050414004,5.666666666666667
1500000US360470898001,5.666666666666667
1500000US360610229004,5.666666666666667
1500000US360810235004,5.666666666666667
1500000US360470128011,5.666666666666667
1500000US360810394001,5.666666666666667
1500000US360470065003,5.666666666666667
1500000US360050195004,5.666666666666667
1500000US360470179002,5.666666666666667
1500000US360050225001,5.666666666666667
1500000US360050123003,5.666666666666667
1500000US360470315001,5.666666666666667
1500000US360810309032,5.666666666666667
1500000US360610061001,5.666666666666667
1500000US360470874012,5.666666666666667
1500000US360050312002,5.666666666666667
1500000US360610303001,5.666666666666667
1500000US360470402002,5.666666666666667
1500000US360470888003,5.666666666666667
1500000US360610255004,5.666666666666667
1500000US360470512002,5.666666666666667
1500000US360810157001,5.666666666666667
1500000US360050121012,5.666666666666667
1500000US360811347005,5.666666666666667
1500000US360610279004,5.666666666666667
1500000US360471208005,5.666666666666667
1500000US360050460001,5.666666666666667
1500000US360050223003,5.666666666666667
1500000US360470642001,5.666666666666667
1500000US360470786001,5.666666666666667
1500000US360470355002,5.666666666666667
1500000US360470345001,5.666666666666667
1500000US360050167001,5.666666666666667
1500000US360050365011,5.666666666666667
1500000US360470802003,5.666666666666667
1500000US360470233003,5.666666666666667
1500000US360610225004,5.666666666666667
1500000US360471158002,5.666666666666667
1500000US360050244001,5.666666666666667
1500000US360470545005,5.666666666666667
1500000US360050462013,5.666666666666667
1500000US360610180003,5.666666666666667
1500000US360050227013,5.666666666666667
1500000US360470213002,5.666666666666667
1500000US360810656003,5.666666666666667
1500000US360810179002,5.666666666666667
1500000US360470281002,5.666666666666667
1500000US360810334024,5.666666666666667
1500000US360610066002,5.666666666666667
1500000US360050210012,5.666666666666667
1500000US360050373004,5.666666666666667
1500000US360810347002,5.666666666666667
1500000US360810555002,5.666666666666667
1500000US360471146001,5.666666666666667
1500000US360470277004,5.666666666666667
1500000US360050267012,5.666666666666667
1500000US360610261003,5.666666666666667
1500000US360050042005,5.666666666666667
1500000US360050040011,5.666666666666667
1500000US360470916001,5.666666666666667
1500000US360810120002,5.666666666666667
1500000US360810972031,5.666666666666667
1500000US360050358002,5.666666666666667
1500000US360470321004,5.666666666666667
1500000US360850146062,5.666666666666667
1500000US360610224003,5.666666666666667
1500000US360050023002,5.666666666666667
1500000US360470352001,5.666666666666667
1500000US360050409001,5.666666666666667
1500000US360810275002,5.666666666666667
1500000US360470321002,5.666666666666667
1500000US360470820002,5.666666666666667
1500000US360610098002,5.666666666666667
1500000US360810054004,5.333333333333333
1500000US360470190002,5.333333333333333
1500000US360810022002,5.333333333333333
1500000US360610072002,5.333333333333333
1500000US360610032001,5.333333333333333
1500000US360470423002,5.333333333333333
1500000US360470227001,5.333333333333333
1500000US360810271001,5.333333333333333
1500000US360810589002,5.333333333333333
1500000US360850033002,5.333333333333333
1500000US360610261005,5.333333333333333
1500000US360470313003,5.333333333333333
1500000US360050365013,5.333333333333333
1500000US360810309041,5.333333333333333
1500000US360050263005,5.333333333333333
1500000US360610180004,5.333333333333333
1500000US360810849003,5.333333333333333
1500000US360470429003,5.333333333333333
1500000US360471104003,5.333333333333333
1500000US360050158001,5.333333333333333
1500000US360470399001,5.333333333333333
1500000US360810196001,5.333333333333333
1500000US360810413001,5.333333333333333
1500000US360610065002,5.333333333333333
1500000US360810190001,5.333333333333333
1500000US360050394004,5.333333333333333
1500000US360050001001,5.333333333333333
1500000US360470101002,5.333333333333333
1500000US360050456002,5.333333333333333
1500000US360050145003,5.333333333333333
1500000US360810282001,5.333333333333333
1500000US360811072011,5.333333333333333
1500000US360610093006,5.333333333333333
1500000US360050043003,5.333333333333333
1500000US360810194001,5.333333333333333
1500000US360470337002,5.333333333333333
1500000US360810797021,5.333333333333333
1500000US360050093005,5.333333333333333
1500000US360810849001,5.333333333333333
1500000US360810938001,5.333333333333333
1500000US360471184002,5.333333333333333
1500000US360470594021,5.333333333333333
1500000US360470245001,5.333333333333333
1500000US360470356023,5.333333333333333
1500000US360471194002,5.333333333333333
1500000US360470143001,5.333333333333333
1500000US360810260002,5.333333333333333
1500000US360050217001,5.333333333333333
1500000US360470106002,5.333333333333333
1500000US360610068005,5.333333333333333
1500000US360050237042,5.333333333333333
1500000US360470526002,5.333333333333333
1500000US360470519002,5.333333333333333
1500000US360850011001,5.333333333333333
1500000US360810184022,5.333333333333333
1500000US360810998015,5.333333333333333
1500000US360810260001,5.333333333333333
1500000US360050210011,5.333333333333333
1500000US360470296002,5.333333333333333
1500000US360850319023,5.333333333333333
1500000US360471176012,5.333333333333333
1500000US360470748001,5.333333333333333
1500000US360470413001,5.333333333333333
1500000US360810106002,5.333333333333333
1500000US360810654002,5.333333333333333
1500000US360470329002,5.333333333333333
1500000US360810409002,5.333333333333333
1500000US360470523002,5.333333333333333
1500000US360810058001,5.333333333333333
1500000US360850223001,5.333333333333333
1500000US360811227015,5.333333333333333
1500000US360610020001,5.333333333333333
1500000US360050131001,5.333333333333333
1500000US360850105005,5.333333333333333
1500000US360050336003,5.333333333333333
1500000US360610177004,5.333333333333333
1500000US360810065011,5.333333333333333
1500000US360610230001,5.333333333333333
1500000US360810297002,5.333333333333333
1500000US360811301003,5.333333333333333
1500000US360050035003,5.333333333333333
1500000US360470021003,5.333333333333333
1500000US360050067006,5.333333333333333
1500000US360470385001,5.333333333333333
1500000US360610030022,5.333333333333333
1500000US360050075001,5.333333333333333
1500000US360470900007,5.333333333333333
1500000US360050421003,5.333333333333333
1500000US360470261002,5.333333333333333
1500000US360811467001,5.333333333333333
1500000US360810281003,5.333333333333333
1500000US360610043001,5.333333333333333
1500000US360610211004,5.333333333333333
1500000US360050216025,5.333333333333333
1500000US360050189004,5.333333333333333
1500000US360050222001,5.333333333333333
1500000US360050248002,5.333333333333333
1500000US360810309024,5.333333333333333
1500000US360050421004,5.333333333333333
1500000US360050413001,5.333333333333333
1500000US360610122004,5.333333333333333
1500000US360810294003,5.333333333333333
1500000US360471132002,5.333333333333333
1500000US360470800001,5.333333333333333
1500000US360050133001,5.333333333333333
1500000US360050197001,5.333333333333333
1500000US360470900001,5.333333333333333
1500000US360810254004,5.333333333333333
1500000US360610174011,5.333333333333333
1500000US360470868002,5.333333333333333
1500000US360470441002,5.333333333333333
1500000US360810170002,5.333333333333333
1500000US360610285001,5.333333333333333
1500000US360610118008,5.333333333333333
1500000US360810466001,5.333333333333333
1500000US360470696022,5.0
1500000US360471184001,5.0
1500000US360610169003,5.0
1500000US360610056002,5.0
1500000US360810025006,5.0
1500000US360050215022,5.0
1500000US360610163004,5.0
1500000US360050369021,5.0
1500000US360610156013,5.0
1500000US360810328001,5.0
1500000US360610295001,5.0
1500000US360050361005,5.0
1500000US360470435003,5.0
1500000US360610041003,5.0
1500000US360470804001,5.0
1500000US360810415002,5.0
1500000US360810254001,5.0
1500000US360050199003,5.0
1500000US360850187022,5.0
1500000US360470477002,5.0
1500000US360810398001,5.0
1500000US360610241004,5.0
1500000US360050216021,5.0
1500000US360850213001,5.0
1500000US360810182001,5.0
1500000US360470383002,5.0
1500000US360810088001,5.0
1500000US360470275002,5.0
1500000US360050245012,5.0
1500000US360470022003,5.0
1500000US360850105004,5.0
1500000US360470508011,5.0
1500000US360470193004,5.0
1500000US360810929002,5.0
1500000US360470201003,5.0
1500000US360810198001,5.0
1500000US360610269005,5.0
1500000US360050240003,5.0
1500000US360810500001,5.0
1500000US360470409001,5.0
1500000US360810269011,5.0
1500000US360050296001,5.0
1500000US360850064001,5.0
1500000US360610146013,5.0
1500000US360470822004,5.0
1500000US360610263002,5.0
1500000US360610214002,5.0
1500000US360850146042,5.0
1500000US360050358006,5.0
1500000US360471156002,5.0
1500000US360810353001,5.0
1500000US360810102001,5.0
1500000US360470085002,5.0
1500000US360610064001,5.0
1500000US360470160004,5.0
1500000US360810593002,5.0
1500000US360810033004,5.0
1500000US360470021001,5.0
1500000US360470117003,5.0
1500000US360470231002,5.0
1500000US360050052002,5.0
1500000US360610291007,5.0
1500000US360810094001,5.0
1500000US360810600001,5.0
1500000US360470305001,5.0
1500000US360610047001,5.0
1500000US360050027021,5.0
1500000US360470514001,5.0
1500000US360610181006,5.0
1500000US360050218003,5.0
1500000US360810158021,5.0
1500000US360610126003,5.0
1500000US360470531001,5.0
1500000US360610243011,5.0
1500000US360050016004,5.0
1500000US360811257001,5.0
1500000US360810557002,5.0
1500000US360470222003,5.0
1500000US360050185005,5.0
1500000US360610018001,5.0
1500000US360050251001,5.0
1500000US360050068002,5.0
1500000US360470082001,5.0
1500000US360610157008,5.0
1500000US360050233014,5.0
1500000US360050089001,5.0
1500000US360050223002,5.0
1500000US360610211006,5.0
1500000US360050221022,5.0
1500000US360470397001,5.0
1500000US360850114012,5.0
1500000US360810381002,5.0
1500000US360470060001,5.0
1500000US360810454002,5.0
1500000US360610040001,5.0
1500000US360470886003,5.0
1500000US360470307002,5.0
1500000US360810508002,5.0
1500000US360610059002,5.0
1500000US360850134002,5.0
1500000US360470417004,5.0
1500000US360050183023,5.0
1500000US360050149001,5.0
1500000US360050079006,5.0
1500000US360470342003,5.0
1500000US360810411002,5.0
1500000US360050256002,5.0
1500000US360810792002,5.0
1500000US360470898002,5.0
1500000US360471522002,5.0
1500000US360050064004,5.0
1500000US360810371001,5.0
1500000US360610163003,5.0
1500000US360050063005,5.0
1500000US360810489001,5.0
1500000US360810407002,5.0
1500000US360610253002,5.0
1500000US360050326001,5.0
1500000US360610219002,5.0
1500000US360850213003,5.0
1500000US360470341001,5.0
1500000US360050429011,5.0
1500000US360470120001,5.0
1500000US360810493021,5.0
1500000US360810098002,5.0
1500000US360470275001,5.0
1500000US360470505001,5.0
1500000US360050065003,5.0
1500000US360610212003,5.0
1500000US360810144001,5.0
1500000US360470960001,5.0
1500000US360811163004,5.0
1500000US360850146052,5.0
1500000US360050197002,5.0
1500000US360050408002,4.666666666666667
1500000US360470371005,4.666666666666667
1500000US360811032023,4.666666666666667
1500000US360850096011,4.666666666666667
1500000US360050462018,4.666666666666667
1500000US360850097001,4.666666666666667
1500000US360470503002,4.666666666666667
1500000US360470248002,4.666666666666667
1500000US360610179007,4.666666666666667
1500000US360470836002,4.666666666666667
1500000US360050365022,4.666666666666667
1500000US360050204002,4.666666666666667
1500000US360050364001,4.666666666666667
1500000US360050078002,4.666666666666667
1500000US360050023003,4.666666666666667
1500000US360050434002,4.666666666666667
1500000US360610015012,4.666666666666667
1500000US360470409003,4.666666666666667
1500000US360471184003,4.666666666666667
1500000US360050115022,4.666666666666667
1500000US360610038007,4.666666666666667
1500000US360610158022,4.666666666666667
1500000US360810632002,4.666666666666667
1500000US360610117001,4.666666666666667
1500000US360610155004,4.666666666666667
1500000US360610198002,4.666666666666667
1500000US360470900003,4.666666666666667
1500000US360470230003,4.666666666666667
1500000US360470426002,4.666666666666667
1500000US360470998001,4.666666666666667
1500000US360610088001,4.666666666666667
1500000US360470313001,4.666666666666667
1500000US360470964001,4.666666666666667
1500000US360470431004,4.666666666666667
1500000US360610067002,4.666666666666667
1500000US360610182004,4.666666666666667
1500000US360610281002,4.666666666666667
1500000US360810094002,4.666666666666667
1500000US360470513003,4.666666666666667
1500000US360610279003,4.666666666666667
1500000US360470329003,4.666666666666667
1500000US360610273001,4.666666666666667
1500000US360810328002,4.666666666666667
1500000US360810414002,4.666666666666667
1500000US360050179021,4.666666666666667
1500000US360810559001,4.666666666666667
1500000US360810096001,4.666666666666667
1500000US360610165004,4.666666666666667
1500000US360610137005,4.666666666666667
1500000US360470258001,4.666666666666667
1500000US360470386001,4.666666666666667
1500000US360050371001,4.666666666666667
1500000US360470287003,4.666666666666667
1500000US360471130003,4.666666666666667
1500000US360470401001,4.666666666666667
1500000US360810054003,4.666666666666667
1500000US360050004001,4.666666666666667
1500000US360050251005,4.666666666666667
1500000US360050193003,4.666666666666667
1500000US360471160001,4.666666666666667
1500000US360810110002,4.666666666666667
1500000US360810650002,4.666666666666667
1500000US360810151001,4.666666666666667
1500000US360470317022,4.666666666666667
1500000US360610070001,4.666666666666667
1500000US360470780001,4.666666666666667
1500000US360050382002,4.666666666666667
1500000US360470178002,4.666666666666667
1500000US360810196002,4.666666666666667
1500000US360050344002,4.666666666666667
1500000US360810329001,4.666666666666667
1500000US360470838001,4.666666666666667
1500000US360470445001,4.666666666666667
1500000US360810552001,4.666666666666667
1500000US360470443002,4.666666666666667
1500000US360810482001,4.666666666666667
1500000US360050131002,4.666666666666667
1500000US360050399025,4.666666666666667
1500000US360470538003,4.666666666666667
1500000US360470662001,4.666666666666667
1500000US360810524002,4.666666666666667
1500000US360470366002,4.666666666666667
1500000US360050056001,4.666666666666667
1500000US360050389002,4.666666666666667
1500000US360470264003,4.666666666666667
1500000US360610072003,4.666666666666667
1500000US360810164002,4.666666666666667
1500000US360470724002,4.666666666666667
1500000US360470391001,4.666666666666667
1500000US360050423003,4.666666666666667
1500000US360470496001,4.666666666666667
1500000US360610208001,4.666666666666667
1500000US360850248003,4.666666666666667
1500000US360050217002,4.666666666666667
1500000US360050074001,4.666666666666667
1500000US360471522003,4.666666666666667
1500000US360610188004,4.666666666666667
1500000US360470315003,4.666666666666667
1500000US360050222004,4.666666666666667
1500000US360471196001,4.666666666666667
1500000US360050079005,4.666666666666667
1500000US360810464001,4.666666666666667
1500000US360470203001,4.666666666666667
1500000US360610077003,4.666666666666667
1500000US360470074002,4.666666666666667
1500000US360810409003,4.666666666666667
1500000US360470437003,4.666666666666667
1500000US360471116001,4.666666666666667
1500000US360610152002,4.666666666666667
1500000US360810206001,4.666666666666667
1500000US360610073006,4.666666666666667
1500000US360470222001,4.666666666666667
1500000US360810440001,4.666666666666667
1500000US360470328001,4.666666666666667
1500000US360470119002,4.666666666666667
1500000US360610078004,4.666666666666667
1500000US360610032002,4.666666666666667
1500000US360610145001,4.666666666666667
1500000US360810306004,4.666666666666667
1500000US360470740002,4.666666666666667
1500000US360470023003,4.666666666666667
1500000US360471160002,4.666666666666667
1500000US360050135001,4.666666666666667
1500000US360050381005,4.666666666666667
1500000US360810837001,4.666666666666667
1500000US360471192001,4.333333333333333
1500000US360050395002,4.333333333333333
1500000US360810377001,4.333333333333333
1500000US360470986001,4.333333333333333
1500000US360470231003,4.333333333333333
1500000US360850029004,4.333333333333333
1500000US360810334025,4.333333333333333
1500000US360810426001,4.333333333333333
1500000US360050209002,4.333333333333333
1500000US360050177011,4.333333333333333
1500000US360470854002,4.333333333333333
1500000US360610317032,4.333333333333333
1500000US360050060001,4.333333333333333
1500000US360470896001,4.333333333333333
1500000US360810273005,4.333333333333333
1500000US360050269002,4.333333333333333
1500000US360470199002,4.333333333333333
1500000US360610006005,4.333333333333333
1500000US360470031002,4.333333333333333
1500000US360470065007,4.333333333333333
1500000US360470528002,4.333333333333333
1500000US360610154001,4.333333333333333
1500000US360470818002,4.333333333333333
1500000US360471168002,4.333333333333333
1500000US360470345002,4.333333333333333
1500000US360050338004,4.333333333333333
1500000US360470252002,4.333333333333333
1500000US360470542002,4.333333333333333
1500000US360050462023,4.333333333333333
1500000US360470918001,4.333333333333333
1500000US360810276001,4.333333333333333
1500000US360050462016,4.333333333333333
1500000US360050086003,4.333333333333333
1500000US360810158013,4.333333333333333
1500000US360470088001,4.333333333333333
1500000US360610136004,4.333333333333333
1500000US360470509001,4.333333333333333
1500000US360850223002,4.333333333333333
1500000US360811123002,4.333333333333333
1500000US360470497003,4.333333333333333
1500000US360050193002,4.333333333333333
1500000US360470188001,4.333333333333333
1500000US360050117002,4.333333333333333
1500000US360470537002,4.333333333333333
1500000US360470259011,4.333333333333333
1500000US360470419001,4.333333333333333
1500000US360471186001,4.333333333333333
1500000US360850170121,4.333333333333333
1500000US360810892005,4.333333333333333
1500000US360470046001,4.333333333333333
1500000US360471142012,4.333333333333333
1500000US360810367002,4.333333333333333
1500000US360050393006,4.333333333333333
1500000US360050375043,4.333333333333333
1500000US360050210016,4.333333333333333
1500000US360050295002,4.333333333333333
1500000US360810625002,4.333333333333333
1500000US360050227012,4.333333333333333
1500000US360470101001,4.333333333333333
1500000US360050396002,4.333333333333333
1500000US360471208001,4.333333333333333
1500000US360050230002,4.333333333333333
1500000US360471134002,4.333333333333333
1500000US360810238002,4.333333333333333
1500000US360850036001,4.333333333333333
1500000US360470364001,4.333333333333333
1500000US360810641021,4.333333333333333
1500000US360470289004,4.333333333333333
1500000US360050205014,4.333333333333333
1500000US360470569001,4.333333333333333
1500000US360471120002,4.333333333333333
1500000US360610002024,4.333333333333333
1500000US360610213032,4.333333333333333
1500000US360470784002,4.333333333333333
1500000US360471006001,4.333333333333333
1500000US360850059001,4.333333333333333
1500000US360610108007,4.333333333333333
1500000US360050197005,4.333333333333333
1500000US360610194002,4.333333333333333
1500000US360050209001,4.333333333333333
1500000US360810181022,4.333333333333333
1500000US360470359001,4.333333333333333
1500000US360050396003,4.333333333333333
1500000US360810512001,4.333333333333333
1500000US360470884003,4.333333333333333
1500000US360810272002,4.333333333333333
1500000US360610066005,4.333333333333333
1500000US360850112022,4.333333333333333
1500000US360810457001,4.333333333333333
1500000US360470720001,4.333333333333333
1500000US360471188003,4.333333333333333
1500000US360810306003,4.333333333333333
1500000US360470866003,4.333333333333333
1500000US360050229022,4.333333333333333
1500000US360050266023,4.333333333333333
1500000US360610133002,4.333333333333333
1500000US360610227002,4.333333333333333
1500000US360850112011,4.333333333333333
1500000US360610080002,4.333333333333333
1500000US360470900004,4.333333333333333
1500000US360810589003,4.333333333333333
1500000US360050386004,4.333333333333333
1500000US360470828001,4.333333333333333
1500000US360470936002,4.333333333333333
1500000US360850017002,4.333333333333333
1500000US360810100002,4.333333333333333
1500000US360810033003,4.333333333333333
1500000US360610166003,4.333333333333333
1500000US360470780002,4.333333333333333
1500000US360610072005,4.333333333333333
1500000US360610050002,4.333333333333333
1500000US360470876002,4.333333333333333
1500000US360470578002,4.333333333333333
1500000US360050328003,4.333333333333333
1500000US360850303021,4.333333333333333
1500000US360610295003,4.333333333333333
1500000US360050241005,4.333333333333333
1500000US360810061001,4.333333333333333
1500000US360050399024,4.333333333333333
1500000US360050025005,4.333333333333333
1500000US360610041005,4.333333333333333
1500000US360470249003,4.333333333333333
1500000US360610041006,4.333333333333333
1500000US360050389004,4.333333333333333
1500000US360470297003,4.333333333333333
1500000US360470850001,4.333333333333333
1500000US360470774002,4.333333333333333
1500000US360610253001,4.333333333333333
1500000US360050213022,4.333333333333333
1500000US360050328002,4.333333333333333
1500000US360050062005,4.333333333333333
1500000US360470100003,4.333333333333333
1500000US360810062023,4.333333333333333
1500000US360610065004,4.333333333333333
1500000US360610245002,4.333333333333333
1500000US360470304001,4.333333333333333
1500000US360470303002,4.333333333333333
1500000US360050042007,4.333333333333333
1500000US360470438002,4.333333333333333
1500000US360470003015,4.333333333333333
1500000US360470882004,4.333333333333333
1500000US360470822002,4.333333333333333
1500000US360810327002,4.333333333333333
1500000US360470193002,4.333333333333333
1500000US360850105002,4.333333333333333
1500000US360050348003,4.333333333333333
1500000US360470840001,4.333333333333333
1500000US360050072003,4.333333333333333
1500000US360470970001,4.333333333333333
1500000US360810484002,4.333333333333333
1500000US360610177001,4.333333333333333
1500000US360050072002,4.333333333333333
1500000US360470374021,4.333333333333333
1500000US360050365021,4.333333333333333
1500000US360470369004,4.333333333333333
1500000US360470902004,4.333333333333333
1500000US360050328001,4.333333333333333
1500000US360470062002,4.0
1500000US360811551021,4.0
1500000US360810363001,4.0
1500000US360610171003,4.0
1500000US360810383011,4.0
1500000US360610002011,4.0
1500000US360610257003,4.0
1500000US360850226001,4.0
1500000US360470335002,4.0
1500000US360470816002,4.0
1500000US360810683001,4.0
1500000US360471186002,4.0
1500000US360610223011,4.0
1500000US360050133004,4.0
1500000US360470484001,4.0
1500000US360610179005,4.0
1500000US360470370002,4.0
1500000US360470427004,4.0
1500000US360050224042,4.0
1500000US360810797014,4.0
1500000US360050076002,4.0
1500000US360050405013,4.0
1500000US360470389002,4.0
1500000US360850081001,4.0
1500000US360810892003,4.0
1500000US360471110001,4.0
1500000US360470336002,4.0
1500000US360470549002,4.0
1500000US360610067003,4.0
1500000US360470382003,4.0
1500000US360470387003,4.0
1500000US360470399002,4.0
1500000US360050157001,4.0
1500000US360470447001,4.0
1500000US360810059003,4.0
1500000US360050215021,4.0
1500000US360050181023,4.0
1500000US360050193001,4.0
1500000US360050442005,4.0
1500000US360470423001,4.0
1500000US360050162002,4.0
1500000US360811010021,4.0
1500000US360810294006,4.0
1500000US360470518002,4.0
1500000US360810158022,4.0
1500000US360471188001,4.0
1500000US360810273001,4.0
1500000US360050462014,4.0
1500000US360810401003,4.0
1500000US360470493003,4.0
1500000US360810551004,4.0
1500000US360810033002,4.0
1500000US360811385013,4.0
1500000US360470420002,4.0
1500000US360810414001,4.0
1500000US360610130003,4.0
1500000US360610253005,4.0
1500000US360810481003,4.0
1500000US360610028002,4.0
1500000US360050395001,4.0
1500000US360470260003,4.0
1500000US360810814002,4.0
1500000US360050434004,4.0
1500000US360470422002,4.0
1500000US360850021001,4.0
1500000US360610030014,4.0
1500000US360470690001,4.0
1500000US360810124002,4.0
1500000US360470141003,4.0
1500000US360810531003,4.0
1500000US360471166001,4.0
1500000US360471200001,4.0
1500000US360470214002,4.0
1500000US360470366003,4.0
1500000US360850146044,4.0
1500000US360850247001,4.0
1500000US360810547001,4.0
1500000US360810264002,4.0
1500000US360470108001,4.0
1500000US360470192001,4.0
1500000US360050458001,4.0
1500000US360470178001,4.0
1500000US360810680003,4.0
1500000US360810083002,4.0
1500000US360850181003,4.0
1500000US360850040001,4.0
1500000US360050127011,4.0
1500000US360470256001,4.0
1500000US360050279002,4.0
1500000US360850213005,4.0
1500000US360470059002,4.0
1500000US360810069002,4.0
1500000US360810178001,4.0
1500000US360470722001,4.0
1500000US360470856003,4.0
1500000US360050027022,4.0
1500000US360810415001,4.0
1500000US360610227001,4.0
1500000US360610243023,4.0
1500000US360470890001,4.0
1500000US360470445002,4.0
1500000US360470478003,4.0
1500000US360470295002,4.0
1500000US360610037001,4.0
1500000US360810987002,4.0
1500000US360470251001,4.0
1500000US360050516003,4.0
1500000US360050250001,4.0
1500000US360471142021,4.0
1500000US360471166003,4.0
1500000US360810411001,4.0
1500000US360050185004,4.0
1500000US360610230003,4.0
1500000US360470415003,4.0
1500000US360610214001,4.0
1500000US360050042002,4.0
1500000US360470798021,4.0
1500000US360810493022,4.0
1500000US360050361001,4.0
1500000US360470449002,4.0
1500000US360470386002,4.0
1500000US360810539003,4.0
1500000US360470400003,4.0
1500000US360470382002,4.0
1500000US360810394003,4.0
1500000US360050330002,4.0
1500000US360050376002,4.0
1500000US360470493004,4.0
1500000US360470098001,4.0
1500000US360470397002,4.0
1500000US360810155001,4.0
1500000US360610091003,4.0
1500000US360810427002,4.0
1500000US360470023002,4.0
1500000US360050252001,4.0
1500000US360610138004,4.0
1500000US360810267001,4.0
1500000US360610227003,4.0
1500000US360050293022,4.0
1500000US360610208003,4.0
1500000US360471164003,4.0
1500000US360050075004,4.0
1500000US360470412001,4.0
1500000US360470385003,4.0
1500000US360610037002,4.0
1500000US360050419004,4.0
1500000US360470365011,4.0
1500000US360810595003,4.0
1500000US360471122002,4.0
1500000US360470523005,4.0
1500000US360470782002,4.0
1500000US360810837002,4.0
1500000US360810240003,4.0
1500000US360810618002,4.0
1500000US360810174001,4.0
1500000US360810549002,4.0
1500000US360810055001,3.6666666666666665
1500000US360810598002,3.6666666666666665
1500000US360850040006,3.6666666666666665
1500000US360050395003,3.6666666666666665
1500000US360810769012,3.6666666666666665
1500000US360471162001,3.6666666666666665
1500000US360470526001,3.6666666666666665
1500000US360470527005,3.6666666666666665
1500000US360470437004,3.6666666666666665
1500000US360050394001,3.6666666666666665
1500000US360610064004,3.6666666666666665
1500000US360050267026,3.6666666666666665
1500000US360610002021,3.6666666666666665
1500000US360470516013,3.6666666666666665
1500000US360610106022,3.6666666666666665
1500000US360610247005,3.6666666666666665
1500000US360610133004,3.6666666666666665
1500000US360470161001,3.6666666666666665
1500000US360471214002,3.6666666666666665
1500000US360050042001,3.6666666666666665
1500000US360050075003,3.6666666666666665
1500000US360470550001,3.6666666666666665
1500000US360050216024,3.6666666666666665
1500000US360850020021,3.6666666666666665
1500000US360810861002,3.6666666666666665
1500000US360050300001,3.6666666666666665
1500000US360610025001,3.6666666666666665
1500000US360810595001,3.6666666666666665
1500000US360050398002,3.6666666666666665
1500000US360470834001,3.6666666666666665
1500000US360470069001,3.6666666666666665
1500000US360050249001,3.6666666666666665
1500000US360470944014,3.6666666666666665
1500000US360050205023,3.6666666666666665
1500000US360610212004,3.6666666666666665
1500000US360471237001,3.6666666666666665
1500000US360810437021,3.6666666666666665
1500000US360610287001,3.6666666666666665
1500000US360470074004,3.6666666666666665
1500000US360810361002,3.6666666666666665
1500000US360810530002,3.6666666666666665
1500000US360470369002,3.6666666666666665
1500000US360610261002,3.6666666666666665
1500000US360810006003,3.6666666666666665
1500000US360610193005,3.6666666666666665
1500000US360050462025,3.6666666666666665
1500000US360470492002,3.6666666666666665
1500000US360050210022,3.6666666666666665
1500000US360810467003,3.6666666666666665
1500000US360610269002,3.6666666666666665
1500000US360470894004,3.6666666666666665
1500000US360050462022,3.6666666666666665
1500000US360810857001,3.6666666666666665
1500000US360050072001,3.6666666666666665
1500000US360610265003,3.6666666666666665
1500000US360470441003,3.6666666666666665
1500000US360610071004,3.6666666666666665
1500000US360050153002,3.6666666666666665
1500000US360050332013,3.6666666666666665
1500000US360610167001,3.6666666666666665
1500000US360810110001,3.6666666666666665
1500000US360610145002,3.6666666666666665
1500000US360810142022,3.6666666666666665
1500000US360470086001,3.6666666666666665
1500000US360810803011,3.6666666666666665
1500000US360610228004,3.6666666666666665
1500000US360471176021,3.6666666666666665
1500000US360470360011,3.6666666666666665
1500000US360050092005,3.6666666666666665
1500000US360810025001,3.6666666666666665
1500000US360470968002,3.6666666666666665
1500000US360810099001,3.6666666666666665
1500000US360470221002,3.6666666666666665
1500000US360610309002,3.6666666666666665
1500000US360810478001,3.6666666666666665
1500000US360471168001,3.6666666666666665
1500000US360050380002,3.6666666666666665
1500000US360610201011,3.6666666666666665
1500000US360050273003,3.6666666666666665
1500000US360610237002,3.6666666666666665
1500000US360050033001,3.6666666666666665
1500000US360610151003,3.6666666666666665
1500000US360470383001,3.6666666666666665
1500000US360610067004,3.6666666666666665
1500000US360810265002,3.6666666666666665
1500000US360810892007,3.6666666666666665
1500000US360470576001,3.6666666666666665
1500000US360050092003,3.6666666666666665
1500000US360810849002,3.6666666666666665
1500000US360610255003,3.6666666666666665
1500000US360850151001,3.6666666666666665
1500000US360470517002,3.6666666666666665
1500000US360810117003,3.6666666666666665
1500000US360050215025,3.6666666666666665
1500000US360610043002,3.6666666666666665
1500000US360470766001,3.6666666666666665
1500000US360050179023,3.6666666666666665
1500000US360470319003,3.6666666666666665
1500000US360610016004,3.6666666666666665
1500000US360810938002,3.6666666666666665
1500000US360470373002,3.6666666666666665
1500000US360610059003,3.6666666666666665
1500000US360810327001,3.6666666666666665
1500000US360050241001,3.6666666666666665
1500000US360470333002,3.6666666666666665
1500000US360050404002,3.6666666666666665
1500000US360470218001,3.6666666666666665
1500000US360050391002,3.6666666666666665
1500000US360470888002,3.6666666666666665
1500000US360810008002,3.6666666666666665
1500000US360470084001,3.6666666666666665
1500000US360470918002,3.6666666666666665
1500000US360470261003,3.6666666666666665
1500000US360610191003,3.6666666666666665
1500000US360050370003,3.6666666666666665
1500000US360470342002,3.6666666666666665
1500000US360470946001,3.6666666666666665
1500000US360050025003,3.6666666666666665
1500000US360470916002,3.6666666666666665
1500000US360470830003,3.6666666666666665
1500000US360470339002,3.6666666666666665
1500000US360811008012,3.6666666666666665
1500000US360811205001,3.6666666666666665
1500000US360810159002,3.6666666666666665
1500000US360810803021,3.6666666666666665
1500000US360810427001,3.6666666666666665
1500000US360810384001,3.6666666666666665
1500000US360810803013,3.6666666666666665
1500000US360470082003,3.6666666666666665
1500000US360810058002,3.6666666666666665
1500000US360470127002,3.6666666666666665
1500000US360050422002,3.6666666666666665
1500000US360810184021,3.6666666666666665
1500000US360050419001,3.6666666666666665
1500000US360470533001,3.6666666666666665
1500000US360610195005,3.6666666666666665
1500000US360470569002,3.6666666666666665
1500000US360810535001,3.6666666666666665
1500000US360470513001,3.6666666666666665
1500000US360470112001,3.6666666666666665
1500000US360811377001,3.6666666666666665
1500000US360610041004,3.6666666666666665
1500000US360050336006,3.6666666666666665
1500000US360050337003,3.6666666666666665
1500000US360610034002,3.6666666666666665
1500000US360810987001,3.6666666666666665
1500000US360810934021,3.6666666666666665
1500000US360610162004,3.6666666666666665
1500000US360810539001,3.6666666666666665
1500000US360610121006,3.6666666666666665
1500000US360810130002,3.6666666666666665
1500000US360471020001,3.6666666666666665
1500000US360810376002,3.6666666666666665
1500000US360470226001,3.6666666666666665
1500000US360050302005,3.6666666666666665
1500000US360810361001,3.6666666666666665
1500000US360810039001,3.6666666666666665
1500000US360610255001,3.6666666666666665
1500000US360470534003,3.6666666666666665
1500000US360610153002,3.6666666666666665
1500000US360470489002,3.6666666666666665
1500000US360050175006,3.6666666666666665
1500000US360050407021,3.6666666666666665
1500000US360850244013,3.6666666666666665
1500000US360470944021,3.6666666666666665
1500000US360050020005,3.6666666666666665
1500000US360810045003,3.6666666666666665
1500000US360050238001,3.6666666666666665
1500000US360850151005,3.6666666666666665
1500000US360610049002,3.6666666666666665
1500000US360470130004,3.6666666666666665
1500000US360050152002,3.6666666666666665
1500000US360610224004,3.6666666666666665
1500000US360470792001,3.6666666666666665
1500000US360050431006,3.6666666666666665
1500000US360471182012,3.6666666666666665
1500000US360470938002,3.6666666666666665
1500000US360470802001,3.6666666666666665
1500000US360050215013,3.6666666666666665
1500000US360050261001,3.6666666666666665
1500000US360811417005,3.6666666666666665
1500000US360050185002,3.6666666666666665
1500000US360050224041,3.6666666666666665
1500000US360470409002,3.6666666666666665
1500000US360050326002,3.3333333333333335
1500000US360470251002,3.3333333333333335
1500000US360810279004,3.3333333333333335
1500000US360810779051,3.3333333333333335
1500000US360050212004,3.3333333333333335
1500000US360470388003,3.3333333333333335
1500000US360471130004,3.3333333333333335
1500000US360810434001,3.3333333333333335
1500000US360470682001,3.3333333333333335
1500000US360470078004,3.3333333333333335
1500000US360810283001,3.3333333333333335
1500000US360810479001,3.3333333333333335
1500000US360470497002,3.3333333333333335
1500000US360050273001,3.3333333333333335
1500000US360470432003,3.3333333333333335
1500000US360470580001,3.3333333333333335
1500000US360610130004,3.3333333333333335
1500000US360810172002,3.3333333333333335
1500000US360610111002,3.3333333333333335
1500000US360810007001,3.3333333333333335
1500000US360470102001,3.3333333333333335
1500000US360810257001,3.3333333333333335
1500000US360470088002,3.3333333333333335
1500000US360470994001,3.3333333333333335
1500000US360470846002,3.3333333333333335
1500000US360810283005,3.3333333333333335
1500000US360470405001,3.3333333333333335
1500000US360470220004,3.3333333333333335
1500000US360471172022,3.3333333333333335
1500000US360471182021,3.3333333333333335
1500000US360470361001,3.3333333333333335
1500000US360810939003,3.3333333333333335
1500000US360050267023,3.3333333333333335
1500000US360610087004,3.3333333333333335
1500000US360470578001,3.3333333333333335
1500000US360610269001,3.3333333333333335
1500000US360471172011,3.3333333333333335
1500000US360050405024,3.3333333333333335
1500000US360610134008,3.3333333333333335
1500000US360470399003,3.3333333333333335
1500000US360470321003,3.3333333333333335
1500000US360470622001,3.3333333333333335
1500000US360470527007,3.3333333333333335
1500000US360471058013,3.3333333333333335
1500000US360810460001,3.3333333333333335
1500000US360050430002,3.3333333333333335
1500000US360810859002,3.3333333333333335
1500000US360470228001,3.3333333333333335
1500000US360610120003,3.3333333333333335
1500000US360050215012,3.3333333333333335
1500000US360811008022,3.3333333333333335
1500000US360050202001,3.3333333333333335
1500000US360810158011,3.3333333333333335
1500000US360470433003,3.3333333333333335
1500000US360470427002,3.3333333333333335
1500000US360470894003,3.3333333333333335
1500000US360610015021,3.3333333333333335
1500000US360471132001,3.3333333333333335
1500000US360470365012,3.3333333333333335
1500000US360810002002,3.3333333333333335
1500000US360050229023,3.3333333333333335
1500000US360850239002,3.3333333333333335
1500000US360610184003,3.3333333333333335
1500000US360050367001,3.3333333333333335
1500000US360050367002,3.3333333333333335
1500000US360470547001,3.3333333333333335
1500000US360470477001,3.3333333333333335
1500000US360610002012,3.3333333333333335
1500000US360810280001,3.3333333333333335
1500000US360810271005,3.3333333333333335
1500000US360810186001,3.3333333333333335
1500000US360610181002,3.3333333333333335
1500000US360810330005,3.3333333333333335
1500000US360050419005,3.3333333333333335
1500000US360470860003,3.3333333333333335
1500000US360810016001,3.3333333333333335
1500000US360470319002,3.3333333333333335
1500000US360470127003,3.3333333333333335
1500000US360050388001,3.3333333333333335
1500000US360810399002,3.3333333333333335
1500000US360050051003,3.3333333333333335
1500000US360470323003,3.3333333333333335
1500000US360810855002,3.3333333333333335
1500000US360471190002,3.3333333333333335
1500000US360050328004,3.3333333333333335
1500000US360050404003,3.3333333333333335
1500000US360050396001,3.3333333333333335
1500000US360810309033,3.3333333333333335
1500000US360470964002,3.3333333333333335
1500000US360610032007,3.3333333333333335
1500000US360050074002,3.3333333333333335
1500000US360050050014,3.3333333333333335
1500000US360050004002,3.3333333333333335
1500000US360050020002,3.3333333333333335
1500000US360610014011,3.3333333333333335
1500000US360610170005,3.3333333333333335
1500000US360810205001,3.3333333333333335
1500000US360610189002,3.3333333333333335
1500000US360810264001,3.3333333333333335
1500000US360470327001,3.3333333333333335
1500000US360050425001,3.3333333333333335
1500000US360470491001,3.3333333333333335
1500000US360470159001,3.3333333333333335
1500000US360810183005,3.3333333333333335
1500000US360810297001,3.3333333333333335
1500000US360810680004,3.3333333333333335
1500000US360470069004,3.3333333333333335
1500000US360610157007,3.3333333333333335
1500000US360470866001,3.3333333333333335
1500000US360810050001,3.3333333333333335
1500000US360610127001,3.3333333333333335
1500000US360470586001,3.3333333333333335
1500000US360610059004,3.3333333333333335
1500000US360050379002,3.3333333333333335
1500000US360850248002,3.3333333333333335
1500000US360810087003,3.3333333333333335
1500000US360470373003,3.3333333333333335
1500000US360610006004,3.3333333333333335
1500000US360610203001,3.3333333333333335
1500000US360050175004,3.3333333333333335
1500000US360470139003,3.3333333333333335
1500000US360470790001,3.3333333333333335
1500000US360610055012,3.3333333333333335
1500000US360050050012,3.3333333333333335
1500000US360050283002,3.3333333333333335
1500000US360050098005,3.3333333333333335
1500000US360050451011,3.3333333333333335
1500000US360470950001,3.3333333333333335
1500000US360470129012,3.3333333333333335
1500000US360050418004,3.3333333333333335
1500000US360471026001,3.3333333333333335
1500000US360810582001,3.3333333333333335
1500000US360050042003,3.3333333333333335
1500000US360610184002,3.3333333333333335
1500000US360610205002,3.3333333333333335
1500000US360610263005,3.3333333333333335
1500000US360470431002,3.3333333333333335
1500000US360470153002,3.3333333333333335
1500000US360050387002,3.3333333333333335
1500000US360610097003,3.3333333333333335
1500000US360850146061,3.3333333333333335
1500000US360470584001,3.3333333333333335
1500000US360610238021,3.3333333333333335
1500000US360470514003,3.3333333333333335
1500000US360470359004,3.3333333333333335
1500000US360470094001,3.3333333333333335
1500000US360850198001,3.3333333333333335
1500000US360471522001,3.3333333333333335
1500000US360810357002,3.3333333333333335
1500000US360610235011,3.3333333333333335
1500000US360610090005,3.3333333333333335
1500000US360810274001,3.3333333333333335
1500000US360470253003,3.3333333333333335
1500000US360470418001,3.3333333333333335
1500000US360470806002,3.3333333333333335
1500000US360470726001,3.3333333333333335
1500000US360610089005,3.3333333333333335
1500000US360810991004,3.3333333333333335
1500000US360810853003,3.3333333333333335
1500000US360470608001,3.3333333333333335
1500000US360811047005,3.3333333333333335
1500000US360810540002,3.3333333333333335
1500000US360470141001,3.3333333333333335
1500000US360470289002,3.3333333333333335
1500000US360810254002,3.3333333333333335
1500000US360470722002,3.3333333333333335
1500000US360470112004,3.3333333333333335
1500000US360850134001,3.3333333333333335
1500000US360810484004,3.3333333333333335
1500000US360810147003,3.3333333333333335
1500000US360470068003,3.3333333333333335
1500000US360470890002,3.3333333333333335
1500000US360610028001,3.3333333333333335
1500000US360810739005,3.3333333333333335
1500000US360810190002,3.3333333333333335
1500000US360810462001,3.3333333333333335
1500000US360470504003,3.3333333333333335
1500000US360810277002,3.3333333333333335
1500000US360050288003,3.3333333333333335
1500000US360471010002,3.3333333333333335
1500000US360470341002,3.3333333333333335
1500000US360610030013,3.3333333333333335
1500000US360810679003,3.3333333333333335
1500000US360850133021,3.3333333333333335
1500000US360050213024,3.3333333333333335
1500000US360810063001,3.3333333333333335
1500000US360470303001,3.3333333333333335
1500000US360610295002,3.3333333333333335
1500000US360050348002,3.3333333333333335
1500000US360470253001,3.3333333333333335
1500000US360850189011,3.3333333333333335
1500000US360050085005,3.3333333333333335
1500000US360811227023,3.3333333333333335
1500000US360470990001,3.3333333333333335
1500000US360470289001,3.3333333333333335
1500000US360050372001,3.3333333333333335
1500000US360050336005,3.3333333333333335
1500000US360471150001,3.3333333333333335
1500000US360470020002,3.3333333333333335
1500000US360610073002,3.3333333333333335
1500000US360810152002,3.3333333333333335
1500000US360470133002,3.3333333333333335
1500000US360810365001,3.3333333333333335
1500000US360810309025,3.3333333333333335
1500000US360810016002,3.3333333333333335
1500000US360850105001,3.3333333333333335
1500000US360050387003,3.0
1500000US360810526001,3.0
1500000US360050222002,3.0
1500000US360050235023,3.0
1500000US360811161001,3.0
1500000US360050364003,3.0
1500000US360470278001,3.0
1500000US360470356011,3.0
1500000US360810105002,3.0
1500000US360810534012,3.0
1500000US360470045001,3.0
1500000US360050209003,3.0
1500000US360810743001,3.0
1500000US360470065006,3.0
1500000US360810739004,3.0
1500000US360050324002,3.0
1500000US360810061003,3.0
1500000US360610287003,3.0
1500000US360610146012,3.0
1500000US360470219001,3.0
1500000US360050211001,3.0
1500000US360050340003,3.0
1500000US360610238011,3.0
1500000US360610255002,3.0
1500000US360810492001,3.0
1500000US360810028001,3.0
1500000US360610173005,3.0
1500000US360470257002,3.0
1500000US360050025002,3.0
1500000US360470670001,3.0
1500000US360470305003,3.0
1500000US360470554003,3.0
1500000US360810291002,3.0
1500000US360050263003,3.0
1500000US360470403001,3.0
1500000US360610187003,3.0
1500000US360810555001,3.0
1500000US360850114023,3.0
1500000US360811479003,3.0
1500000US360810061004,3.0
1500000US360470068004,3.0
1500000US360610118004,3.0
1500000US360850074002,3.0
1500000US360470121001,3.0
1500000US360470437001,3.0
1500000US360610165005,3.0
1500000US360810567003,3.0
1500000US360470579001,3.0
1500000US360810517001,3.0
1500000US360470071002,3.0
1500000US360470822001,3.0
1500000US360610149003,3.0
1500000US360470314001,3.0
1500000US360050177023,3.0
1500000US360810088002,3.0
1500000US360810079001,3.0
1500000US360610157006,3.0
1500000US360810583001,3.0
1500000US360050002003,3.0
1500000US360810769021,3.0
1500000US360810582003,3.0
1500000US360610139007,3.0
1500000US360470305004,3.0
1500000US360610285004,3.0
1500000US360470774001,3.0
1500000US360610154002,3.0
1500000US360810273002,3.0
1500000US360470878001,3.0
1500000US360470163002,3.0
1500000US360811267001,3.0
1500000US360050413007,3.0
1500000US360470826004,3.0
1500000US360811291031,3.0
1500000US360810277003,3.0
1500000US360850147002,3.0
1500000US360470005022,3.0
1500000US360610068004,3.0
1500000US360050424002,3.0
1500000US360810884006,3.0
1500000US360050199006,3.0
1500000US360610189004,3.0
1500000US360610283003,3.0
1500000US360470788003,3.0
1500000US360810532001,3.0
1500000US360610018006,3.0
1500000US360811277001,3.0
1500000US360810047001,3.0
1500000US360470323002,3.0
1500000US360810934012,3.0
1500000US360610139005,3.0
1500000US360470063002,3.0
1500000US360610211001,3.0
1500000US360610162001,3.0
1500000US360050228001,3.0
1500000US360470261001,3.0
1500000US360471160003,3.0
1500000US360050147022,3.0
1500000US360470968001,3.0
1500000US360470100004,3.0
1500000US360610075001,3.0
1500000US360810656002,3.0
1500000US360471170001,3.0
1500000US360470415001,3.0
1500000US360470327003,3.0
1500000US360470335003,3.0
1500000US360470550003,3.0
1500000US360810132002,3.0
1500000US360470448001,3.0
1500000US360470153001,3.0
1500000US360850208043,3.0
1500000US360810163001,3.0
1500000US360850198002,3.0
1500000US360810126012,3.0
1500000US360470096003,3.0
1500000US360610211007,3.0
1500000US360810809002,3.0
1500000US360470481003,3.0
1500000US360470696011,3.0
1500000US360610033002,3.0
1500000US360050431008,3.0
1500000US360610236002,3.0
1500000US360470788002,3.0
1500000US360050210021,3.0
1500000US360610148021,3.0
1500000US360610060002,3.0
1500000US360811039004,3.0
1500000US360610110003,3.0
1500000US360470395001,3.0
1500000US360470377001,3.0
1500000US360470116001,3.0
1500000US360470438001,3.0
1500000US360470353003,3.0
1500000US360810034002,3.0
1500000US360470954001,3.0
1500000US360470297001,3.0
1500000US360470363004,3.0
1500000US360050405023,3.0
1500000US360810779072,3.0
1500000US360470183003,3.0
1500000US360810353002,3.0
1500000US360471144004,3.0
1500000US360810232002,3.0
1500000US360050240002,3.0
1500000US360470440003,3.0
1500000US360810339001,3.0
1500000US360050386001,3.0
1500000US360470313002,3.0
1500000US360810518002,3.0
1500000US360610054002,3.0
1500000US360810657021,3.0
1500000US360610063005,3.0
1500000US360810214002,3.0
1500000US360810069001,3.0
1500000US360810337001,3.0
1500000US360470343003,3.0
1500000US360471058012,3.0
1500000US360050235013,3.0
1500000US360470301001,3.0
1500000US360470122003,3.0
1500000US360610185003,3.0
1500000US360470267002,3.0
1500000US360810626002,3.0
1500000US360050063003,3.0
1500000US360470110001,3.0
1500000US360610177003,3.0
1500000US360610063004,3.0
1500000US360470071003,3.0
1500000US360811008024,3.0
1500000US360810377002,3.0
1500000US360050423002,3.0
1500000US360470126001,3.0
1500000US360050340001,3.0
1500000US360050426002,3.0
1500000US360470910002,3.0
1500000US360610151001,3.0
1500000US360050484004,3.0
1500000US360470199004,3.0
1500000US360050340004,3.0
1500000US360050286002,3.0
1500000US360470443004,3.0
1500000US360810857003,3.0
1500000US360470928002,3.0
1500000US360470090001,3.0
1500000US360470100001,3.0
1500000US360810443012,3.0
1500000US360810818001,3.0
1500000US360810113001,3.0
1500000US360470551003,3.0
1500000US360610140002,3.0
1500000US360050228003,3.0
1500000US360811617004,3.0
1500000US360050385002,3.0
1500000US360850081002,3.0
1500000US360810012002,3.0
1500000US360470304002,3.0
1500000US360470411001,3.0
1500000US360470153004,3.0
1500000US360470922001,3.0
1500000US360050444003,3.0
1500000US360810439002,3.0
1500000US360050415006,3.0
1500000US360811010012,3.0
1500000US360470858001,3.0
1500000US360610088002,3.0
1500000US360470566002,3.0
1500000US360610137006,3.0
1500000US360810038002,3.0
1500000US360810148001,3.0
1500000US360610082002,3.0
1500000US360050264002,3.0
1500000US360470134002,3.0
1500000US360810238003,3.0
1500000US360470830002,3.0
1500000US360810478002,3.0
1500000US360810140001,3.0
1500000US360470363002,3.0
1500000US360811157003,3.0
1500000US360050458003,3.0
1500000US360810515002,3.0
1500000US360470360022,3.0
1500000US360810613014,3.0
1500000US360470317012,3.0
1500000US360810253022,3.0
1500000US360470031001,3.0
1500000US360470792002,3.0
1500000US360610008001,3.0
1500000US360050233012,3.0
1500000US360810151002,2.6666666666666665
1500000US360610161006,2.6666666666666665
1500000US360470098004,2.6666666666666665
1500000US360470958001,2.6666666666666665
1500000US360470258003,2.6666666666666665
1500000US360810042001,2.6666666666666665
1500000US360470235002,2.6666666666666665
1500000US360470434003,2.6666666666666665
1500000US360470058001,2.6666666666666665
1500000US360810863004,2.6666666666666665
1500000US360471158001,2.6666666666666665
1500000US360470610042,2.6666666666666665
1500000US360610161005,2.6666666666666665
1500000US360050236001,2.6666666666666665
1500000US360050247002,2.6666666666666665
1500000US360470250001,2.6666666666666665
1500000US360470700002,2.6666666666666665
1500000US360050423001,2.6666666666666665
1500000US360810437023,2.6666666666666665
1500000US360470496002,2.6666666666666665
1500000US360050405026,2.6666666666666665
1500000US360810540003,2.6666666666666665
1500000US360810542003,2.6666666666666665
1500000US360810690001,2.6666666666666665
1500000US360810212002,2.6666666666666665
1500000US360810485001,2.6666666666666665
1500000US360610078001,2.6666666666666665
1500000US360050414003,2.6666666666666665
1500000US360610138008,2.6666666666666665
1500000US360050144006,2.6666666666666665
1500000US360810549003,2.6666666666666665
1500000US360610154009,2.6666666666666665
1500000US360470934002,2.6666666666666665
1500000US360470870002,2.6666666666666665
1500000US360050054003,2.6666666666666665
1500000US360810294004,2.6666666666666665
1500000US360810552002,2.6666666666666665
1500000US360050407013,2.6666666666666665
1500000US360610050001,2.6666666666666665
1500000US360610048004,2.6666666666666665
1500000US360470022002,2.6666666666666665
1500000US360610146025,2.6666666666666665
1500000US360810551003,2.6666666666666665
1500000US360810154001,2.6666666666666665
1500000US360850244012,2.6666666666666665
1500000US360610056003,2.6666666666666665
1500000US360610273004,2.6666666666666665
1500000US360810595002,2.6666666666666665
1500000US360470182002,2.6666666666666665
1500000US360610287002,2.6666666666666665
1500000US360470531002,2.6666666666666665
1500000US360810152001,2.6666666666666665
1500000US360470364002,2.6666666666666665
1500000US360810508001,2.6666666666666665
1500000US360470315002,2.6666666666666665
1500000US360050379004,2.6666666666666665
1500000US360610193001,2.6666666666666665
1500000US360470196002,2.6666666666666665
1500000US360810450001,2.6666666666666665
1500000US360470145002,2.6666666666666665
1500000US360050411003,2.6666666666666665
1500000US360050087002,2.6666666666666665
1500000US360810269014,2.6666666666666665
1500000US360050211003,2.6666666666666665
1500000US360050408003,2.6666666666666665
1500000US360050083005,2.6666666666666665
1500000US360050218004,2.6666666666666665
1500000US360050135002,2.6666666666666665
1500000US360810053004,2.6666666666666665
1500000US360610186002,2.6666666666666665
1500000US360471142022,2.6666666666666665
1500000US360810483002,2.6666666666666665
1500000US360470053004,2.6666666666666665
1500000US360610211003,2.6666666666666665
1500000US360470565003,2.6666666666666665
1500000US360470430003,2.6666666666666665
1500000US360810580003,2.6666666666666665
1500000US360470222002,2.6666666666666665
1500000US360850075003,2.6666666666666665
1500000US360811161002,2.6666666666666665
1500000US360050216023,2.6666666666666665
1500000US360470279004,2.6666666666666665
1500000US360810837004,2.6666666666666665
1500000US360810695001,2.6666666666666665
1500000US360470139002,2.6666666666666665
1500000US360610118002,2.6666666666666665
1500000US360470495003,2.6666666666666665
1500000US360470296004,2.6666666666666665
1500000US360470575001,2.6666666666666665
1500000US360050426006,2.6666666666666665
1500000US360050200003,2.6666666666666665
1500000US360810664007,2.6666666666666665
1500000US360810513001,2.6666666666666665
1500000US360810790002,2.6666666666666665
1500000US360610220004,2.6666666666666665
1500000US360810199001,2.6666666666666665
1500000US360610271005,2.6666666666666665
1500000US360050444001,2.6666666666666665
1500000US360470519003,2.6666666666666665
1500000US360810142011,2.6666666666666665
1500000US360850303011,2.6666666666666665
1500000US360810291001,2.6666666666666665
1500000US360610193006,2.6666666666666665
1500000US360810504001,2.6666666666666665
1500000US360811159003,2.6666666666666665
1500000US360470460003,2.6666666666666665
1500000US360471172021,2.6666666666666665
1500000US360050098003,2.6666666666666665
1500000US360470246003,2.6666666666666665
1500000US360810220021,2.6666666666666665
1500000US360470798022,2.6666666666666665
1500000US360810083001,2.6666666666666665
1500000US360050310002,2.6666666666666665
1500000US360810502011,2.6666666666666665
1500000US360610193003,2.6666666666666665
1500000US360811463002,2.6666666666666665
1500000US360850114022,2.6666666666666665
1500000US360610025003,2.6666666666666665
1500000US360811529023,2.6666666666666665
1500000US360810106001,2.6666666666666665
1500000US360050405025,2.6666666666666665
1500000US360471192003,2.6666666666666665
1500000US360470300002,2.6666666666666665
1500000US360470288002,2.6666666666666665
1500000US360050078003,2.6666666666666665
1500000US360810220012,2.6666666666666665
1500000US360610006003,2.6666666666666665
1500000US360470385004,2.6666666666666665
1500000US360610220001,2.6666666666666665
1500000US360610079002,2.6666666666666665
1500000US360470287002,2.6666666666666665
1500000US360470373004,2.6666666666666665
1500000US360050235022,2.6666666666666665
1500000US360810124001,2.6666666666666665
1500000US360050364002,2.6666666666666665
1500000US360050381002,2.6666666666666665
1500000US360470515001,2.6666666666666665
1500000US360470742001,2.6666666666666665
1500000US360470504002,2.6666666666666665
1500000US360810561001,2.6666666666666665
1500000US360810626001,2.6666666666666665
1500000US360050233011,2.6666666666666665
1500000US360050159002,2.6666666666666665
1500000US360610209012,2.6666666666666665
1500000US360050194001,2.6666666666666665
1500000US360810044012,2.6666666666666665
1500000US360470535003,2.6666666666666665
1500000US360850291033,2.6666666666666665
1500000US360810118001,2.6666666666666665
1500000US360470730001,2.6666666666666665
1500000US360470866002,2.6666666666666665
1500000US360470371002,2.6666666666666665
1500000US360050431002,2.6666666666666665
1500000US360470329004,2.6666666666666665
1500000US360050039004,2.6666666666666665
1500000US360470092001,2.6666666666666665
1500000US360470762001,2.6666666666666665
1500000US360050079002,2.6666666666666665
1500000US360050138001,2.6666666666666665
1500000US360470506003,2.6666666666666665
1500000US360850207003,2.6666666666666665
1500000US360850040007,2.6666666666666665
1500000US360470314002,2.6666666666666665
1500000US360470856001,2.6666666666666665
1500000US360810038001,2.6666666666666665
1500000US360050038001,2.6666666666666665
1500000US360810713044,2.6666666666666665
1500000US360811241003,2.6666666666666665
1500000US360810121001,2.6666666666666665
1500000US360470488001,2.6666666666666665
1500000US360810154002,2.6666666666666665
1500000US360470394001,2.6666666666666665
1500000US360850170103,2.6666666666666665
1500000US360050273002,2.6666666666666665
1500000US360810713033,2.6666666666666665
1500000US360470145003,2.6666666666666665
1500000US360470305002,2.6666666666666665
1500000US360470676002,2.6666666666666665
1500000US360470696012,2.6666666666666665
1500000US360810061002,2.6666666666666665
1500000US360810168002,2.6666666666666665
1500000US360810006002,2.6666666666666665
1500000US360610189003,2.6666666666666665
1500000US360810547002,2.6666666666666665
1500000US360810220024,2.6666666666666665
1500000US360050206012,2.6666666666666665
1500000US360470371001,2.6666666666666665
1500000US360470377003,2.6666666666666665
1500000US360050264001,2.6666666666666665
1500000US360811185002,2.6666666666666665
1500000US360470776002,2.6666666666666665
1500000US360050079004,2.6666666666666665
1500000US360050462017,2.6666666666666665
1500000US360470132001,2.6666666666666665
1500000US360850036002,2.6666666666666665
1500000US360470100002,2.6666666666666665
1500000US360050056003,2.6666666666666665
1500000US360470816001,2.6666666666666665
1500000US360471078001,2.6666666666666665
1500000US360811029002,2.6666666666666665
1500000US360811385011,2.6666666666666665
1500000US360470962001,2.6666666666666665
1500000US360810220013,2.6666666666666665
1500000US360050407011,2.6666666666666665
1500000US360050204003,2.6666666666666665
1500000US360470950002,2.6666666666666665
1500000US360810188001,2.6666666666666665
1500000US360810591004,2.6666666666666665
1500000US360470490002,2.6666666666666665
1500000US360470211002,2.6666666666666665
1500000US360470690002,2.6666666666666665
1500000US360610216002,2.6666666666666665
1500000US360850244022,2.6666666666666665
1500000US360810788001,2.6666666666666665
1500000US360470495001,2.6666666666666665
1500000US360810156001,2.6666666666666665
1500000US360470678002,2.6666666666666665
1500000US360470293001,2.6666666666666665
1500000US360470193001,2.6666666666666665
1500000US360810320002,2.6666666666666665
1500000US360810306001,2.6666666666666665
1500000US360810204002,2.6666666666666665
1500000US360050285001,2.6666666666666665
1500000US360810138002,2.6666666666666665
1500000US360470221001,2.6666666666666665
1500000US360050442004,2.6666666666666665
1500000US360050277001,2.6666666666666665
1500000US360470213003,2.6666666666666665
1500000US360810437022,2.6666666666666665
1500000US360810404002,2.6666666666666665
1500000US360470229002,2.6666666666666665
1500000US360050229013,2.6666666666666665
1500000US360810512002,2.6666666666666665
1500000US360050200004,2.6666666666666665
1500000US360610110002,2.6666666666666665
1500000US360050419003,2.6666666666666665
1500000US360050392001,2.6666666666666665
1500000US360470600005,2.6666666666666665
1500000US360810358003,2.6666666666666665
1500000US360810192001,2.6666666666666665
1500000US360810596002,2.6666666666666665
1500000US360610016002,2.6666666666666665
1500000US360810251001,2.6666666666666665
1500000US360810399001,2.6666666666666665
1500000US360610126006,2.3333333333333335
1500000US360610199005,2.3333333333333335
1500000US360810997033,2.3333333333333335
1500000US360850201002,2.3333333333333335
1500000US360470882002,2.3333333333333335
1500000US360810475001,2.3333333333333335
1500000US360050044001,2.3333333333333335
1500000US360470696021,2.3333333333333335
1500000US360050386006,2.3333333333333335
1500000US360811139002,2.3333333333333335
1500000US360050369012,2.3333333333333335
1500000US360810687003,2.3333333333333335
1500000US360850121001,2.3333333333333335
1500000US360810591002,2.3333333333333335
1500000US360610063002,2.3333333333333335
1500000US360470848001,2.3333333333333335
1500000US360050250002,2.3333333333333335
1500000US360470429002,2.3333333333333335
1500000US360810690002,2.3333333333333335
1500000US360470888001,2.3333333333333335
1500000US360610171005,2.3333333333333335
1500000US360471014001,2.3333333333333335
1500000US360470547003,2.3333333333333335
1500000US360470102003,2.3333333333333335
1500000US360810278001,2.3333333333333335
1500000US360470413003,2.3333333333333335
1500000US360470034001,2.3333333333333335
1500000US360050093004,2.3333333333333335
1500000US360850141002,2.3333333333333335
1500000US360470924003,2.3333333333333335
1500000US360050020004,2.3333333333333335
1500000US360810593001,2.3333333333333335
1500000US360810659002,2.3333333333333335
1500000US360470160003,2.3333333333333335
1500000US360810358002,2.3333333333333335
1500000US360470252003,2.3333333333333335
1500000US360050212002,2.3333333333333335
1500000US360610154003,2.3333333333333335
1500000US360811291044,2.3333333333333335
1500000US360470736003,2.3333333333333335
1500000US360810840003,2.3333333333333335
1500000US360470796011,2.3333333333333335
1500000US360610150023,2.3333333333333335
1500000US360470680002,2.3333333333333335
1500000US360470096001,2.3333333333333335
1500000US360470106003,2.3333333333333335
1500000US360610201022,2.3333333333333335
1500000US360810516002,2.3333333333333335
1500000US360850050001,2.3333333333333335
1500000US360470362003,2.3333333333333335
1500000US360470150002,2.3333333333333335
1500000US360470333001,2.3333333333333335
1500000US360050184002,2.3333333333333335
1500000US360610177005,2.3333333333333335
1500000US360050189002,2.3333333333333335
1500000US360050144005,2.3333333333333335
1500000US360850213004,2.3333333333333335
1500000US360811163002,2.3333333333333335
1500000US360470814002,2.3333333333333335
1500000US360470215001,2.3333333333333335
1500000US360470798011,2.3333333333333335
1500000US360470104002,2.3333333333333335
1500000US360470542001,2.3333333333333335
1500000US360810255001,2.3333333333333335
1500000US360470545003,2.3333333333333335
1500000US360610241003,2.3333333333333335
1500000US360050406002,2.3333333333333335
1500000US360810747001,2.3333333333333335
1500000US360050246002,2.3333333333333335
1500000US360470122002,2.3333333333333335
1500000US360470261004,2.3333333333333335
1500000US360050516001,2.3333333333333335
1500000US360050078001,2.3333333333333335
1500000US360050484003,2.3333333333333335
1500000US360610273003,2.3333333333333335
1500000US360610118001,2.3333333333333335
1500000US360470482002,2.3333333333333335
1500000US360811187002,2.3333333333333335
1500000US360811409021,2.3333333333333335
1500000US360470571004,2.3333333333333335
1500000US360850132042,2.3333333333333335
1500000US360471018001,2.3333333333333335
1500000US360610154005,2.3333333333333335
1500000US360470490003,2.3333333333333335
1500000US360050277002,2.3333333333333335
1500000US360050451022,2.3333333333333335
1500000US360050084002,2.3333333333333335
1500000US360810081001,2.3333333333333335
1500000US360470325002,2.3333333333333335
1500000US360470381004,2.3333333333333335
1500000US360810713064,2.3333333333333335
1500000US360810568001,2.3333333333333335
1500000US360050117001,2.3333333333333335
1500000US360470421003,2.3333333333333335
1500000US360610039002,2.3333333333333335
1500000US360470571002,2.3333333333333335
1500000US360050425004,2.3333333333333335
1500000US360470656001,2.3333333333333335
1500000US360810799002,2.3333333333333335
1500000US360610195002,2.3333333333333335
1500000US360810071003,2.3333333333333335
1500000US360810051002,2.3333333333333335
1500000US360610181001,2.3333333333333335
1500000US360470503003,2.3333333333333335
1500000US360810865002,2.3333333333333335
1500000US360610187001,2.3333333333333335
1500000US360610077002,2.3333333333333335
1500000US360470563001,2.3333333333333335
1500000US360470534001,2.3333333333333335
1500000US360050342001,2.3333333333333335
1500000US360470734002,2.3333333333333335
1500000US360470944013,2.3333333333333335
1500000US360470862002,2.3333333333333335
1500000US360810202001,2.3333333333333335
1500000US360610179002,2.3333333333333335
1500000US360470116002,2.3333333333333335
1500000US360850122003,2.3333333333333335
1500000US360470381001,2.3333333333333335
1500000US360810542004,2.3333333333333335
1500000US360470277003,2.3333333333333335
1500000US360470281001,2.3333333333333335
1500000US360610309004,2.3333333333333335
1500000US360050413005,2.3333333333333335
1500000US360810531002,2.3333333333333335
1500000US360470132002,2.3333333333333335
1500000US360470460001,2.3333333333333335
1500000US360050425002,2.3333333333333335
1500000US360850273012,2.3333333333333335
1500000US360470427003,2.3333333333333335
1500000US360471024001,2.3333333333333335
1500000US360470306001,2.3333333333333335
1500000US360810610001,2.3333333333333335
1500000US360050383012,2.3333333333333335
1500000US360810262001,2.3333333333333335
1500000US360470772001,2.3333333333333335
1500000US360470412002,2.3333333333333335
1500000US360810889015,2.3333333333333335
1500000US360610156011,2.3333333333333335
1500000US360810809004,2.3333333333333335
1500000US360470553001,2.3333333333333335
1500000US360610279006,2.3333333333333335
1500000US360470243003,2.3333333333333335
1500000US360470894001,2.3333333333333335
1500000US360470161002,2.3333333333333335
1500000US360050344001,2.3333333333333335
1500000US360610173007,2.3333333333333335
1500000US360050393004,2.3333333333333335
1500000US360850187011,2.3333333333333335
1500000US360811227014,2.3333333333333335
1500000US360470573003,2.3333333333333335
1500000US360471008001,2.3333333333333335
1500000US360810998022,2.3333333333333335
1500000US360810045001,2.3333333333333335
1500000US360810178002,2.3333333333333335
1500000US360050360002,2.3333333333333335
1500000US360811579021,2.3333333333333335
1500000US360610146021,2.3333333333333335
1500000US360470292002,2.3333333333333335
1500000US360470558002,2.3333333333333335
1500000US360811451022,2.3333333333333335
1500000US360811175004,2.3333333333333335
1500000US360810637002,2.3333333333333335
1500000US360050369011,2.3333333333333335
1500000US360050069003,2.3333333333333335
1500000US360810330003,2.3333333333333335
1500000US360610291001,2.3333333333333335
1500000US360470936001,2.3333333333333335
1500000US360810478003,2.3333333333333335
1500000US360470077004,2.3333333333333335
1500000US360810111001,2.3333333333333335
1500000US360610128004,2.3333333333333335
1500000US360050098002,2.3333333333333335
1500000US360810120001,2.3333333333333335
1500000US360470532001,2.3333333333333335
1500000US360470262001,2.3333333333333335
1500000US360811347004,2.3333333333333335
1500000US360810837003,2.3333333333333335
1500000US360610068006,2.3333333333333335
1500000US360811471001,2.3333333333333335
1500000US360050401004,2.3333333333333335
1500000US360050324001,2.3333333333333335
1500000US360810506002,2.3333333333333335
1500000US360811339001,2.3333333333333335
1500000US360470988002,2.3333333333333335
1500000US360470323001,2.3333333333333335
1500000US360810149001,2.3333333333333335
1500000US360810404003,2.3333333333333335
1500000US360471158003,2.3333333333333335
1500000US360850291022,2.3333333333333335
1500000US360470790004,2.3333333333333335
1500000US360810373001,2.3333333333333335
1500000US360470135002,2.3333333333333335
1500000US360470516012,2.3333333333333335
1500000US360610247004,2.3333333333333335
1500000US360811163005,2.3333333333333335
1500000US360470468001,2.3333333333333335
1500000US360470534004,2.3333333333333335
1500000US360810505001,2.3333333333333335
1500000US360810214001,2.3333333333333335
1500000US360470610022,2.3333333333333335
1500000US360810403003,2.3333333333333335
1500000US360810269021,2.3333333333333335
1500000US360470233001,2.3333333333333335
1500000US360810919003,2.3333333333333335
1500000US360050462015,2.3333333333333335
1500000US360811529013,2.3333333333333335
1500000US360610261007,2.3333333333333335
1500000US360810585003,2.3333333333333335
1500000US360810126011,2.3333333333333335
1500000US360050403023,2.3333333333333335
1500000US360810030001,2.3333333333333335
1500000US360470600003,2.3333333333333335
1500000US360610039004,2.3333333333333335
1500000US360810285002,2.3333333333333335
1500000US360470104001,2.3333333333333335
1500000US360470864001,2.3333333333333335
1500000US360470393001,2.3333333333333335
1500000US360610216004,2.3333333333333335
1500000US360050238003,2.3333333333333335
1500000US360470538002,2.3333333333333335
1500000US360470551001,2.3333333333333335
1500000US360610152005,2.3333333333333335
1500000US360470591004,2.3333333333333335
1500000US360810172001,2.3333333333333335
1500000US360850291031,2.3333333333333335
1500000US360050300003,2.3333333333333335
1500000US360470728001,2.3333333333333335
1500000US360810680002,2.3333333333333335
1500000US360470227003,2.3333333333333335
1500000US360610072006,2.3333333333333335
1500000US360470347002,2.3333333333333335
1500000US360810459002,2.3333333333333335
1500000US360850156032,2.3333333333333335
1500000US360050462024,2.3333333333333335
1500000US360470626002,2.3333333333333335
1500000US360810797022,2.3333333333333335
1500000US360610225002,2.3333333333333335
1500000US360810525001,2.3333333333333335
1500000US360050204001,2.3333333333333335
1500000US360470421001,2.3333333333333335
1500000US360050050024,2.3333333333333335
1500000US360850125003,2.3333333333333335
1500000US360850011003,2.3333333333333335
1500000US360470445003,2.3333333333333335
1500000US360810568002,2.3333333333333335
1500000US360810448001,2.3333333333333335
1500000US360470265003,2.3333333333333335
1500000US360810638003,2.3333333333333335
1500000US360610020003,2.3333333333333335
1500000US360050076003,2.3333333333333335
1500000US360470523001,2.3333333333333335
1500000US360810664004,2.3333333333333335
1500000US360610041001,2.3333333333333335
1500000US360470510011,2.3333333333333335
1500000US360810108001,2.3333333333333335
1500000US360050380001,2.3333333333333335
1500000US360470415002,2.3333333333333335
1500000US360050092001,2.3333333333333335
1500000US360810972043,2.3333333333333335
1500000US360850187024,2.3333333333333335
1500000US360850007002,2.3333333333333335
1500000US360810745001,2.3333333333333335
1500000US360050399022,2.3333333333333335
1500000US360470181003,2.3333333333333335
1500000US360610319001,2.3333333333333335
1500000US360470421004,2.3333333333333335
1500000US360810524001,2.3333333333333335
1500000US360050210025,2.3333333333333335
1500000US360470317021,2.3333333333333335
1500000US360470197003,2.3333333333333335
1500000US360810522001,2.3333333333333335
1500000US360470508041,2.3333333333333335
1500000US360050444004,2.3333333333333335
1500000US360470059001,2.3333333333333335
1500000US360470245003,2.3333333333333335
1500000US360850319021,2.3333333333333335
1500000US360810159004,2.3333333333333335
1500000US360810012003,2.3333333333333335
1500000US360470224001,2.3333333333333335
1500000US360810149002,2.3333333333333335
1500000US360810317001,2.3333333333333335
1500000US360810646002,2.3333333333333335
1500000US360470594012,2.3333333333333335
1500000US360471078002,2.3333333333333335
1500000US360470257003,2.3333333333333335
1500000US360050232001,2.3333333333333335
1500000US360850170081,2.3333333333333335
1500000US360470498003,2.3333333333333335
1500000US360810025005,2.3333333333333335
1500000US360470493002,2.3333333333333335
1500000US360810467002,2.3333333333333335
1500000US360470377004,2.3333333333333335
1500000US360810137001,2.3333333333333335
1500000US360470591003,2.3333333333333335
1500000US360470830001,2.3333333333333335
1500000US360810587002,2.3333333333333335
1500000US360610097001,2.3333333333333335
1500000US360470291003,2.3333333333333335
1500000US360470229004,2.3333333333333335
1500000US360810407005,2.3333333333333335
1500000US360810884008,2.3333333333333335
1500000US360470561001,2.0
1500000US360470462022,2.0
1500000US360810285003,2.0
1500000US360810545002,2.0
1500000US360471150002,2.0
1500000US360050053002,2.0
1500000US360811033001,2.0
1500000US360810330004,2.0
1500000US360810309023,2.0
1500000US360470382001,2.0
1500000US360810181021,2.0
1500000US360811171002,2.0
1500000US360470096002,2.0
1500000US360470405002,2.0
1500000US360470523003,2.0
1500000US360850146071,2.0
1500000US360810249002,2.0
1500000US360810279002,2.0
1500000US360050244002,2.0
1500000US360810018001,2.0
1500000US360470616001,2.0
1500000US360050181013,2.0
1500000US360470770001,2.0
1500000US360810036002,2.0
1500000US360810601002,2.0
1500000US360470347001,2.0
1500000US360470548002,2.0
1500000US360470408001,2.0
1500000US360810409004,2.0
1500000US360470385002,2.0
1500000US360810622001,2.0
1500000US360811571022,2.0
1500000US360810289001,2.0
1500000US360050358003,2.0
1500000US360470377002,2.0
1500000US360610039001,2.0
1500000US360470954002,2.0
1500000US360470610032,2.0
1500000US360610199001,2.0
1500000US360050238002,2.0
1500000US360470023001,2.0
1500000US360470267003,2.0
1500000US360810057003,2.0
1500000US360810568003,2.0
1500000US360470030002,2.0
1500000US360810164001,2.0
1500000US360050092004,2.0
1500000US360050419006,2.0
1500000US360471130002,2.0
1500000US360470313004,2.0
1500000US360470145004,2.0
1500000US360470286004,2.0
1500000US360810981001,2.0
1500000US360810633022,2.0
1500000US360050151001,2.0
1500000US360810042003,2.0
1500000US360470400001,2.0
1500000US360810518001,2.0
1500000US360471006002,2.0
1500000US360810069003,2.0
1500000US360470279002,2.0
1500000US360811483001,2.0
1500000US360810520001,2.0
1500000US360050405012,2.0
1500000US360610055013,2.0
1500000US360470066002,2.0
1500000US360470224004,2.0
1500000US360050363005,2.0
1500000US360471210002,2.0
1500000US360470906003,2.0
1500000US360470295001,2.0
1500000US360811621002,2.0
1500000US360470331001,2.0
1500000US360471028002,2.0
1500000US360610068002,2.0
1500000US360810682002,2.0
1500000US360810809006,2.0
1500000US360811377004,2.0
1500000US360050264003,2.0
1500000US360610091004,2.0
1500000US360470724001,2.0
1500000US360470375003,2.0
1500000US360050161003,2.0
1500000US360810496003,2.0
1500000US360610070003,2.0
1500000US360810103003,2.0
1500000US360470354003,2.0
1500000US360810530001,2.0
1500000US360610161001,2.0
1500000US360810580002,2.0
1500000US360470075002,2.0
1500000US360470439002,2.0
1500000US360470190001,2.0
1500000US360810525002,2.0
1500000US360470706002,2.0
1500000US360470530003,2.0
1500000US360050216013,2.0
1500000US360810424001,2.0
1500000US360610187002,2.0
1500000US360470922002,2.0
1500000US360470900005,2.0
1500000US360050166002,2.0
1500000US360470328004,2.0
1500000US360810717012,2.0
1500000US360470036002,2.0
1500000US360810492002,2.0
1500000US360050436001,2.0
1500000US360610213033,2.0
1500000US360470417002,2.0
1500000US360811181001,2.0
1500000US360610183003,2.0
1500000US360810557003,2.0
1500000US360810439001,2.0
1500000US360610178002,2.0
1500000US360470930002,2.0
1500000US360470075001,2.0
1500000US360470198001,2.0
1500000US360470535004,2.0
1500000US360470608002,2.0
1500000US360470153003,2.0
1500000US360810232003,2.0
1500000US360810075001,2.0
1500000US360470366001,2.0
1500000US360470534002,2.0
1500000US360470328003,2.0
1500000US360470447002,2.0
1500000US360470648002,2.0
1500000US360610008002,2.0
1500000US360470480002,2.0
1500000US360470992001,2.0
1500000US360810855004,2.0
1500000US360470505002,2.0
1500000US360810547003,2.0
1500000US360610132007,2.0
1500000US360810159003,2.0
1500000US360610150024,2.0
1500000US360050162001,2.0
1500000US360050121011,2.0
1500000US360810101001,2.0
1500000US360850208012,2.0
1500000US360610173002,2.0
1500000US360050085004,2.0
1500000US360050210026,2.0
1500000US360050370002,2.0
1500000US360810608001,2.0
1500000US360470608003,2.0
1500000US360850007003,2.0
1500000US360810153002,2.0
1500000US360470301002,2.0
1500000US360470293003,2.0
1500000US360470243002,2.0
1500000US360810457002,2.0
1500000US360810108002,2.0
1500000US360810560002,2.0
1500000US360850128062,2.0
1500000US360610213031,2.0
1500000US360810440002,2.0
1500000US360470047001,2.0
1500000US360470435001,2.0
1500000US360810455001,2.0
1500000US360610134006,2.0
1500000US360470238003,2.0
1500000US360810086002,2.0
1500000US360810004001,2.0
1500000US360810062027,2.0
1500000US360470575002,2.0
1500000US360470339001,2.0
1500000US360811201001,2.0
1500000US360470920001,2.0
1500000US360471182011,2.0
1500000US360811163001,2.0
1500000US360050266011,2.0
1500000US360470106001,2.0
1500000US360050205013,2.0
1500000US360850125001,2.0
1500000US360850047002,2.0
1500000US360470218002,2.0
1500000US360470121002,2.0
1500000US360850039002,2.0
1500000US360470098003,2.0
1500000US360471058043,2.0
1500000US360470986002,2.0
1500000US360470298003,2.0
1500000US360811399001,2.0
1500000US360470053002,2.0
1500000US360470544002,2.0
1500000US360470130003,2.0
1500000US360470398001,2.0
1500000US360470110002,2.0
1500000US360810063002,2.0
1500000US360610257002,2.0
1500000US360470870001,2.0
1500000US360610024002,2.0
1500000US360050401001,2.0
1500000US360610158014,2.0
1500000US360050462019,2.0
1500000US360810549001,2.0
1500000US360810646001,2.0
1500000US360050266022,2.0
1500000US360610008003,2.0
1500000US360470051003,2.0
1500000US360610158013,2.0
1500000US360470435002,2.0
1500000US360610049003,2.0
1500000US360050119005,2.0
1500000US360470902002,2.0
1500000US360470530002,2.0
1500000US360470090002,2.0
1500000US360810279001,2.0
1500000US360810475002,2.0
1500000US360811008011,2.0
1500000US360470190003,2.0
1500000US360850169011,2.0
1500000US360810249003,2.0
1500000US360470071001,2.0
1500000US360810376005,2.0
1500000US360470064003,2.0
1500000US360470800003,2.0
1500000US360810413002,2.0
1500000US360810583003,2.0
1500000US360470934001,2.0
1500000US360470824001,2.0
1500000US360050016003,2.0
1500000US360050434003,2.0
1500000US360810471002,2.0
1500000US360810407003,2.0
1500000US360050312001,2.0
1500000US360470129022,2.0
1500000US360050184004,2.0
1500000US360810339003,2.0
1500000US360050235012,2.0
1500000US360470001001,2.0
1500000US360610002025,2.0
1500000US360810797013,2.0
1500000US360470591001,2.0
1500000US360050002002,2.0
1500000US360810161001,2.0
1500000US360850231002,2.0
1500000US360471012001,2.0
1500000US360810057001,2.0
1500000US360470426001,2.0
1500000US360470291002,2.0
1500000US360470810001,2.0
1500000US360470544003,2.0
1500000US360470506004,2.0
1500000US360470840002,2.0
1500000US360810317003,2.0
1500000US360610122003,2.0
1500000US360470822003,2.0
1500000US360470043004,2.0
1500000US360810238001,2.0
1500000US360810741002,2.0
1500000US360610200001,2.0
1500000US360470551004,2.0
1500000US360810613011,2.0
1500000US360810864002,2.0
1500000US360470509002,2.0
1500000US360810437012,2.0
1500000US360050019004,2.0
1500000US360470096004,2.0
1500000US360610028003,2.0
1500000US360810660001,2.0
1500000US360850303022,2.0
1500000US360810169002,2.0
1500000US360811199001,2.0
1500000US360050067003,2.0
1500000US360050004003,2.0
1500000US360850132041,2.0
1500000US360810845001,2.0
1500000US360050378002,2.0
1500000US360470102002,2.0
1500000US360471176011,2.0
1500000US360810058003,2.0
1500000US360050144004,2.0
1500000US360810198003,2.0
1500000US360810591003,2.0
1500000US360810638001,2.0
1500000US360810664001,2.0
1500000US360810018002,2.0
1500000US360050083001,2.0
1500000US360810638005,2.0
1500000US360810079002,2.0
1500000US360470996002,2.0
1500000US360811155002,2.0
1500000US360470196001,2.0
1500000US360810103002,2.0
1500000US360810502021,2.0
1500000US360470319001,2.0
1500000US360850198003,2.0
1500000US360470056021,2.0
1500000US360470258002,2.0
1500000US360810864001,2.0
1500000US360470265004,2.0
1500000US360470702021,2.0
1500000US360050085003,2.0
1500000US360810613013,2.0
1500000US360050388002,2.0
1500000US360050229021,2.0
1500000US360810591001,2.0
1500000US360610158012,2.0
1500000US360810853004,2.0
1500000US360470245002,2.0
1500000US360810253012,2.0
1500000US360471130001,2.0
1500000US360850189021,2.0
1500000US360050090004,2.0
1500000US360810838002,2.0
1500000US360610134005,2.0
1500000US360470589001,2.0
1500000US360610161003,2.0
1500000US360810779071,2.0
1500000US360610040005,2.0
1500000US360470834002,2.0
1500000US360050430001,2.0
1500000US360610144022,2.0
1500000US360050277004,2.0
1500000US360610130001,2.0
1500000US360850170051,2.0
1500000US360470277002,2.0
1500000US360050376001,2.0
1500000US360050418003,2.0
1500000US360810997051,2.0
1500000US360470826001,2.0
1500000US360050398003,2.0
1500000US360610154007,2.0
1500000US360470443001,2.0
1500000US360610234001,2.0
1500000US360470517001,2.0
1500000US360850096022,2.0
1500000US360470215003,2.0
1500000US360610048007,2.0
1500000US360810010002,2.0
1500000US360810043002,2.0
1500000US360850141001,2.0
1500000US360850006002,1.6666666666666667
1500000US360470482004,1.6666666666666667
1500000US360470549001,1.6666666666666667
1500000US360470343002,1.6666666666666667
1500000US360050403033,1.6666666666666667
1500000US360810468001,1.6666666666666667
1500000US360810925001,1.6666666666666667
1500000US360810803023,1.6666666666666667
1500000US360470494002,1.6666666666666667
1500000US360470342004,1.6666666666666667
1500000US360610018007,1.6666666666666667
1500000US360610239001,1.6666666666666667
1500000US360810036001,1.6666666666666667
1500000US360470043002,1.6666666666666667
1500000US360610029002,1.6666666666666667
1500000US360610165002,1.6666666666666667
1500000US360810169003,1.6666666666666667
1500000US360810590001,1.6666666666666667
1500000US360810147001,1.6666666666666667
1500000US360810587001,1.6666666666666667
1500000US360811203002,1.6666666666666667
1500000US360810779042,1.6666666666666667
1500000US360050087003,1.6666666666666667
1500000US360470744001,1.6666666666666667
1500000US360850008003,1.6666666666666667
1500000US360470151004,1.6666666666666667
1500000US360470360012,1.6666666666666667
1500000US360810614001,1.6666666666666667
1500000US360050431007,1.6666666666666667
1500000US360050413003,1.6666666666666667
1500000US360850070002,1.6666666666666667
1500000US360050269003,1.6666666666666667
1500000US360610073003,1.6666666666666667
1500000US360470007003,1.6666666666666667
1500000US360810309022,1.6666666666666667
1500000US360610081005,1.6666666666666667
1500000US360470296003,1.6666666666666667
1500000US360470094002,1.6666666666666667
1500000US360810513002,1.6666666666666667
1500000US360050266012,1.6666666666666667
1500000US360810126022,1.6666666666666667
1500000US360610146024,1.6666666666666667
1500000US360470938001,1.6666666666666667
1500000US360470594013,1.6666666666666667
1500000US360610139006,1.6666666666666667
1500000US360470598001,1.6666666666666667
1500000US360471058042,1.6666666666666667
1500000US360811403002,1.6666666666666667
1500000US360470167004,1.6666666666666667
1500000US360050115023,1.6666666666666667
1500000US360470824004,1.6666666666666667
1500000US360610068003,1.6666666666666667
1500000US360470179003,1.6666666666666667
1500000US360810283002,1.6666666666666667
1500000US360810334026,1.6666666666666667
1500000US360850125002,1.6666666666666667
1500000US360610044005,1.6666666666666667
1500000US360610139003,1.6666666666666667
1500000US360811479001,1.6666666666666667
1500000US360810261003,1.6666666666666667
1500000US360610177008,1.6666666666666667
1500000US360050175005,1.6666666666666667
1500000US360610124001,1.6666666666666667
1500000US360470267004,1.6666666666666667
1500000US360470163001,1.6666666666666667
1500000US360470133001,1.6666666666666667
1500000US360810235002,1.6666666666666667
1500000US360810577001,1.6666666666666667
1500000US360810521002,1.6666666666666667
1500000US360470944012,1.6666666666666667
1500000US360610139002,1.6666666666666667
1500000US360810026002,1.6666666666666667
1500000US360470573002,1.6666666666666667
1500000US360470860002,1.6666666666666667
1500000US360470039002,1.6666666666666667
1500000US360811185001,1.6666666666666667
1500000US360810287001,1.6666666666666667
1500000US360470062003,1.6666666666666667
1500000US360810271002,1.6666666666666667
1500000US360810838001,1.6666666666666667
1500000US360811157002,1.6666666666666667
1500000US360050381001,1.6666666666666667
1500000US360810554002,1.6666666666666667
1500000US360810719001,1.6666666666666667
1500000US360050274022,1.6666666666666667
1500000US360610126005,1.6666666666666667
1500000US360470142003,1.6666666666666667
1500000US360050027011,1.6666666666666667
1500000US360850020012,1.6666666666666667
1500000US360810889011,1.6666666666666667
1500000US360470067001,1.6666666666666667
1500000US360810792001,1.6666666666666667
1500000US360050147011,1.6666666666666667
1500000US360810581002,1.6666666666666667
1500000US360610210002,1.6666666666666667
1500000US360850128051,1.6666666666666667
1500000US360610132006,1.6666666666666667
1500000US360810320004,1.6666666666666667
1500000US360470183001,1.6666666666666667
1500000US360050225006,1.6666666666666667
1500000US360810929003,1.6666666666666667
1500000US360810024001,1.6666666666666667
1500000US360470506002,1.6666666666666667
1500000US360810641011,1.6666666666666667
1500000US360470530001,1.6666666666666667
1500000US360810249001,1.6666666666666667
1500000US360610015013,1.6666666666666667
1500000US360810845002,1.6666666666666667
1500000US360810116002,1.6666666666666667
1500000US360470588001,1.6666666666666667
1500000US360610199003,1.6666666666666667
1500000US360810859001,1.6666666666666667
1500000US360810381001,1.6666666666666667
1500000US360050393003,1.6666666666666667
1500000US360810713042,1.6666666666666667
1500000US360810230001,1.6666666666666667
1500000US360810625001,1.6666666666666667
1500000US360811171003,1.6666666666666667
1500000US360050264004,1.6666666666666667
1500000US360610038006,1.6666666666666667
1500000US360470311003,1.6666666666666667
1500000US360610138005,1.6666666666666667
1500000US360810059001,1.6666666666666667
1500000US360610149004,1.6666666666666667
1500000US360470410001,1.6666666666666667
1500000US360470060003,1.6666666666666667
1500000US360470180001,1.6666666666666667
1500000US360050070002,1.6666666666666667
1500000US360810103001,1.6666666666666667
1500000US360850226002,1.6666666666666667
1500000US360470169004,1.6666666666666667
1500000US360470546001,1.6666666666666667
1500000US360610279007,1.6666666666666667
1500000US360610267001,1.6666666666666667
1500000US360470215002,1.6666666666666667
1500000US360610146011,1.6666666666666667
1500000US360810592001,1.6666666666666667
1500000US360470832001,1.6666666666666667
1500000US360470276001,1.6666666666666667
1500000US360470229001,1.6666666666666667
1500000US360470212003,1.6666666666666667
1500000US360050274023,1.6666666666666667
1500000US360470244002,1.6666666666666667
1500000US360470201002,1.6666666666666667
1500000US360810185013,1.6666666666666667
1500000US360050086001,1.6666666666666667
1500000US360470108002,1.6666666666666667
1500000US360050413006,1.6666666666666667
1500000US360470486003,1.6666666666666667
1500000US360850146081,1.6666666666666667
1500000US360810020001,1.6666666666666667
1500000US360470768003,1.6666666666666667
1500000US360470336003,1.6666666666666667
1500000US360810174002,1.6666666666666667
1500000US360050396004,1.6666666666666667
1500000US360050050011,1.6666666666666667
1500000US360810287004,1.6666666666666667
1500000US360470565001,1.6666666666666667
1500000US360470481002,1.6666666666666667
1500000US360050229015,1.6666666666666667
1500000US360810123011,1.6666666666666667
1500000US360050504001,1.6666666666666667
1500000US360810112001,1.6666666666666667
1500000US360470854001,1.6666666666666667
1500000US360810480002,1.6666666666666667
1500000US360810007003,1.6666666666666667
1500000US360810351003,1.6666666666666667
1500000US360050360003,1.6666666666666667
1500000US360810443011,1.6666666666666667
1500000US360470988001,1.6666666666666667
1500000US360610061002,1.6666666666666667
1500000US360810104001,1.6666666666666667
1500000US360610098003,1.6666666666666667
1500000US360470470001,1.6666666666666667
1500000US360470136004,1.6666666666666667
1500000US360610144024,1.6666666666666667
1500000US360610138003,1.6666666666666667
1500000US360050027024,1.6666666666666667
1500000US360810713031,1.6666666666666667
1500000US360470060002,1.6666666666666667
1500000US360610066003,1.6666666666666667
1500000US360470419003,1.6666666666666667
1500000US360850170111,1.6666666666666667
1500000US360850128064,1.6666666666666667
1500000US360050279001,1.6666666666666667
1500000US360610291002,1.6666666666666667
1500000US360471004001,1.6666666666666667
1500000US360470431003,1.6666666666666667
1500000US360470545006,1.6666666666666667
1500000US360470402001,1.6666666666666667
1500000US360050415001,1.6666666666666667
1500000US360050019002,1.6666666666666667
1500000US360811039002,1.6666666666666667
1500000US360050456001,1.6666666666666667
1500000US360810556001,1.6666666666666667
1500000US360470240003,1.6666666666666667
1500000US360810123012,1.6666666666666667
1500000US360471058041,1.6666666666666667
1500000US360811215002,1.6666666666666667
1500000US360470314004,1.6666666666666667
1500000US360610072001,1.6666666666666667
1500000US360810818003,1.6666666666666667
1500000US360050274014,1.6666666666666667
1500000US360470508042,1.6666666666666667
1500000US360470928001,1.6666666666666667
1500000US360810142012,1.6666666666666667
1500000US360470388002,1.6666666666666667
1500000US360610050005,1.6666666666666667
1500000US360050016002,1.6666666666666667
1500000US360610078006,1.6666666666666667
1500000US360050391005,1.6666666666666667
1500000US360810601001,1.6666666666666667
1500000US360050426005,1.6666666666666667
1500000US360471162003,1.6666666666666667
1500000US360810664005,1.6666666666666667
1500000US360810062021,1.6666666666666667
1500000US360050227031,1.6666666666666667
1500000US360050181021,1.6666666666666667
1500000US360810008001,1.6666666666666667
1500000US360050161002,1.6666666666666667
1500000US360050181024,1.6666666666666667
1500000US360810379003,1.6666666666666667
1500000US360050371003,1.6666666666666667
1500000US360810024002,1.6666666666666667
1500000US360610080004,1.6666666666666667
1500000US360810306002,1.6666666666666667
1500000US360470492001,1.6666666666666667
1500000US360470183002,1.6666666666666667
1500000US360470576002,1.6666666666666667
1500000US360810102002,1.6666666666666667
1500000US360810683003,1.6666666666666667
1500000US360050310001,1.6666666666666667
1500000US360810539002,1.6666666666666667
1500000US360470489003,1.6666666666666667
1500000US360610098006,1.6666666666666667
1500000US360050201003,1.6666666666666667
1500000US360811447001,1.6666666666666667
1500000US360050295004,1.6666666666666667
1500000US360810014003,1.6666666666666667
1500000US360471058011,1.6666666666666667
1500000US360050181012,1.6666666666666667
1500000US360471012002,1.6666666666666667
1500000US360050064002,1.6666666666666667
1500000US360610191002,1.6666666666666667
1500000US360470234001,1.6666666666666667
1500000US360610126008,1.6666666666666667
1500000US360810281002,1.6666666666666667
1500000US360050004004,1.6666666666666667
1500000US360810564001,1.6666666666666667
1500000US360810942033,1.6666666666666667
1500000US360810779021,1.6666666666666667
1500000US360810168001,1.6666666666666667
1500000US360470336005,1.6666666666666667
1500000US360811385021,1.6666666666666667
1500000US360050332023,1.6666666666666667
1500000US360470199003,1.6666666666666667
1500000US360470207001,1.6666666666666667
1500000US360470275004,1.6666666666666667
1500000US360470275003,1.6666666666666667
1500000US360470970002,1.6666666666666667
1500000US360810467001,1.6666666666666667
1500000US360811039001,1.6666666666666667
1500000US360610311001,1.6666666666666667
1500000US360470220001,1.6666666666666667
1500000US360810721003,1.6666666666666667
1500000US360811341003,1.6666666666666667
1500000US360850277051,1.6666666666666667
1500000US360470117001,1.6666666666666667
1500000US360810942034,1.6666666666666667
1500000US360050281001,1.6666666666666667
1500000US360610210003,1.6666666666666667
1500000US360610138007,1.6666666666666667
1500000US360610075002,1.6666666666666667
1500000US360470131002,1.6666666666666667
1500000US360470201001,1.6666666666666667
1500000US360050251004,1.6666666666666667
1500000US360050285003,1.6666666666666667
1500000US360610126004,1.6666666666666667
1500000US360470390001,1.6666666666666667
1500000US360610269006,1.6666666666666667
1500000US360810288003,1.6666666666666667
1500000US360610154006,1.6666666666666667
1500000US360811191001,1.6666666666666667
1500000US360470280002,1.6666666666666667
1500000US360050098001,1.6666666666666667
1500000US360470582001,1.6666666666666667
1500000US360610036012,1.6666666666666667
1500000US360470325001,1.6666666666666667
1500000US360810116001,1.6666666666666667
1500000US360810122002,1.6666666666666667
1500000US360470126003,1.6666666666666667
1500000US360610110001,1.6666666666666667
1500000US360050363001,1.6666666666666667
1500000US360050273004,1.6666666666666667
1500000US360610002023,1.6666666666666667
1500000US360810125002,1.6666666666666667
1500000US360470370001,1.6666666666666667
1500000US360610138002,1.6666666666666667
1500000US360610012002,1.6666666666666667
1500000US360810709001,1.6666666666666667
1500000US360810531001,1.6666666666666667
1500000US360610160021,1.6666666666666667
1500000US360610138006,1.6666666666666667
1500000US360470261005,1.6666666666666667
1500000US360810198002,1.6666666666666667
1500000US360470930001,1.6666666666666667
1500000US360050212003,1.6666666666666667
1500000US360810567004,1.6666666666666667
1500000US360470444001,1.6666666666666667
1500000US360470335001,1.6666666666666667
1500000US360810026001,1.6666666666666667
1500000US360050184003,1.6666666666666667
1500000US360050028002,1.6666666666666667
1500000US360810271003,1.6666666666666667
1500000US360470882003,1.6666666666666667
1500000US360810006001,1.6666666666666667
1500000US360610093005,1.6666666666666667
1500000US360810585001,1.6666666666666667
1500000US360050345002,1.6666666666666667
1500000US360470280001,1.6666666666666667
1500000US360470126002,1.6666666666666667
1500000US360810182002,1.6666666666666667
1500000US360471237002,1.6666666666666667
1500000US360810073003,1.6666666666666667
1500000US360470558001,1.6666666666666667
1500000US360050448001,1.6666666666666667
1500000US360470066003,1.6666666666666667
1500000US360850173001,1.6666666666666667
1500000US360811113001,1.6666666666666667
1500000US360050213023,1.6666666666666667
1500000US360470417003,1.6666666666666667
1500000US360810863001,1.6666666666666667
1500000US360610157004,1.6666666666666667
1500000US360050199002,1.6666666666666667
1500000US360470902005,1.6666666666666667
1500000US360050297001,1.6666666666666667
1500000US360810263003,1.6666666666666667
1500000US360811257003,1.6666666666666667
1500000US360610140003,1.6666666666666667
1500000US360850097003,1.6666666666666667
1500000US360810981002,1.6666666666666667
1500000US360610118006,1.6666666666666667
1500000US360810448002,1.3333333333333333
1500000US360470404001,1.3333333333333333
1500000US360470387004,1.3333333333333333
1500000US360050309004,1.3333333333333333
1500000US360050173002,1.3333333333333333
1500000US360470383004,1.3333333333333333
1500000US360610063003,1.3333333333333333
1500000US360811463001,1.3333333333333333
1500000US360810660002,1.3333333333333333
1500000US360810884003,1.3333333333333333
1500000US360810271004,1.3333333333333333
1500000US360470302003,1.3333333333333333
1500000US360470826002,1.3333333333333333
1500000US360810235003,1.3333333333333333
1500000US360470056011,1.3333333333333333
1500000US360850134003,1.3333333333333333
1500000US360470738001,1.3333333333333333
1500000US360470336001,1.3333333333333333
1500000US360050335002,1.3333333333333333
1500000US360470870003,1.3333333333333333
1500000US360610167002,1.3333333333333333
1500000US360810545003,1.3333333333333333
1500000US360471502003,1.3333333333333333
1500000US360470242002,1.3333333333333333
1500000US360470546002,1.3333333333333333
1500000US360470732001,1.3333333333333333
1500000US360470236001,1.3333333333333333
1500000US360610177007,1.3333333333333333
1500000US360470184002,1.3333333333333333
1500000US360810317004,1.3333333333333333
1500000US360050229014,1.3333333333333333
1500000US360470640002,1.3333333333333333
1500000US360610277004,1.3333333333333333
1500000US360470638002,1.3333333333333333
1500000US360050300005,1.3333333333333333
1500000US360850146041,1.3333333333333333
1500000US360470760002,1.3333333333333333
1500000US360470474001,1.3333333333333333
1500000US360470488003,1.3333333333333333
1500000US360470636001,1.3333333333333333
1500000US360050460002,1.3333333333333333
1500000US360470288003,1.3333333333333333
1500000US360811155001,1.3333333333333333
1500000US360470141002,1.3333333333333333
1500000US360810295001,1.3333333333333333
1500000US360610070005,1.3333333333333333
1500000US360470175001,1.3333333333333333
1500000US360470182001,1.3333333333333333
1500000US360811193002,1.3333333333333333
1500000US360810398002,1.3333333333333333
1500000US360810489002,1.3333333333333333
1500000US360050267022,1.3333333333333333
1500000US360810840005,1.3333333333333333
1500000US360470119003,1.3333333333333333
1500000US360850070004,1.3333333333333333
1500000US360810884001,1.3333333333333333
1500000US360470511003,1.3333333333333333
1500000US360470266001,1.3333333333333333
1500000US360050279006,1.3333333333333333
1500000US360810183003,1.3333333333333333
1500000US360470436001,1.3333333333333333
1500000US360810566001,1.3333333333333333
1500000US360810621001,1.3333333333333333
1500000US360470678001,1.3333333333333333
1500000US360470746001,1.3333333333333333
1500000US360050028004,1.3333333333333333
1500000US360850138001,1.3333333333333333
1500000US360050002001,1.3333333333333333
1500000US360850247002,1.3333333333333333
1500000US360050205022,1.3333333333333333
1500000US360810183004,1.3333333333333333
1500000US360810656001,1.3333333333333333
1500000US360470374012,1.3333333333333333
1500000US360470413002,1.3333333333333333
1500000US360470770002,1.3333333333333333
1500000US360050179012,1.3333333333333333
1500000US360850138005,1.3333333333333333
1500000US360470894002,1.3333333333333333
1500000US360470244001,1.3333333333333333
1500000US360470696023,1.3333333333333333
1500000US360050061002,1.3333333333333333
1500000US360050083003,1.3333333333333333
1500000US360610134003,1.3333333333333333
1500000US360470832002,1.3333333333333333
1500000US360470253002,1.3333333333333333
1500000US360850156033,1.3333333333333333
1500000US360470548001,1.3333333333333333
1500000US360810115001,1.3333333333333333
1500000US360610134001,1.3333333333333333
1500000US360610079003,1.3333333333333333
1500000US360610153007,1.3333333333333333
1500000US360470149003,1.3333333333333333
1500000US360810779082,1.3333333333333333
1500000US360050413002,1.3333333333333333
1500000US360470349001,1.3333333333333333
1500000US360610159001,1.3333333333333333
1500000US360470564002,1.3333333333333333
1500000US360610090003,1.3333333333333333
1500000US360470049001,1.3333333333333333
1500000US360470416001,1.3333333333333333
1500000US360850277053,1.3333333333333333
1500000US360850067003,1.3333333333333333
1500000US360050070003,1.3333333333333333
1500000US360050211004,1.3333333333333333
1500000US360811227017,1.3333333333333333
1500000US360810294005,1.3333333333333333
1500000US360610066007,1.3333333333333333
1500000US360470496003,1.3333333333333333
1500000US360810126021,1.3333333333333333
1500000US360811399002,1.3333333333333333
1500000US360470594014,1.3333333333333333
1500000US360470142001,1.3333333333333333
1500000US360470197001,1.3333333333333333
1500000US360810062026,1.3333333333333333
1500000US360470005021,1.3333333333333333
1500000US360470180002,1.3333333333333333
1500000US360050216014,1.3333333333333333
1500000US360810925003,1.3333333333333333
1500000US360610086021,1.3333333333333333
1500000US360470195001,1.3333333333333333
1500000US360610018004,1.3333333333333333
1500000US360610044004,1.3333333333333333
1500000US360470066001,1.3333333333333333
1500000US360810071002,1.3333333333333333
1500000US360610137001,1.3333333333333333
1500000US360470374024,1.3333333333333333
1500000US360610090002,1.3333333333333333
1500000US360850050002,1.3333333333333333
1500000US360610307003,1.3333333333333333
1500000US360811417001,1.3333333333333333
1500000US360470288001,1.3333333333333333
1500000US360470996001,1.3333333333333333
1500000US360810846011,1.3333333333333333
1500000US360810128002,1.3333333333333333
1500000US360470946003,1.3333333333333333
1500000US360470131003,1.3333333333333333
1500000US360470236004,1.3333333333333333
1500000US360470232004,1.3333333333333333
1500000US360050252002,1.3333333333333333
1500000US360810892002,1.3333333333333333
1500000US360811579015,1.3333333333333333
1500000US360850067002,1.3333333333333333
1500000US360470946002,1.3333333333333333
1500000US360470450001,1.3333333333333333
1500000US360470472002,1.3333333333333333
1500000US360810103004,1.3333333333333333
1500000US360470411002,1.3333333333333333
1500000US360470282001,1.3333333333333333
1500000US360050393005,1.3333333333333333
1500000US360470606002,1.3333333333333333
1500000US360810181011,1.3333333333333333
1500000US360810664003,1.3333333333333333
1500000US360810259001,1.3333333333333333
1500000US360050092002,1.3333333333333333
1500000US360050068001,1.3333333333333333
1500000US360810459001,1.3333333333333333
1500000US360050160001,1.3333333333333333
1500000US360850279001,1.3333333333333333
1500000US360470068001,1.3333333333333333
1500000US360810855003,1.3333333333333333
1500000US360810707001,1.3333333333333333
1500000US360810538002,1.3333333333333333
1500000US360810118002,1.3333333333333333
1500000US360050090005,1.3333333333333333
1500000US360471008002,1.3333333333333333
1500000US360470542003,1.3333333333333333
1500000US360810838003,1.3333333333333333
1500000US360470205002,1.3333333333333333
1500000US360470434001,1.3333333333333333
1500000US360810663003,1.3333333333333333
1500000US360470240002,1.3333333333333333
1500000US360810998012,1.3333333333333333
1500000US360610066004,1.3333333333333333
1500000US360610136001,1.3333333333333333
1500000US360470112002,1.3333333333333333
1500000US360470439001,1.3333333333333333
1500000US360050348004,1.3333333333333333
1500000US360050218001,1.3333333333333333
1500000US360850187021,1.3333333333333333
1500000US360610106011,1.3333333333333333
1500000US360610070004,1.3333333333333333
1500000US360810942032,1.3333333333333333
1500000US360811099001,1.3333333333333333
1500000US360811385012,1.3333333333333333
1500000US360850040005,1.3333333333333333
1500000US360050449021,1.3333333333333333
1500000US360850208033,1.3333333333333333
1500000US360470064002,1.3333333333333333
1500000US360050059022,1.3333333333333333
1500000US360810492003,1.3333333333333333
1500000US360470650002,1.3333333333333333
1500000US360810889013,1.3333333333333333
1500000US360050391006,1.3333333333333333
1500000US360610088004,1.3333333333333333
1500000US360850097002,1.3333333333333333
1500000US360050059021,1.3333333333333333
1500000US360470135001,1.3333333333333333
1500000US360470408003,1.3333333333333333
1500000US360050449011,1.3333333333333333
1500000US360610032006,1.3333333333333333
1500000US360810739003,1.3333333333333333
1500000US360810054002,1.3333333333333333
1500000US360811447002,1.3333333333333333
1500000US360050358001,1.3333333333333333
1500000US360610078005,1.3333333333333333
1500000US360470205001,1.3333333333333333
1500000US360470254001,1.3333333333333333
1500000US360610247003,1.3333333333333333
1500000US360050426003,1.3333333333333333
1500000US360850291035,1.3333333333333333
1500000US360610098005,1.3333333333333333
1500000US360470130001,1.3333333333333333
1500000US360470529003,1.3333333333333333
1500000US360610220003,1.3333333333333333
1500000US360050160002,1.3333333333333333
1500000US360810773001,1.3333333333333333
1500000US360470155004,1.3333333333333333
1500000US360811032022,1.3333333333333333
1500000US360050132004,1.3333333333333333
1500000US360811085002,1.3333333333333333
1500000US360610132001,1.3333333333333333
1500000US360811571021,1.3333333333333333
1500000US360470181001,1.3333333333333333
1500000US360050228002,1.3333333333333333
1500000US360050241004,1.3333333333333333
1500000US360610157002,1.3333333333333333
1500000US360470658002,1.3333333333333333
1500000US360810269012,1.3333333333333333
1500000US360810277001,1.3333333333333333
1500000US360810583002,1.3333333333333333
1500000US360810187003,1.3333333333333333
1500000US360810621003,1.3333333333333333
1500000US360470529002,1.3333333333333333
1500000US360470267001,1.3333333333333333
1500000US360050281003,1.3333333333333333
1500000US360470571003,1.3333333333333333
1500000US360810788002,1.3333333333333333
1500000US360810002001,1.3333333333333333
1500000US360470432001,1.3333333333333333
1500000US360470610043,1.3333333333333333
1500000US360850208011,1.3333333333333333
1500000US360470776003,1.3333333333333333
1500000US360850170093,1.3333333333333333
1500000US360810664008,1.3333333333333333
1500000US360610038004,1.3333333333333333
1500000US360810141002,1.3333333333333333
1500000US360470092003,1.3333333333333333
1500000US360470176002,1.3333333333333333
1500000US360470628002,1.3333333333333333
1500000US360470157002,1.3333333333333333
1500000US360610165001,1.3333333333333333
1500000US360050025004,1.3333333333333333
1500000US360610261006,1.3333333333333333
1500000US360810484001,1.3333333333333333
1500000US360810665014,1.3333333333333333
1500000US360810012001,1.3333333333333333
1500000US360470674002,1.3333333333333333
1500000US360050266021,1.3333333333333333
1500000US360610081003,1.3333333333333333
1500000US360810235001,1.3333333333333333
1500000US360050251002,1.3333333333333333
1500000US360610317044,1.3333333333333333
1500000US360810140002,1.3333333333333333
1500000US360811247002,1.3333333333333333
1500000US360470134003,1.3333333333333333
1500000US360050130001,1.3333333333333333
1500000US360050302002,1.3333333333333333
1500000US360050403042,1.3333333333333333
1500000US360470286005,1.3333333333333333
1500000US360470550002,1.3333333333333333
1500000US360810073001,1.3333333333333333
1500000US360470283003,1.3333333333333333
1500000US360470444003,1.3333333333333333
1500000US360470041002,1.3333333333333333
1500000US360811507012,1.3333333333333333
1500000US360470644001,1.3333333333333333
1500000US360810619001,1.3333333333333333
1500000US360811017003,1.3333333333333333
1500000US360810143001,1.3333333333333333
1500000US360050210015,1.3333333333333333
1500000US360810253013,1.3333333333333333
1500000US360810095002,1.3333333333333333
1500000US360610138001,1.3333333333333333
1500000US360050041003,1.3333333333333333
1500000US360610014012,1.3333333333333333
1500000US360470527001,1.3333333333333333
1500000US360470692002,1.3333333333333333
1500000US360610144025,1.3333333333333333
1500000US360810113003,1.3333333333333333
1500000US360050020006,1.3333333333333333
1500000US360850173002,1.3333333333333333
1500000US360050429022,1.3333333333333333
1500000US360811301004,1.3333333333333333
1500000US360470848002,1.3333333333333333
1500000US360810330002,1.3333333333333333
1500000US360470371003,1.3333333333333333
1500000US360470375001,1.3333333333333333
1500000US360470360021,1.3333333333333333
1500000US360811265001,1.3333333333333333
1500000US360811215003,1.3333333333333333
1500000US360470501002,1.3333333333333333
1500000US360470598002,1.3333333333333333
1500000US360850201003,1.3333333333333333
1500000US360610110006,1.3333333333333333
1500000US360470482001,1.3333333333333333
1500000US360470266002,1.3333333333333333
1500000US360050276001,1.3333333333333333
1500000US360810595004,1.3333333333333333
1500000US360810814001,1.3333333333333333
1500000US360050248001,1.3333333333333333
1500000US360810635002,1.3333333333333333
1500000US360810928003,1.3333333333333333
1500000US360810291003,1.3333333333333333
1500000US360810665013,1.3333333333333333
1500000US360810402002,1.3333333333333333
1500000US360470134001,1.3333333333333333
1500000US360470349004,1.3333333333333333
1500000US360810042002,1.3333333333333333
1500000US360810594002,1.3333333333333333
1500000US360050300002,1.3333333333333333
1500000US360470070002,1.3333333333333333
1500000US360470600001,1.3333333333333333
1500000US360470622002,1.3333333333333333
1500000US360470077002,1.3333333333333333
1500000US360810629002,1.3333333333333333
1500000US360810667011,1.3333333333333333
1500000US360471016001,1.3333333333333333
1500000US360811621005,1.3333333333333333
1500000US360810731002,1.3333333333333333
1500000US360850050003,1.3333333333333333
1500000US360811529021,1.3333333333333333
1500000US360050429012,1.3333333333333333
1500000US360470782001,1.3333333333333333
1500000US360810450002,1.3333333333333333
1500000US360850189012,1.3333333333333333
1500000US360470114001,1.3333333333333333
1500000US360050118002,1.3333333333333333
1500000US360050429013,1.3333333333333333
1500000US360810187001,1.3333333333333333
1500000US360810664002,1.3333333333333333
1500000US360470227002,1.3333333333333333
1500000US360470167002,1.3333333333333333
1500000US360470525002,1.3333333333333333
1500000US360470748002,1.3333333333333333
1500000US360810694001,1.3333333333333333
1500000US360470289003,1.3333333333333333
1500000US360610201024,1.3333333333333333
1500000US360850132011,1.3333333333333333
1500000US360470502022,1.3333333333333333
1500000US360610078007,1.3333333333333333
1500000US360050428002,1.3333333333333333
1500000US360470219002,1.3333333333333333
1500000US360810517002,1.3333333333333333
1500000US360471010001,1.3333333333333333
1500000US360610283004,1.3333333333333333
1500000US360470560003,1.3333333333333333
1500000US360050419002,1.3333333333333333
1500000US360050419007,1.3333333333333333
1500000US360810682001,1.3333333333333333
1500000US360811429002,1.3333333333333333
1500000US360470392001,1.3333333333333333
1500000US360810654003,1.3333333333333333
1500000US360470403003,1.3333333333333333
1500000US360810052001,1.3333333333333333
1500000US360470551002,1.3333333333333333
1500000US360610002022,1.3333333333333333
1500000US360050411001,1.3333333333333333
1500000US360610192002,1.3333333333333333
1500000US360850075002,1.3333333333333333
1500000US360470523004,1.3333333333333333
1500000US360470421002,1.3333333333333333
1500000US360811029001,1.3333333333333333
1500000US360470331002,1.3333333333333333
1500000US360470556001,1.3333333333333333
1500000US360470481001,1.3333333333333333
1500000US360810840004,1.3333333333333333
1500000US360470494001,1.3333333333333333
1500000US360470392002,1.3333333333333333
1500000US360470270002,1.3333333333333333
1500000US360470279001,1.3333333333333333
1500000US360470494003,1.3333333333333333
1500000US360470786003,1.3333333333333333
1500000US360850170083,1.3333333333333333
1500000US360810456001,1.3333333333333333
1500000US360470293004,1.3333333333333333
1500000US360470139004,1.3333333333333333
1500000US360470443003,1.3333333333333333
1500000US360470045002,1.3333333333333333
1500000US360810939002,1.3333333333333333
1500000US360810105003,1.3333333333333333
1500000US360810469002,1.3333333333333333
1500000US360470264002,1.0
1500000US360470426003,1.0
1500000US360810790001,1.0
1500000US360810594001,1.0
1500000US360810512003,1.0
1500000US360610055021,1.0
1500000US360470674001,1.0
1500000US360810606001,1.0
1500000US360810007002,1.0
1500000US360470062001,1.0
1500000US360850177004,1.0
1500000US360810892008,1.0
1500000US360810105001,1.0
1500000US360050370001,1.0
1500000US360470966001,1.0
1500000US360470533005,1.0
1500000US360470612001,1.0
1500000US360470003014,1.0
1500000US360850040004,1.0
1500000US360470750002,1.0
1500000US360050037001,1.0
1500000US360810484003,1.0
1500000US360610199004,1.0
1500000US360810367001,1.0
1500000US360810623001,1.0
1500000US360610036011,1.0
1500000US360050096001,1.0
1500000US360050398001,1.0
1500000US360850251002,1.0
1500000US360470644002,1.0
1500000US360610082003,1.0
1500000US360470956001,1.0
1500000US360470646001,1.0
1500000US360810562001,1.0
1500000US360470460002,1.0
1500000US360811159002,1.0
1500000US360050358004,1.0
1500000US360470428001,1.0
1500000US360470268004,1.0
1500000US360470092002,1.0
1500000US360610146014,1.0
1500000US360810176002,1.0
1500000US360810183002,1.0
1500000US360810045002,1.0
1500000US360050430003,1.0
1500000US360470094003,1.0
1500000US360610086034,1.0
1500000US360850020011,1.0
1500000US360811171001,1.0
1500000US360811529012,1.0
1500000US360810004002,1.0
1500000US360610144013,1.0
1500000US360850156011,1.0
1500000US360810616011,1.0
1500000US360810587003,1.0
1500000US360810650001,1.0
1500000US360810334022,1.0
1500000US360810947001,1.0
1500000US360470423003,1.0
1500000US360470632001,1.0
1500000US360470586002,1.0
1500000US360470165002,1.0
1500000US360470005011,1.0
1500000US360850291042,1.0
1500000US360850169012,1.0
1500000US360050074003,1.0
1500000US360810711003,1.0
1500000US360850156014,1.0
1500000US360470044002,1.0
1500000US360050300006,1.0
1500000US360050243003,1.0
1500000US360470758001,1.0
1500000US360810743004,1.0
1500000US360470284003,1.0
1500000US360470442002,1.0
1500000US360470436002,1.0
1500000US360470138001,1.0
1500000US360470486002,1.0
1500000US360470041003,1.0
1500000US360470458001,1.0
1500000US360811047004,1.0
1500000US360810181013,1.0
1500000US360610077005,1.0
1500000US360050351003,1.0
1500000US360810814003,1.0
1500000US360470730002,1.0
1500000US360470035002,1.0
1500000US360610048002,1.0
1500000US360470168001,1.0
1500000US360850156012,1.0
1500000US360810376003,1.0
1500000US360470206001,1.0
1500000US360050444002,1.0
1500000US360470238001,1.0
1500000US360470762003,1.0
1500000US360470210001,1.0
1500000US360850170072,1.0
1500000US360050332021,1.0
1500000US360050098004,1.0
1500000US360810065023,1.0
1500000US360811189001,1.0
1500000US360810545001,1.0
1500000US360810358004,1.0
1500000US360811017007,1.0
1500000US360810657031,1.0
1500000US360470582003,1.0
1500000US360470159004,1.0
1500000US360610241002,1.0
1500000US360610285002,1.0
1500000US360470226002,1.0
1500000US360810135001,1.0
1500000US360050256001,1.0
1500000US360810657032,1.0
1500000US360810757013,1.0
1500000US360810669001,1.0
1500000US360810383020,1.0
1500000US360470456001,1.0
1500000US360050138002,1.0
1500000US360050363002,1.0
1500000US360050063004,1.0
1500000US360050016001,1.0
1500000US360810022001,1.0
1500000US360610137002,1.0
1500000US360810059002,1.0
1500000US360810481002,1.0
1500000US360610201023,1.0
1500000US360850112012,1.0
1500000US360470406003,1.0
1500000US360810051001,1.0
1500000US360470474002,1.0
1500000US360470546003,1.0
1500000US360610108005,1.0
1500000US360850074001,1.0
1500000US360810230002,1.0
1500000US360050462012,1.0
1500000US360470414021,1.0
1500000US360810840002,1.0
1500000US360470001003,1.0
1500000US360810538001,1.0
1500000US360610089003,1.0
1500000US360810757023,1.0
1500000US360470065002,1.0
1500000US360050442003,1.0
1500000US360050183012,1.0
1500000US360470512003,1.0
1500000US360811241002,1.0
1500000US360810493011,1.0
1500000US360850170071,1.0
1500000US360810058004,1.0
1500000US360470513004,1.0
1500000US360810922003,1.0
1500000US360610160014,1.0
1500000US360470145001,1.0
1500000US360810243001,1.0
1500000US360470117002,1.0
1500000US360470268003,1.0
1500000US360470824002,1.0
1500000US360810919002,1.0
1500000US360470620002,1.0
1500000US360470208003,1.0
1500000US360610122002,1.0
1500000US360610134002,1.0
1500000US360050119003,1.0
1500000US360810929001,1.0
1500000US360470768002,1.0
1500000US360810499001,1.0
1500000US360610124006,1.0
1500000US360610106023,1.0
1500000US360470195004,1.0
1500000US360810114001,1.0
1500000US360810919001,1.0
1500000US360470232002,1.0
1500000US360810062012,1.0
1500000US360811579025,1.0
1500000US360050318002,1.0
1500000US360610277003,1.0
1500000US360810998023,1.0
1500000US360470176001,1.0
1500000US360850277041,1.0
1500000US360811033003,1.0
1500000US360470484003,1.0
1500000US360050164001,1.0
1500000US360811047002,1.0
1500000US360811341002,1.0
1500000US360610060003,1.0
1500000US360810697011,1.0
1500000US360810693002,1.0
1500000US360470333003,1.0
1500000US360470204001,1.0
1500000US360470568002,1.0
1500000US360050210027,1.0
1500000US360810159001,1.0
1500000US360470336004,1.0
1500000US360810639002,1.0
1500000US360470160001,1.0
1500000US360811441001,1.0
1500000US360610154008,1.0
1500000US360470538001,1.0
1500000US360050078004,1.0
1500000US360810220022,1.0
1500000US360470064001,1.0
1500000US360810566002,1.0
1500000US360810743002,1.0
1500000US360470272002,1.0
1500000US360810664006,1.0
1500000US360050332012,1.0
1500000US360470163003,1.0
1500000US360470571001,1.0
1500000US360470838002,1.0
1500000US360810472002,1.0
1500000US360810150001,1.0
1500000US360610210001,1.0
1500000US360050358005,1.0
1500000US360810997043,1.0
1500000US360810101002,1.0
1500000US360811467003,1.0
1500000US360050254002,1.0
1500000US360050237043,1.0
1500000US360050279005,1.0
1500000US360470872002,1.0
1500000US360810097002,1.0
1500000US360470560002,1.0
1500000US360810147002,1.0
1500000US360810506001,1.0
1500000US360610012003,1.0
1500000US360050246001,1.0
1500000US360810469003,1.0
1500000US360850132033,1.0
1500000US360470562002,1.0
1500000US360811047003,1.0
1500000US360810779044,1.0
1500000US360810476001,1.0
1500000US360470552001,1.0
1500000US360810694002,1.0
1500000US360470058003,1.0
1500000US360811193001,1.0
1500000US360610235014,1.0
1500000US360470194001,1.0
1500000US360470626001,1.0
1500000US360850170123,1.0
1500000US360610140005,1.0
1500000US360850277062,1.0
1500000US360810476002,1.0
1500000US360470206002,1.0
1500000US360810376001,1.0
1500000US360810580001,1.0
1500000US360471210001,1.0
1500000US360470890003,1.0
1500000US360470197004,1.0
1500000US360610142006,1.0
1500000US360470212002,1.0
1500000US360470734001,1.0
1500000US360050314001,1.0
1500000US360470272003,1.0
1500000US360050251007,1.0
1500000US360470149005,1.0
1500000US360810775001,1.0
1500000US360470154001,1.0
1500000US360610152006,1.0
1500000US360050224043,1.0
1500000US360811409022,1.0
1500000US360810577003,1.0
1500000US360050245022,1.0
1500000US360470143002,1.0
1500000US360050236002,1.0
1500000US360810288001,1.0
1500000US360610238022,1.0
1500000US360050337002,1.0
1500000US360050248003,1.0
1500000US360470214001,1.0
1500000US360470501001,1.0
1500000US360470269001,1.0
1500000US360810803022,1.0
1500000US360050210013,1.0
1500000US360810747002,1.0
1500000US360470131001,1.0
1500000US360470036001,1.0
1500000US360810599002,1.0
1500000US360850251003,1.0
1500000US360610098004,1.0
1500000US360810585002,1.0
1500000US360810331001,1.0
1500000US360050484001,1.0
1500000US360850105003,1.0
1500000US360850277021,1.0
1500000US360810243002,1.0
1500000US360610038002,1.0
1500000US360470498002,1.0
1500000US360610149005,1.0
1500000US360050183013,1.0
1500000US360810073002,1.0
1500000US360810176001,1.0
1500000US360810669002,1.0
1500000US360610157005,1.0
1500000US360050177021,1.0
1500000US360610160012,1.0
1500000US360810075003,1.0
1500000US360470500002,1.0
1500000US360050318001,1.0
1500000US360810407004,1.0
1500000US360050338002,1.0
1500000US360470228002,1.0
1500000US360470218003,1.0
1500000US360811247003,1.0
1500000US360850170102,1.0
1500000US360850277052,1.0
1500000US360810424002,1.0
1500000US360050431001,1.0
1500000US360811579024,1.0
1500000US360811367004,1.0
1500000US360850151002,1.0
1500000US360810025003,1.0
1500000US360810624001,1.0
1500000US360850132043,1.0
1500000US360050205021,1.0
1500000US360470244003,1.0
1500000US360050145002,1.0
1500000US360470050003,1.0
1500000US360470394003,1.0
1500000US360470197002,1.0
1500000US360810040011,1.0
1500000US360050350002,1.0
1500000US360470416002,1.0
1500000US360610261004,1.0
1500000US360810630001,1.0
1500000US360470570002,1.0
1500000US360810542002,1.0
1500000US360050449012,1.0
1500000US360810309042,1.0
1500000US360470966002,1.0
1500000US360850189023,1.0
1500000US360811133001,1.0
1500000US360470448002,1.0
1500000US360610181004,1.0
1500000US360470565002,1.0
1500000US360470589002,1.0
1500000US360470003013,1.0
1500000US360810616022,1.0
1500000US360470265001,1.0
1500000US360470736002,1.0
1500000US360810857002,1.0
1500000US360470286002,1.0
1500000US360810004003,1.0
1500000US360470998002,1.0
1500000US360470273002,1.0
1500000US360050300004,1.0
1500000US360850197001,1.0
1500000US360811579034,1.0
1500000US360470243001,1.0
1500000US360050456003,1.0
1500000US360850244011,1.0
1500000US360810687001,1.0
1500000US360811291042,1.0
1500000US360470533004,1.0
1500000US360470248001,1.0
1500000US360470406001,1.0
1500000US360050119002,1.0
1500000US360050245014,1.0
1500000US360050374003,1.0
1500000US360810121002,1.0
1500000US360810709002,1.0
1500000US360470296001,1.0
1500000US360810289002,1.0
1500000US360610126007,1.0
1500000US360470162002,1.0
1500000US360470221003,1.0
1500000US360810596001,1.0
1500000US360470563004,1.0
1500000US360050338003,1.0
1500000US360470140002,1.0
1500000US360811195001,1.0
1500000US360810104002,1.0
1500000US360470133003,1.0
1500000US360811367005,1.0
1500000US360470738003,1.0
1500000US360470194003,1.0
1500000US360811099002,1.0
1500000US360810351002,1.0
1500000US360610309003,1.0
1500000US360810384002,1.0
1500000US360470804002,1.0
1500000US360470170002,1.0
1500000US360811417002,1.0
1500000US360610173004,1.0
1500000US360470077001,1.0
1500000US360810526002,1.0
1500000US360470610031,1.0
1500000US360610169001,1.0
1500000US360810481001,0.6666666666666666
1500000US360610032005,0.6666666666666666
1500000US360470430002,0.6666666666666666
1500000US360050263002,0.6666666666666666
1500000US360850146051,0.6666666666666666
1500000US360610086012,0.6666666666666666
1500000US360470114002,0.6666666666666666
1500000US360850156016,0.6666666666666666
1500000US360470686001,0.6666666666666666
1500000US360810757022,0.6666666666666666
1500000US360470594024,0.6666666666666666
1500000US360470007002,0.6666666666666666
1500000US360470181004,0.6666666666666666
1500000US360470174002,0.6666666666666666
1500000US360810680001,0.6666666666666666
1500000US360050293024,0.6666666666666666
1500000US360811621004,0.6666666666666666
1500000US360810247001,0.6666666666666666
1500000US360810997032,0.6666666666666666
1500000US360810579001,0.6666666666666666
1500000US360610064003,0.6666666666666666
1500000US360810697024,0.6666666666666666
1500000US360810697021,0.6666666666666666
1500000US360610169005,0.6666666666666666
1500000US360470680001,0.6666666666666666
1500000US360810934022,0.6666666666666666
1500000US360470135003,0.6666666666666666
1500000US360810723003,0.6666666666666666
1500000US360810612001,0.6666666666666666
1500000US360810916014,0.6666666666666666
1500000US360610098007,0.6666666666666666
1500000US360470211001,0.6666666666666666
1500000US360470512004,0.6666666666666666
1500000US360610175001,0.6666666666666666
1500000US360811291045,0.6666666666666666
1500000US360470846001,0.6666666666666666
1500000US360610008005,0.6666666666666666
1500000US360810997042,0.6666666666666666
1500000US360810136002,0.6666666666666666
1500000US360811047001,0.6666666666666666
1500000US360470155003,0.6666666666666666
1500000US360811123001,0.6666666666666666
1500000US360810713062,0.6666666666666666
1500000US360050436002,0.6666666666666666
1500000US360850020022,0.6666666666666666
1500000US360050426004,0.6666666666666666
1500000US360811163003,0.6666666666666666
1500000US360470400002,0.6666666666666666
1500000US360810863003,0.6666666666666666
1500000US360470756001,0.6666666666666666
1500000US360810840001,0.6666666666666666
1500000US360050405021,0.6666666666666666
1500000US360810947002,0.6666666666666666
1500000US360850146082,0.6666666666666666
1500000US360811267003,0.6666666666666666
1500000US360810368001,0.6666666666666666
1500000US360470075003,0.6666666666666666
1500000US360050351002,0.6666666666666666
1500000US360470250002,0.6666666666666666
1500000US360470260002,0.6666666666666666
1500000US360470170001,0.6666666666666666
1500000US360470172002,0.6666666666666666
1500000US360811507011,0.6666666666666666
1500000US360610136008,0.6666666666666666
1500000US360810721001,0.6666666666666666
1500000US360610070006,0.6666666666666666
1500000US360470341003,0.6666666666666666
1500000US360470300001,0.6666666666666666
1500000US360811579032,0.6666666666666666
1500000US360810497002,0.6666666666666666
1500000US360850064002,0.6666666666666666
1500000US360470574002,0.6666666666666666
1500000US360610059005,0.6666666666666666
1500000US360810713051,0.6666666666666666
1500000US360610122001,0.6666666666666666
1500000US360470760003,0.6666666666666666
1500000US360470136003,0.6666666666666666
1500000US360610179003,0.6666666666666666
1500000US360610173001,0.6666666666666666
1500000US360610074002,0.6666666666666666
1500000US360850177002,0.6666666666666666
1500000US360811333001,0.6666666666666666
1500000US360470478001,0.6666666666666666
1500000US360610279001,0.6666666666666666
1500000US360050206011,0.6666666666666666
1500000US360470039003,0.6666666666666666
1500000US360810548002,0.6666666666666666
1500000US360610142004,0.6666666666666666
1500000US360810145002,0.6666666666666666
1500000US360050407012,0.6666666666666666
1500000US360811085003,0.6666666666666666
1500000US360811507021,0.6666666666666666
1500000US360850132032,0.6666666666666666
1500000US360470944011,0.6666666666666666
1500000US360810495001,0.6666666666666666
1500000US360810261001,0.6666666666666666
1500000US360810402001,0.6666666666666666
1500000US360470339004,0.6666666666666666
1500000US360810216002,0.6666666666666666
1500000US360850208031,0.6666666666666666
1500000US360050197004,0.6666666666666666
1500000US360050210024,0.6666666666666666
1500000US360470194002,0.6666666666666666
1500000US360050254001,0.6666666666666666
1500000US360470171004,0.6666666666666666
1500000US360850132031,0.6666666666666666
1500000US360470304003,0.6666666666666666
1500000US360810809003,0.6666666666666666
1500000US360610128003,0.6666666666666666
1500000US360050332024,0.6666666666666666
1500000US360610093003,0.6666666666666666
1500000US360470462021,0.6666666666666666
1500000US360811417004,0.6666666666666666
1500000US360470454002,0.6666666666666666
1500000US360811483003,0.6666666666666666
1500000US360470858002,0.6666666666666666
1500000US360470007001,0.6666666666666666
1500000US360594043003,0.6666666666666666
1500000US360811113003,0.6666666666666666
1500000US360810861001,0.6666666666666666
1500000US360810536011,0.6666666666666666
1500000US360811333004,0.6666666666666666
1500000US360850208013,0.6666666666666666
1500000US360470293002,0.6666666666666666
1500000US360850170091,0.6666666666666666
1500000US360050415002,0.6666666666666666
1500000US360470165004,0.6666666666666666
1500000US360811429003,0.6666666666666666
1500000US360470520003,0.6666666666666666
1500000US360470628001,0.6666666666666666
1500000US360050061001,0.6666666666666666
1500000US360050072004,0.6666666666666666
1500000US360470034003,0.6666666666666666
1500000US360810973003,0.6666666666666666
1500000US360470169003,0.6666666666666666
1500000US360470484002,0.6666666666666666
1500000US360810185023,0.6666666666666666
1500000US360810630002,0.6666666666666666
1500000US360050132005,0.6666666666666666
1500000US360811291021,0.6666666666666666
1500000US360850208014,0.6666666666666666
1500000US360810097004,0.6666666666666666
1500000US360850170104,0.6666666666666666
1500000US360610110005,0.6666666666666666
1500000US360610152003,0.6666666666666666
1500000US360050279003,0.6666666666666666
1500000US360050302004,0.6666666666666666
1500000US360811227011,0.6666666666666666
1500000US360470273001,0.6666666666666666
1500000US360470419002,0.6666666666666666
1500000US360811175002,0.6666666666666666
1500000US360850128042,0.6666666666666666
1500000US360811157001,0.6666666666666666
1500000US360050360001,0.6666666666666666
1500000US360810062011,0.6666666666666666
1500000US360810128001,0.6666666666666666
1500000US360850156013,0.6666666666666666
1500000US360610066006,0.6666666666666666
1500000US360050076001,0.6666666666666666
1500000US360610211002,0.6666666666666666
1500000US360811479002,0.6666666666666666
1500000US360470764002,0.6666666666666666
1500000US360610163002,0.6666666666666666
1500000US360811059002,0.6666666666666666
1500000US360470424002,0.6666666666666666
1500000US360470203002,0.6666666666666666
1500000US360610152001,0.6666666666666666
1500000US360470561004,0.6666666666666666
1500000US360470440001,0.6666666666666666
1500000US360810053001,0.6666666666666666
1500000US360610048001,0.6666666666666666
1500000US360811507023,0.6666666666666666
1500000US360810697023,0.6666666666666666
1500000US360810622002,0.6666666666666666
1500000US360470738002,0.6666666666666666
1500000US360610124008,0.6666666666666666
1500000US360470425002,0.6666666666666666
1500000US360470340002,0.6666666666666666
1500000US360470533003,0.6666666666666666
1500000US360810928001,0.6666666666666666
1500000US360610044002,0.6666666666666666
1500000US360470112003,0.6666666666666666
1500000US360810627001,0.6666666666666666
1500000US360470482003,0.6666666666666666
1500000US360470656002,0.6666666666666666
1500000US360811507013,0.6666666666666666
1500000US360810229001,0.6666666666666666
1500000US360810480001,0.6666666666666666
1500000US360470566001,0.6666666666666666
1500000US360050210028,0.6666666666666666
1500000US360470563003,0.6666666666666666
1500000US360050160003,0.6666666666666666
1500000US360810071001,0.6666666666666666
1500000US360470147001,0.6666666666666666
1500000US360470490001,0.6666666666666666
1500000US360810884004,0.6666666666666666
1500000US360811223003,0.6666666666666666
1500000US360810134003,0.6666666666666666
1500000US360470396002,0.6666666666666666
1500000US360811529011,0.6666666666666666
1500000US360810057002,0.6666666666666666
1500000US360470188002,0.6666666666666666
1500000US360470428002,0.6666666666666666
1500000US360470067004,0.6666666666666666
1500000US360810723001,0.6666666666666666
1500000US360470764001,0.6666666666666666
1500000US360810117004,0.6666666666666666
1500000US360810567001,0.6666666666666666
1500000US360470592003,0.6666666666666666
1500000US360470642002,0.6666666666666666
1500000US360470067002,0.6666666666666666
1500000US360470038001,0.6666666666666666
1500000US360610277002,0.6666666666666666
1500000US360050345001,0.6666666666666666
1500000US360470052021,0.6666666666666666
1500000US360470185013,0.6666666666666666
1500000US360050024001,0.6666666666666666
1500000US360810589001,0.6666666666666666
1500000US360810189003,0.6666666666666666
1500000US360050336004,0.6666666666666666
1500000US360610144012,0.6666666666666666
1500000US360050274012,0.6666666666666666
1500000US360470290002,0.6666666666666666
1500000US360811227024,0.6666666666666666
1500000US360810510001,0.6666666666666666
1500000US360470195002,0.6666666666666666
1500000US360470231001,0.6666666666666666
1500000US360610097004,0.6666666666666666
1500000US360470256002,0.6666666666666666
1500000US360470274002,0.6666666666666666
1500000US360610088003,0.6666666666666666
1500000US360610207011,0.6666666666666666
1500000US360810181012,0.6666666666666666
1500000US360610178001,0.6666666666666666
1500000US360470169001,0.6666666666666666
1500000US360471162002,0.6666666666666666
1500000US360471028001,0.6666666666666666
1500000US360470051002,0.6666666666666666
1500000US360811241001,0.6666666666666666
1500000US360810040012,0.6666666666666666
1500000US360470159003,0.6666666666666666
1500000US360470302002,0.6666666666666666
1500000US360470228003,0.6666666666666666
1500000US360610134007,0.6666666666666666
1500000US360470646002,0.6666666666666666
1500000US360610134009,0.6666666666666666
1500000US360610157003,0.6666666666666666
1500000US360610136002,0.6666666666666666
1500000US360811341001,0.6666666666666666
1500000US360050289004,0.6666666666666666
1500000US360470545004,0.6666666666666666
1500000US360610205003,0.6666666666666666
1500000US360810496002,0.6666666666666666
1500000US360810400001,0.6666666666666666
1500000US360470220003,0.6666666666666666
1500000US360050266025,0.6666666666666666
1500000US360850273022,0.6666666666666666
1500000US360810010001,0.6666666666666666
1500000US360610169002,0.6666666666666666
1500000US360470410002,0.6666666666666666
1500000US360810929004,0.6666666666666666
1500000US360811223002,0.6666666666666666
1500000US360850291043,0.6666666666666666
1500000US360810189002,0.6666666666666666
1500000US360470033001,0.6666666666666666
1500000US360811175003,0.6666666666666666
1500000US360610275001,0.6666666666666666
1500000US360470140001,0.6666666666666666
1500000US360610124002,0.6666666666666666
1500000US360850128061,0.6666666666666666
1500000US360470295003,0.6666666666666666
1500000US360810661001,0.6666666666666666
1500000US360470374011,0.6666666666666666
1500000US360050152001,0.6666666666666666
1500000US360811227012,0.6666666666666666
1500000US360470588002,0.6666666666666666
1500000US360470688002,0.6666666666666666
1500000US360610165003,0.6666666666666666
1500000US360811571014,0.6666666666666666
1500000US360470201004,0.6666666666666666
1500000US360850156023,0.6666666666666666
1500000US360470425001,0.6666666666666666
1500000US360470564003,0.6666666666666666
1500000US360810739001,0.6666666666666666
1500000US360050326003,0.6666666666666666
1500000US360810181023,0.6666666666666666
1500000US360470436003,0.6666666666666666
1500000US360470234003,0.6666666666666666
1500000US360470051001,0.6666666666666666
1500000US360811529022,0.6666666666666666
1500000US360470620001,0.6666666666666666
1500000US360810261002,0.6666666666666666
1500000US360470732002,0.6666666666666666
1500000US360470736001,0.6666666666666666
1500000US360810150002,0.6666666666666666
1500000US360811333003,0.6666666666666666
1500000US360470414011,0.6666666666666666
1500000US360050449022,0.6666666666666666
1500000US360470216003,0.6666666666666666
1500000US360470890005,0.6666666666666666
1500000US360470610021,0.6666666666666666
1500000US360810809005,0.6666666666666666
1500000US360850189022,0.6666666666666666
1500000US360470498001,0.6666666666666666
1500000US360050293023,0.6666666666666666
1500000US360850187012,0.6666666666666666
1500000US360470500003,0.6666666666666666
1500000US360050147024,0.6666666666666666
1500000US360810719002,0.6666666666666666
1500000US360470065001,0.6666666666666666
1500000US360810485002,0.6666666666666666
1500000US360810185022,0.6666666666666666
1500000US360470049002,0.6666666666666666
1500000US360810565001,0.6666666666666666
1500000US360810170001,0.6666666666666666
1500000US360810713032,0.6666666666666666
1500000US360470212001,0.6666666666666666
1500000US360610108001,0.6666666666666666
1500000US360470044001,0.6666666666666666
1500000US360810479003,0.6666666666666666
1500000US360810470001,0.6666666666666666
1500000US360470444002,0.6666666666666666
1500000US360810117001,0.6666666666666666
1500000US360050415004,0.6666666666666666
1500000US360810721004,0.6666666666666666
1500000US360470398002,0.6666666666666666
1500000US360850170112,0.6666666666666666
1500000US360810483001,0.6666666666666666
1500000US360470682002,0.6666666666666666
1500000US360470462011,0.6666666666666666
1500000US360810973001,0.6666666666666666
1500000US360470298001,0.6666666666666666
1500000US360811147002,0.6666666666666666
1500000US360470224002,0.6666666666666666
1500000US360810515001,0.6666666666666666
1500000US360810251004,0.6666666666666666
1500000US360850146063,0.6666666666666666
1500000US360610163001,0.6666666666666666
1500000US360470131004,0.6666666666666666
1500000US360470217001,0.6666666666666666
1500000US360470210003,0.6666666666666666
1500000US360610153005,0.6666666666666666
1500000US360810663002,0.6666666666666666
1500000US360811551026,0.6666666666666666
1500000US360810243003,0.6666666666666666
1500000US360610080003,0.6666666666666666
1500000US360811571012,0.6666666666666666
1500000US360810580004,0.6666666666666666
1500000US360470547002,0.6666666666666666
1500000US360470593001,0.6666666666666666
1500000US360610044007,0.6666666666666666
1500000US360811207002,0.6666666666666666
1500000US360810253011,0.6666666666666666
1500000US360850208041,0.6666666666666666
1500000US360470045004,0.6666666666666666
1500000US360810275001,0.6666666666666666
1500000US360850177005,0.6666666666666666
1500000US360610159003,0.6666666666666666
1500000US360050323002,0.6666666666666666
1500000US360810721005,0.6666666666666666
1500000US360610179001,0.6666666666666666
1500000US360810123013,0.6666666666666666
1500000US360610064005,0.6666666666666666
1500000US360610108003,0.6666666666666666
1500000US360470478002,0.6666666666666666
1500000US360050343002,0.6666666666666666
1500000US360050323001,0.6666666666666666
1500000US360610177006,0.6666666666666666
1500000US360470286003,0.6666666666666666
1500000US360610132004,0.6666666666666666
1500000US360810532002,0.6666666666666666
1500000US360470464001,0.6666666666666666
1500000US360810629003,0.6666666666666666
1500000US360470330002,0.6666666666666666
1500000US360610181005,0.6666666666666666
1500000US360470407001,0.6666666666666666
1500000US360470510023,0.6666666666666666
1500000US360810536012,0.6666666666666666
1500000US360850170092,0.6666666666666666
1500000US360810097003,0.6666666666666666
1500000US360470174001,0.6666666666666666
1500000US360810368002,0.6666666666666666
1500000US360810053003,0.6666666666666666
1500000US360050356001,0.6666666666666666
1500000US360470200001,0.6666666666666666
1500000US360850096021,0.6666666666666666
1500000US360470268002,0.6666666666666666
1500000US360470167003,0.6666666666666666
1500000US360810721002,0.6666666666666666
1500000US360610142002,0.6666666666666666
1500000US360610039003,0.6666666666666666
1500000US360850303023,0.6666666666666666
1500000US360850170101,0.6666666666666666
1500000US360470268001,0.6666666666666666
1500000US360470394002,0.6666666666666666
1500000US360811385014,0.6666666666666666
1500000US360470519001,0.6666666666666666
1500000US360470702014,0.6666666666666666
1500000US360470186002,0.6666666666666666
1500000US360610118005,0.6666666666666666
1500000US360610303003,0.6666666666666666
1500000US360610116002,0.6666666666666666
1500000US360470151002,0.6666666666666666
1500000US360810111002,0.6666666666666666
1500000US360810855001,0.6666666666666666
1500000US360810216003,0.6666666666666666
1500000US360470036003,0.6666666666666666
1500000US360811033002,0.6666666666666666
1500000US360610152004,0.6666666666666666
1500000US360810065012,0.6666666666666666
1500000US360810245002,0.6666666666666666
1500000US360610150021,0.6666666666666666
1500000US360810085001,0.6666666666666666
1500000US360810299001,0.6666666666666666
1500000US360811451021,0.6666666666666666
1500000US360470246002,0.6666666666666666
1500000US360810130001,0.6666666666666666
1500000US360810091002,0.6666666666666666
1500000US360050295003,0.6666666666666666
1500000US360811347003,0.6666666666666666
1500000US360470422003,0.6666666666666666
1500000US360471142011,0.6666666666666666
1500000US360810192002,0.6666666666666666
1500000US360470317013,0.6666666666666666
1500000US360610265001,0.6666666666666666
1500000US360850138003,0.6666666666666666
1500000US360810031001,0.6666666666666666
1500000US360610186003,0.6666666666666666
1500000US360470254002,0.6666666666666666
1500000US360810606002,0.6666666666666666
1500000US360810654001,0.6666666666666666
1500000US360470700001,0.6666666666666666
1500000US360470784001,0.6666666666666666
1500000US360810991005,0.6666666666666666
1500000US360810846012,0.6666666666666666
1500000US360810443021,0.6666666666666666
1500000US360470872001,0.6666666666666666
1500000US360810620001,0.6666666666666666
1500000US360470424003,0.6666666666666666
1500000US360810119001,0.6666666666666666
1500000US360810934011,0.6666666666666666
1500000US360470383003,0.6666666666666666
1500000US360810063003,0.6666666666666666
1500000US360470240001,0.6666666666666666
1500000US360470594023,0.6666666666666666
1500000US360470513002,0.6666666666666666
1500000US360470216002,0.6666666666666666
1500000US360470406002,0.6666666666666666
1500000US360811133002,0.6666666666666666
1500000US360470900002,0.6666666666666666
1500000US360810779033,0.6666666666666666
1500000US360811377002,0.6666666666666666
1500000US360470165001,0.6666666666666666
1500000US360470476002,0.6666666666666666
1500000US360810511002,0.6666666666666666
1500000US360810717022,0.6666666666666666
1500000US360811301002,0.6666666666666666
1500000US360810485003,0.6666666666666666
1500000US360470535001,0.6666666666666666
1500000US360610086031,0.3333333333333333
1500000US360810185012,0.3333333333333333
1500000US360050309002,0.3333333333333333
1500000US360050462026,0.3333333333333333
1500000US360470157004,0.3333333333333333
1500000US360470360013,0.3333333333333333
1500000US360470592001,0.3333333333333333
1500000US360850122001,0.3333333333333333
1500000US360050323004,0.3333333333333333
1500000US360811291043,0.3333333333333333
1500000US360470573001,0.3333333333333333
1500000US360810376004,0.3333333333333333
1500000US361190026001,0.3333333333333333
1500000US360050351001,0.3333333333333333
1500000US360470514002,0.3333333333333333
1500000US360810404004,0.3333333333333333
1500000US360610010021,0.3333333333333333
1500000US360470660001,0.3333333333333333
1500000US360470594022,0.3333333333333333
1500000US360810095001,0.3333333333333333
1500000US360470232003,0.3333333333333333
1500000US360610106021,0.3333333333333333
1500000US360810997012,0.3333333333333333
1500000US360811017005,0.3333333333333333
1500000US360470056012,0.3333333333333333
1500000US360610126002,0.3333333333333333
1500000US360470470002,0.3333333333333333
1500000US360470568001,0.3333333333333333
1500000US360470374023,0.3333333333333333
1500000US360050184001,0.3333333333333333
1500000US360470488002,0.3333333333333333
1500000US360470452002,0.3333333333333333
1500000US360470152001,0.3333333333333333
1500000US360811579011,0.3333333333333333
1500000US360850147001,0.3333333333333333
1500000US360470390002,0.3333333333333333
1500000US360810220011,0.3333333333333333
1500000US360811141001,0.3333333333333333
1500000US360810723002,0.3333333333333333
1500000US360470001004,0.3333333333333333
1500000US360811099003,0.3333333333333333
1500000US360810472001,0.3333333333333333
1500000US360810677002,0.3333333333333333
1500000US360470414012,0.3333333333333333
1500000US360610044006,0.3333333333333333
1500000US360470050001,0.3333333333333333
1500000US360850146043,0.3333333333333333
1500000US360850279002,0.3333333333333333
1500000US360811441004,0.3333333333333333
1500000US360810991002,0.3333333333333333
1500000US360850039001,0.3333333333333333
1500000US360470442001,0.3333333333333333
1500000US360810014002,0.3333333333333333
1500000US360470279003,0.3333333333333333
1500000US360810515003,0.3333333333333333
1500000US360810729002,0.3333333333333333
1500000US360810803012,0.3333333333333333
1500000US360470151001,0.3333333333333333
1500000US360470594011,0.3333333333333333
1500000US360470129023,0.3333333333333333
1500000US360810916013,0.3333333333333333
1500000US360810554001,0.3333333333333333
1500000US360610090004,0.3333333333333333
1500000US360470136002,0.3333333333333333
1500000US360810141001,0.3333333333333333
1500000US360470654002,0.3333333333333333
1500000US360470149001,0.3333333333333333
1500000US360610155001,0.3333333333333333
1500000US360811579022,0.3333333333333333
1500000US360810626003,0.3333333333333333
1500000US360811617001,0.3333333333333333
1500000US360470199001,0.3333333333333333
1500000US360810183001,0.3333333333333333
1500000US360810542001,0.3333333333333333
1500000US360810671001,0.3333333333333333
1500000US360470760001,0.3333333333333333
1500000US360470155001,0.3333333333333333
1500000US360470561002,0.3333333333333333
1500000US360470262002,0.3333333333333333
1500000US360810663001,0.3333333333333333
1500000US360810616013,0.3333333333333333
1500000US360470272001,0.3333333333333333
1500000US360050350001,0.3333333333333333
1500000US360810619002,0.3333333333333333
1500000US360810134002,0.3333333333333333
1500000US360810269013,0.3333333333333333
1500000US360810187002,0.3333333333333333
1500000US360470526003,0.3333333333333333
1500000US360810773002,0.3333333333333333
1500000US361190026003,0.3333333333333333
1500000US360470458002,0.3333333333333333
1500000US360470535002,0.3333333333333333
1500000US360810697013,0.3333333333333333
1500000US360810053002,0.3333333333333333
1500000US360470852001,0.3333333333333333
1500000US360810493012,0.3333333333333333
1500000US360470698001,0.3333333333333333
1500000US360610157001,0.3333333333333333
1500000US360610273002,0.3333333333333333
1500000US360850170052,0.3333333333333333
1500000US360050386003,0.3333333333333333
1500000US360470800002,0.3333333333333333
1500000US360811151001,0.3333333333333333
1500000US360610175003,0.3333333333333333
1500000US360050267025,0.3333333333333333
1500000US360811085001,0.3333333333333333
1500000US360470516021,0.3333333333333333
1500000US360810713053,0.3333333333333333
1500000US360471014002,0.3333333333333333
1500000US360811571015,0.3333333333333333
1500000US360810621002,0.3333333333333333
1500000US360470252001,0.3333333333333333
1500000US360811409011,0.3333333333333333
1500000US360050243002,0.3333333333333333
1500000US360470628004,0.3333333333333333
1500000US360850156031,0.3333333333333333
1500000US360810516001,0.3333333333333333
1500000US360610171006,0.3333333333333333
1500000US360610142005,0.3333333333333333
1500000US360811367001,0.3333333333333333
1500000US360470034002,0.3333333333333333
1500000US360470043003,0.3333333333333333
1500000US360610062002,0.3333333333333333
1500000US360811129002,0.3333333333333333
1500000US360050335001,0.3333333333333333
1500000US360810481004,0.3333333333333333
1500000US360470195003,0.3333333333333333
1500000US360470130002,0.3333333333333333
1500000US360470147002,0.3333333333333333
1500000US360050064003,0.3333333333333333
1500000US360810317002,0.3333333333333333
1500000US360810496001,0.3333333333333333
1500000US360470527006,0.3333333333333333
1500000US360470702011,0.3333333333333333
1500000US360610161002,0.3333333333333333
1500000US360810136001,0.3333333333333333
1500000US360470208002,0.3333333333333333
1500000US360610150012,0.3333333333333333
1500000US360810775003,0.3333333333333333
1500000US360470750001,0.3333333333333333
1500000US360810189001,0.3333333333333333
1500000US360810556002,0.3333333333333333
1500000US360810743003,0.3333333333333333
1500000US360810616012,0.3333333333333333
1500000US360811129001,0.3333333333333333
1500000US360850156015,0.3333333333333333
1500000US360470236003,0.3333333333333333
1500000US360050307013,0.3333333333333333
1500000US360810205002,0.3333333333333333
1500000US360610118003,0.3333333333333333
1500000US360470388004,0.3333333333333333
1500000US360810245004,0.3333333333333333
1500000US360470171002,0.3333333333333333
1500000US360850156021,0.3333333333333333
1500000US360810779031,0.3333333333333333
1500000US360470836001,0.3333333333333333
1500000US360810285001,0.3333333333333333
1500000US360050429023,0.3333333333333333
1500000US360810091001,0.3333333333333333
1500000US360810889012,0.3333333333333333
1500000US360610160022,0.3333333333333333
1500000US360594043002,0.3333333333333333
1500000US360811579014,0.3333333333333333
1500000US360050050022,0.3333333333333333
1500000US360050307012,0.3333333333333333
1500000US360470594016,0.3333333333333333
1500000US360470417001,0.3333333333333333
1500000US360470497001,0.3333333333333333
1500000US360610124004,0.3333333333333333
1500000US360610108004,0.3333333333333333
1500000US360050266013,0.3333333333333333
1500000US360810639001,0.3333333333333333
1500000US360810884007,0.3333333333333333
1500000US360470660002,0.3333333333333333
1500000US360470396001,0.3333333333333333
1500000US360470370004,0.3333333333333333
1500000US360810779022,0.3333333333333333
1500000US360811459002,0.3333333333333333
1500000US360811141002,0.3333333333333333
1500000US360610160013,0.3333333333333333
1500000US360470518001,0.3333333333333333
1500000US360810838004,0.3333333333333333
1500000US360610040002,0.3333333333333333
1500000US360811175001,0.3333333333333333
1500000US360470418002,0.3333333333333333
1500000US360050132001,0.3333333333333333
1500000US360610134004,0.3333333333333333
1500000US360811579031,0.3333333333333333
1500000US360610090006,0.3333333333333333
1500000US360470286001,0.3333333333333333
1500000US360810997011,0.3333333333333333
1500000US360811551025,0.3333333333333333
1500000US360470065005,0.3333333333333333
1500000US360470274001,0.3333333333333333
1500000US360050340002,0.3333333333333333
1500000US360470139001,0.3333333333333333
1500000US360810717011,0.3333333333333333
1500000US360811283001,0.3333333333333333
1500000US360850277061,0.3333333333333333
1500000US360610265005,0.3333333333333333
1500000US360610118007,0.3333333333333333
1500000US360470148001,0.3333333333333333
1500000US360850170082,0.3333333333333333
1500000US360610087003,0.3333333333333333
1500000US360610048003,0.3333333333333333
1500000US360810991001,0.3333333333333333
1500000US360610193002,0.3333333333333333
1500000US360050407025,0.3333333333333333
1500000US360050132002,0.3333333333333333
1500000US360810507002,0.3333333333333333
1500000US360470456002,0.3333333333333333
1500000US360810424003,0.3333333333333333
1500000US360810884005,0.3333333333333333
1500000US360050245013,0.3333333333333333
1500000US360470527002,0.3333333333333333
1500000US360050267024,0.3333333333333333
1500000US360610022013,0.3333333333333333
1500000US360470204002,0.3333333333333333
1500000US360050345003,0.3333333333333333
1500000US360470138002,0.3333333333333333
1500000US360050277003,0.3333333333333333
1500000US360470476001,0.3333333333333333
1500000US360470856002,0.3333333333333333
1500000US360470166002,0.3333333333333333
1500000US360810404001,0.3333333333333333
1500000US360470502021,0.3333333333333333
1500000US360470500001,0.3333333333333333
1500000US360470688001,0.3333333333333333
1500000US360050307011,0.3333333333333333
1500000US360810889017,0.3333333333333333
1500000US360810063004,0.3333333333333333
1500000US360811571018,0.3333333333333333
1500000US360470544001,0.3333333333333333
1500000US360810922001,0.3333333333333333
1500000US360470414022,0.3333333333333333
1500000US360470264001,0.3333333333333333
1500000US360810243004,0.3333333333333333
1500000US360811617003,0.3333333333333333
1500000US360610044003,0.3333333333333333
1500000US360811459003,0.3333333333333333
1500000US360610124005,0.3333333333333333
1500000US360050343001,0.3333333333333333
1500000US360811191002,0.3333333333333333
1500000US360811189002,0.3333333333333333
1500000US360810473001,0.3333333333333333
1500000US360810997031,0.3333333333333333
1500000US360470169002,0.3333333333333333
1500000US360470143003,0.3333333333333333
1500000US360810863002,0.3333333333333333
1500000US360810179001,0.3333333333333333
1500000US360470160002,0.3333333333333333
1500000US360470472003,0.3333333333333333
1500000US360610142003,0.3333333333333333
1500000US360470744002,0.3333333333333333
1500000US360811039003,0.3333333333333333
1500000US360470702012,0.3333333333333333
1500000US360470476003,0.3333333333333333
1500000US360850151003,0.3333333333333333
1500000US360470054001,0.3333333333333333
1500000US360810598001,0.3333333333333333
1500000US360471208004,0.3333333333333333
1500000US360810716001,0.3333333333333333
1500000US360050394003,0.3333333333333333
1500000US360050285002,0.3333333333333333
1500000US360811277002,0.3333333333333333
1500000US360850170122,0.3333333333333333
1500000US360610136003,0.3333333333333333
1500000US360810251003,0.3333333333333333
1500000US360811377003,0.3333333333333333
1500000US360810695002,0.3333333333333333
1500000US360470067003,0.3333333333333333
1500000US360470658001,0.3333333333333333
1500000US360810107011,0.3333333333333333
1500000US360470754001,0.3333333333333333
1500000US360470230001,0.3333333333333333
1500000US360850226003,0.3333333333333333
1500000US360470067005,0.3333333333333333
1500000US360050302001,0.3333333333333333
1500000US360810779041,0.3333333333333333
1500000US360470152003,0.3333333333333333
1500000US360470290001,0.3333333333333333
1500000US360811017004,0.3333333333333333
1500000US360470210002,0.3333333333333333
1500000US360470556003,0.3333333333333333
1500000US361190029002,0.3333333333333333
1500000US360810251002,0.3333333333333333
1500000US360850147003,0.3333333333333333
1500000US360050083002,0.3333333333333333
1500000US360470236002,0.3333333333333333
1500000US360810469005,0.3333333333333333
1500000US360850208042,0.3333333333333333
1500000US360050316001,0.3333333333333333
1500000US360470472001,0.3333333333333333
1500000US360470196003,0.3333333333333333
1500000US360811059004,0.3333333333333333
1500000US360850291034,0.3333333333333333
1500000US360050028000,0.3333333333333333
1500000US360810220014,0.3333333333333333
1500000US360470202001,0.3333333333333333
1500000US360811097003,0.3333333333333333
1500000US360810942035,0.3333333333333333
1500000US360470543002,0.3333333333333333
1500000US360810677001,0.3333333333333333
1500000US360610247001,0.3333333333333333
1500000US360470232001,0.3333333333333333
1500000US360470270001,0.3333333333333333
1500000US360811072020,0.3333333333333333
1500000US360470230002,0.3333333333333333
1500000US360470052022,0.3333333333333333
1500000US360810703001,0.3333333333333333
1500000US360811621003,0.3333333333333333
1500000US360470200002,0.3333333333333333
1500000US360811483002,0.3333333333333333
1500000US360811159001,0.3333333333333333
1500000US360470264004,0.3333333333333333
1500000US360470596002,0.3333333333333333
1500000US360810779062,0.3333333333333333
1500000US360610060001,0.3333333333333333
1500000US360810499003,0.3333333333333333
1500000US360811211001,0.3333333333333333
1500000US360810629001,0.3333333333333333
1500000US360850146072,0.3333333333333333
1500000US360050087004,0.3333333333333333
1500000US360610128002,0.3333333333333333
1500000US360850018001,0.3333333333333333
1500000US360811571011,0.3333333333333333
1500000US360610106012,0.3333333333333333
1500000US360470440002,0.3333333333333333
1500000US360810134004,0.3333333333333333
1500000US360810973000,0.3333333333333333
1500000US360610144023,0.3333333333333333
1500000US360811291032,0.3333333333333333
1500000US360810132001,0.3333333333333333
1500000US360470165003,0.3333333333333333
1500000US360850114011,0.3333333333333333
1500000US360470557001,0.3333333333333333
1500000US360811097002,0.3333333333333333
1500000US360810645002,0.3333333333333333
1500000US360850138004,0.3333333333333333
1500000US360470420001,0.3333333333333333
1500000US360810637003,0.3333333333333333
1500000US360850017001,0.3333333333333333
1500000US360050408001,0.3333333333333333
1500000US360050314002,0.3333333333333333
1500000US360810134001,0.3333333333333333
1500000US360810997041,0.3333333333333333
1500000US360470574001,0.3333333333333333
1500000US360610144014,0.3333333333333333
1500000US360810558002,0.3333333333333333
1500000US360470528001,0.3333333333333333
1500000US360810169001,0.3333333333333333
1500000US360810097001,0.3333333333333333
1500000US360050147023,0.3333333333333333
1500000US360470184001,0.3333333333333333
1500000US360610093004,0.3333333333333333
1500000US360470593002,0.3333333333333333
1500000US360610285003,0.3333333333333333
1500000US360811181002,0.3333333333333333
1500000US360470350001,0.3333333333333333
1500000US360470171003,0.3333333333333333
1500000US360050293021,0.3333333333333333
1500000US360811291024,0.3333333333333333
1500000US360810797011,0.3333333333333333
1500000US360050118003,0.3333333333333333
1500000US360810671002,0.3333333333333333
1500000US360470136001,0.3333333333333333
1500000US360610159002,0.3333333333333333
1500000US360610191001,0.3333333333333333
1500000US360810394002,0.3333333333333333
1500000US360810697012,0.3333333333333333
1500000US360470137002,0.3333333333333333
1500000US360610093007,0.3333333333333333
1500000US360810075002,0.3333333333333333
1500000US360810105004,0.3333333333333333
1500000US360050293012,0.3333333333333333
1500000US360810558001,0.3333333333333333
1500000US360610130002,0.3333333333333333
1500000US360610040004,0.3333333333333333
1500000US360610144011,0.3333333333333333
1500000US360471502001,0.3333333333333333
1500000US360850208032,0.3333333333333333
1500000US360810687002,0.3333333333333333
1500000US360810665011,0.3333333333333333
1500000US360470003012,0.3333333333333333
1500000US360811227016,0.3333333333333333
1500000US360811093002,0.3333333333333333
1500000US360811301001,0.3333333333333333
1500000US360610088005,0.3333333333333333
1500000US360811579033,0.3333333333333333
1500000US360610124003,0.3333333333333333
1500000US360610044001,0.3333333333333333
1500000US360811187001,0.3333333333333333
1500000US360470157003,0.3333333333333333
1500000US360470591002,0.3333333333333333
1500000US360850138002,0.3333333333333333
1500000US360810062025,0.3333333333333333
1500000US360050279004,0.3333333333333333
1500000US360470151003,0.3333333333333333
1500000US360850277023,0.3333333333333333
1500000US360050297003,0.3333333333333333
1500000US360810232001,0.3333333333333333
1500000US360850291041,0.3333333333333333
1500000US360850176002,0.3333333333333333
1500000US360810220023,0.3333333333333333
1500000US360810548001,0.3333333333333333
1500000US360470454001,0.3333333333333333
1500000US360050084001,0.3333333333333333
1500000US360050274021,0.3333333333333333
1500000US360850177001,0.3333333333333333
1500000US360810281001,0.3333333333333333
1500000US360810645001,0.3333333333333333
1500000US360610132005,0.3333333333333333
1500000US360610040006,0.3333333333333333
1500000US360810892006,0.3333333333333333
1500000US360850008002,0.3333333333333333
1500000US360811215001,0.3333333333333333
1500000US360810443022,0.3333333333333333
1500000US360610108002,0.3333333333333333
1500000US360610207012,0.3333333333333333
1500000US360470049003,0.3333333333333333
1500000US360810253014,0.3333333333333333
1500000US360470232005,0.3333333333333333
1500000US360470005012,0.3333333333333333
1500000US360811277003,0.3333333333333333
1500000US360470314003,0.3333333333333333
1500000US360470411003,0.3333333333333333
1500000US360850059002,0.3333333333333333
1500000US360610086032,0.3333333333333333
1500000US360470539001,0.3333333333333333
1500000US360810616021,0.3333333333333333
1500000US360810928002,0.3333333333333333
1500000US360811621001,0.3333333333333333
1500000US360470374022,0.3333333333333333
1500000US360470167001,0.3333333333333333
1500000US360810238004,0.3333333333333333
1500000US360811529024,0.3333333333333333
1500000US360850121003,0.3333333333333333
1500000US360610132002,0.3333333333333333
1500000US360810779032,0.3333333333333333
1500000US360811147001,0.3333333333333333
1500000US360610136005,0.3333333333333333
1500000US360050516004,0.3333333333333333
1500000US360470116003,0.3333333333333333
1500000US360810657033,0.3333333333333333
1500000US360470610045,0.3333333333333333
1500000US360850244021,0.3333333333333333
1500000US360610106015,0.3333333333333333
1500000US360810117002,0.3333333333333333
1500000US360470045003,0.3333333333333333
1500000US360050319001,0.3333333333333333
