AFFGEOID,count
1500000US360610109001,1082.3333333333333
1500000US360610139004,491.0
1500000US360810871002,471.6666666666667
1500000US360610111001,426.0
1500000US360610033003,425.6666666666667
1500000US360810683002,415.0
1500000US360050221013,406.6666666666667
1500000US360610064002,377.0
1500000US360470011001,356.3333333333333
1500000US360471070001,332.3333333333333
1500000US360610309001,326.3333333333333
1500000US360610104001,321.6666666666667
1500000US360610052001,309.6666666666667
1500000US360610013001,299.0
1500000US360610029001,289.3333333333333
1500000US360610120001,286.0
1500000US360610178003,277.6666666666667
1500000US360610101001,274.0
1500000US360810334021,255.66666666666666
1500000US360850007004,251.66666666666666
1500000US360050462011,237.66666666666666
1500000US360610112011,234.66666666666666
1500000US360850303012,234.0
1500000US360610029003,230.33333333333334
1500000US360610100002,230.0
1500000US360610119001,222.66666666666666
1500000US360610219004,222.0
1500000US360810122001,220.33333333333334
1500000US360470015003,217.33333333333334
1500000US360610114021,213.66666666666666
1500000US360610073001,211.66666666666666
1500000US360810871001,209.33333333333334
1500000US360470015001,204.66666666666666
1500000US360810351001,198.0
1500000US360810465002,196.0
1500000US360470511001,196.0
1500000US360470776001,195.66666666666666
1500000US360610031001,193.66666666666666
1500000US360050424001,191.33333333333334
1500000US360610169004,188.33333333333334
1500000US360471164001,185.66666666666666
1500000US360810581001,184.0
1500000US360610257001,179.0
1500000US360470561003,177.0
1500000US360470129021,172.66666666666666
1500000US360050039003,170.33333333333334
1500000US360810560001,169.0
1500000US360810125001,168.0
1500000US360050216022,167.0
1500000US360610038005,164.0
1500000US360610222002,163.0
1500000US360610049001,162.33333333333334
1500000US360470698002,159.66666666666666
1500000US360610029004,159.66666666666666
1500000US360470101003,159.66666666666666
1500000US360050425003,157.33333333333334
1500000US360610087005,153.0
1500000US360470129011,147.66666666666666
1500000US360810460003,143.66666666666666
1500000US360811227022,139.66666666666666
1500000US360850248001,139.33333333333334
1500000US360470354002,137.0
1500000US360610115001,134.66666666666666
1500000US360470433002,134.0
1500000US360610092001,130.33333333333334
1500000US360810112002,130.0
1500000US360810717021,129.66666666666666
1500000US360050090002,127.66666666666667
1500000US360050046001,126.66666666666667
1500000US360610050003,122.66666666666667
1500000US360610012001,122.0
1500000US360810007004,121.66666666666667
1500000US360610076001,121.0
1500000US360050296002,120.0
1500000US360050141003,119.33333333333333
1500000US360470263001,119.33333333333333
1500000US360470584002,118.66666666666667
1500000US360610153004,116.33333333333333
1500000US360810473002,116.0
1500000US360610166002,114.33333333333333
1500000US360610189006,110.0
1500000US360810713052,109.66666666666667
1500000US360050166001,109.33333333333333
1500000US360470480001,108.33333333333333
1500000US360050165001,108.33333333333333
1500000US360610148022,104.33333333333333
1500000US360850112021,103.33333333333333
1500000US360470035001,103.33333333333333
1500000US360850277063,103.0
1500000US360050381003,102.0
1500000US360610196002,100.33333333333333
1500000US360610228003,98.0
1500000US360610114012,96.66666666666667
1500000US360470824003,95.0
1500000US360470363001,94.0
1500000US360470309002,91.33333333333333
1500000US360610271003,90.33333333333333
1500000US360610253003,88.66666666666667
1500000US360470205003,88.33333333333333
1500000US360610119002,88.0
1500000US360610185002,85.66666666666667
1500000US360470282002,84.66666666666667
1500000US360811471002,83.66666666666667
1500000US360050089002,83.33333333333333
1500000US360050071002,82.33333333333333
1500000US360050127012,80.0
1500000US360850277022,79.66666666666667
1500000US360050397001,79.33333333333333
1500000US360810945002,78.66666666666667
1500000US360470397003,78.66666666666667
1500000US360610087001,78.0
1500000US360610014022,77.0
1500000US360050401005,77.0
1500000US360050042006,76.66666666666667
1500000US360810942022,76.0
1500000US360610265002,73.0
1500000US360471098002,72.66666666666667
1500000US360470294001,72.0
1500000US360811010014,71.0
1500000US360470740001,71.0
1500000US360050287001,70.66666666666667
1500000US360610172004,70.0
1500000US360470242001,70.0
1500000US360850228001,69.33333333333333
1500000US360470670002,67.0
1500000US360470018001,67.0
1500000US360610145004,66.0
1500000US360470063001,65.66666666666667
1500000US360050161001,65.66666666666667
1500000US360470002001,65.66666666666667
1500000US360610054001,65.33333333333333
1500000US360610084002,63.666666666666664
1500000US360810954003,63.333333333333336
1500000US360610259001,62.0
1500000US360470070001,61.666666666666664
1500000US360470331003,61.666666666666664
1500000US360610113001,61.333333333333336
1500000US360610235013,60.333333333333336
1500000US360810216001,59.333333333333336
1500000US360470348001,58.333333333333336
1500000US360610061003,56.333333333333336
1500000US360470119001,55.333333333333336
1500000US360470138003,53.666666666666664
1500000US360470233002,53.333333333333336
1500000US360610137004,51.666666666666664
1500000US360610190001,51.0
1500000US360610112031,51.0
1500000US360610058001,51.0
1500000US360050394002,49.333333333333336
1500000US360810100001,49.0
1500000US360610183004,48.666666666666664
1500000US360050183021,48.333333333333336
1500000US360610222001,47.0
1500000US360050067001,47.0
1500000US360610021001,46.666666666666664
1500000US360050397002,46.333333333333336
1500000US360850003002,46.333333333333336
1500000US360610114022,46.0
1500000US360610096001,45.0
1500000US360610121001,45.0
1500000US360610167005,45.0
1500000US360470037001,43.666666666666664
1500000US360470350002,43.333333333333336
1500000US360810849004,43.333333333333336
1500000US360610196003,43.333333333333336
1500000US360810446011,43.333333333333336
1500000US360470794001,42.0
1500000US360050283001,42.0
1500000US360610200002,41.0
1500000US360050224032,40.666666666666664
1500000US360610253006,40.333333333333336
1500000US360470241001,40.333333333333336
1500000US360610219001,40.0
1500000US360810052002,39.666666666666664
1500000US360050185001,39.666666666666664
1500000US360050239004,39.333333333333336
1500000US360050129012,39.333333333333336
1500000US360050212001,39.333333333333336
1500000US360610036013,39.0
1500000US360610112032,39.0
1500000US360810549004,39.0
1500000US360470924001,37.666666666666664
1500000US360610021002,37.0
1500000US360050241003,36.666666666666664
1500000US360050183022,36.0
1500000US360610100001,35.333333333333336
1500000US360610133005,35.0
1500000US360850003001,33.666666666666664
1500000US360050051002,33.0
1500000US360050387001,33.0
1500000US360610099001,32.0
1500000US360050065004,32.0
1500000US360610148025,31.333333333333332
1500000US360470491004,31.333333333333332
1500000US360610240001,31.0
1500000US360610047002,31.0
1500000US360811347001,30.666666666666668
1500000US360610153001,30.666666666666668
1500000US360610055011,30.333333333333332
1500000US360050435001,30.0
1500000US360610103001,30.0
1500000US360610091001,29.666666666666668
1500000US360610125001,29.666666666666668
1500000US360470462012,29.333333333333332
1500000US360810637001,29.333333333333332
1500000US360810352002,29.333333333333332
1500000US360470033002,29.333333333333332
1500000US360810737001,29.0
1500000US360810446012,28.666666666666668
1500000US360610159006,28.666666666666668
1500000US360610143001,28.666666666666668
1500000US360470592002,28.333333333333332
1500000US360610009001,28.0
1500000US360470227004,28.0
1500000US360470554001,28.0
1500000US360810444001,27.666666666666668
1500000US360050399011,27.666666666666668
1500000US360810693001,27.333333333333332
1500000US360810163002,27.333333333333332
1500000US360610147001,27.0
1500000US360050368002,27.0
1500000US360610231001,27.0
1500000US360050284001,26.666666666666668
1500000US360810405002,26.333333333333332
1500000US360610043003,26.0
1500000US360050403041,25.666666666666668
1500000US360050183011,25.666666666666668
1500000US360610057002,25.666666666666668
1500000US360850128041,25.666666666666668
1500000US360610094001,25.666666666666668
1500000US360610199002,25.333333333333332
1500000US360810938003,25.333333333333332
1500000US360050287002,25.333333333333332
1500000US360050378003,25.333333333333332
1500000US360610129002,25.0
1500000US360470362001,25.0
1500000US360470287001,25.0
1500000US360610102001,24.666666666666668
1500000US360810283003,24.666666666666668
1500000US360610245004,24.666666666666668
1500000US360810551002,24.333333333333332
1500000US360050399013,24.333333333333332
1500000US360470880002,23.666666666666668
1500000US360050420002,23.666666666666668
1500000US360810153001,23.333333333333332
1500000US360610071005,23.333333333333332
1500000US360810383021,23.333333333333332
1500000US360050063001,23.333333333333332
1500000US360610183007,23.333333333333332
1500000US360050356002,23.0
1500000US360810607011,22.666666666666668
1500000US360470786002,22.333333333333332
1500000US360470252004,22.0
1500000US360470792003,21.666666666666668
1500000US360050031001,21.666666666666668
1500000US360810853001,21.666666666666668
1500000US360470389001,21.666666666666668
1500000US360470401002,21.666666666666668
1500000US360050054002,21.666666666666668
1500000US360610007001,21.333333333333332
1500000US360470491002,21.333333333333332
1500000US360850319012,21.333333333333332
1500000US360850021002,21.333333333333332
1500000US360810853002,21.0
1500000US360610071001,20.666666666666668
1500000US360610271002,20.333333333333332
1500000US360470910004,20.333333333333332
1500000US360050220001,20.333333333333332
1500000US360850128063,20.333333333333332
1500000US360810158023,20.0
1500000US360610291005,20.0
1500000US360050155001,20.0
1500000US360610191004,20.0
1500000US360050043002,19.666666666666668
1500000US360810334011,19.666666666666668
1500000US360050363004,19.666666666666668
1500000US360810240001,19.666666666666668
1500000US360470278002,19.333333333333332
1500000US360050285004,19.333333333333332
1500000US360470373001,19.333333333333332
1500000US360610317031,19.333333333333332
1500000US360470142002,19.333333333333332
1500000US360610199006,19.0
1500000US360810032001,19.0
1500000US360610172001,19.0
1500000US360610159005,19.0
1500000US360610034001,18.666666666666668
1500000US360471237003,18.333333333333332
1500000US360610183006,18.333333333333332
1500000US360470161003,18.333333333333332
1500000US360050224012,18.333333333333332
1500000US360610131001,18.0
1500000US360470076001,18.0
1500000US360050069002,18.0
1500000US360470590001,18.0
1500000US360610182003,17.666666666666668
1500000US360810161002,17.666666666666668
1500000US360050159001,17.333333333333332
1500000US360810155002,17.333333333333332
1500000US360470269003,17.333333333333332
1500000US360470009002,17.333333333333332
1500000US360610052002,17.333333333333332
1500000US360050039001,17.0
1500000US360610081002,17.0
1500000US360470892004,17.0
1500000US360050219001,17.0
1500000US360610070002,17.0
1500000US360810358001,17.0
1500000US360610030012,17.0
1500000US360610138009,16.666666666666668
1500000US360470596003,16.666666666666668
1500000US360470379003,16.333333333333332
1500000US360470255002,16.333333333333332
1500000US360610317041,16.333333333333332
1500000US360470365021,16.333333333333332
1500000US360610057001,16.333333333333332
1500000US360470553002,16.333333333333332
1500000US360610158021,16.0
1500000US360470820001,16.0
1500000US360470013001,16.0
1500000US360470892003,15.666666666666666
1500000US360610146022,15.666666666666666
1500000US360610093001,15.666666666666666
1500000US360610133001,15.666666666666666
1500000US360470974001,15.333333333333334
1500000US360470439003,15.333333333333334
1500000US360610014021,15.333333333333334
1500000US360610167003,15.333333333333334
1500000US360610253004,15.333333333333334
1500000US360050119001,15.333333333333334
1500000US360810460002,15.333333333333334
1500000US360610175004,15.0
1500000US360610015022,15.0
1500000US360610163005,15.0
1500000US360850021003,15.0
1500000US360610149001,15.0
1500000US360610201021,15.0
1500000US360610045001,14.666666666666666
1500000US360810054001,14.666666666666666
1500000US360050223001,14.666666666666666
1500000US360471104001,14.666666666666666
1500000US360610144021,14.666666666666666
1500000US360610015011,14.666666666666666
1500000US360610068001,14.666666666666666
1500000US360050131003,14.333333333333334
1500000US360610048005,14.333333333333334
1500000US360471188002,14.333333333333334
1500000US360610208002,14.333333333333334
1500000US360470686002,14.333333333333334
1500000US360610221022,14.333333333333334
1500000US360610091002,14.333333333333334
1500000US360810375002,14.333333333333334
1500000US360050332022,14.0
1500000US360810294001,14.0
1500000US360810907001,14.0
1500000US360610145003,14.0
1500000US360610173003,14.0
1500000US360470075005,14.0
1500000US360810553002,14.0
1500000US360610168003,14.0
1500000US360050065002,14.0
1500000US360050063002,14.0
1500000US360050330004,14.0
1500000US360471106001,14.0
1500000US360811008021,13.666666666666666
1500000US360810284001,13.666666666666666
1500000US360470245004,13.666666666666666
1500000US360610194004,13.666666666666666
1500000US360610079001,13.666666666666666
1500000US360610033001,13.666666666666666
1500000US360810446021,13.666666666666666
1500000US360470357001,13.666666666666666
1500000US360610166001,13.666666666666666
1500000US360050237031,13.666666666666666
1500000US360610225003,13.333333333333334
1500000US360050195002,13.333333333333334
1500000US360050288001,13.333333333333334
1500000US360470974002,13.333333333333334
1500000US360610162005,13.333333333333334
1500000US360810347001,13.333333333333334
1500000US360610212002,13.0
1500000US360850323001,13.0
1500000US360610071002,13.0
1500000US360470069003,13.0
1500000US360810044011,13.0
1500000US360470508012,13.0
1500000US360050155002,13.0
1500000US360610251001,12.666666666666666
1500000US360470902001,12.666666666666666
1500000US360610065001,12.666666666666666
1500000US360850077001,12.666666666666666
1500000US360050418002,12.666666666666666
1500000US360610095001,12.666666666666666
1500000US360470525001,12.666666666666666
1500000US360470552002,12.666666666666666
1500000US360810466002,12.666666666666666
1500000US360610245005,12.666666666666666
1500000US360810568004,12.666666666666666
1500000US360470187001,12.666666666666666
1500000US360610229003,12.333333333333334
1500000US360470359003,12.333333333333334
1500000US360050342002,12.333333333333334
1500000US360050253001,12.333333333333334
1500000US360610013002,12.333333333333334
1500000US360610243021,12.333333333333334
1500000US360610166005,12.333333333333334
1500000US360610041002,12.333333333333334
1500000US360050401003,12.333333333333334
1500000US360850096012,12.333333333333334
1500000US360610095002,12.0
1500000US360810171001,12.0
1500000US360610216001,12.0
1500000US360810613012,12.0
1500000US360610080001,12.0
1500000US360610191006,12.0
1500000US360810208001,12.0
1500000US360610295004,11.666666666666666
1500000US360610153003,11.666666666666666
1500000US360470072001,11.666666666666666
1500000US360810295002,11.666666666666666
1500000US360610156014,11.666666666666666
1500000US360470920003,11.666666666666666
1500000US360050169001,11.666666666666666
1500000US360810289003,11.666666666666666
1500000US360050421002,11.666666666666666
1500000US360610125002,11.333333333333334
1500000US360050295001,11.333333333333334
1500000US360470054002,11.333333333333334
1500000US360050235011,11.333333333333334
1500000US360610131002,11.333333333333334
1500000US360470554002,11.333333333333334
1500000US360050085001,11.333333333333334
1500000US360470015002,11.333333333333334
1500000US360471022001,11.333333333333334
1500000US360050215023,11.333333333333334
1500000US360470247002,11.333333333333334
1500000US360470351002,11.0
1500000US360850251001,11.0
1500000US360610089002,11.0
1500000US360610120004,11.0
1500000US360610112021,11.0
1500000US360810037001,11.0
1500000US360470351001,11.0
1500000US360610030011,11.0
1500000US360050263001,11.0
1500000US360470808001,10.666666666666666
1500000US360050093006,10.666666666666666
1500000US360050379003,10.666666666666666
1500000US360610171002,10.666666666666666
1500000US360470369001,10.666666666666666
1500000US360610299002,10.666666666666666
1500000US360470247001,10.666666666666666
1500000US360470118002,10.666666666666666
1500000US360811032013,10.666666666666666
1500000US360810019001,10.666666666666666
1500000US360810142021,10.333333333333334
1500000US360610026022,10.333333333333334
1500000US360470298002,10.333333333333334
1500000US360610179004,10.333333333333334
1500000US360610093002,10.333333333333334
1500000US360050267021,10.333333333333334
1500000US360610062001,10.333333333333334
1500000US360610128005,10.333333333333334
1500000US360610018005,10.333333333333334
1500000US360470327002,10.333333333333334
1500000US360610126001,10.333333333333334
1500000US360471104002,10.333333333333334
1500000US360810510002,10.333333333333334
1500000US360470285011,10.333333333333334
1500000US360610159004,10.333333333333334
1500000US360610022021,10.333333333333334
1500000US360470315004,10.0
1500000US360610243012,10.0
1500000US360810001001,10.0
1500000US360610073004,10.0
1500000US360810212001,10.0
1500000US360610121004,10.0
1500000US360610082001,10.0
1500000US360470053001,9.666666666666666
1500000US360610170001,9.666666666666666
1500000US360850201001,9.666666666666666
1500000US360610188003,9.666666666666666
1500000US360610156021,9.666666666666666
1500000US360470579002,9.666666666666666
1500000US360610026011,9.666666666666666
1500000US360050151003,9.666666666666666
1500000US360610241005,9.666666666666666
1500000US360850040002,9.666666666666666
1500000US360050193004,9.666666666666666
1500000US360610055022,9.666666666666666
1500000US360610127002,9.666666666666666
1500000US360610006001,9.666666666666666
1500000US360811032021,9.666666666666666
1500000US360810869002,9.666666666666666
1500000US360470806001,9.666666666666666
1500000US360050237021,9.666666666666666
1500000US360470796022,9.666666666666666
1500000US360810309021,9.333333333333334
1500000US360050373003,9.333333333333334
1500000US360470908001,9.333333333333334
1500000US360610059001,9.333333333333334
1500000US360470009001,9.333333333333334
1500000US360810779043,9.333333333333334
1500000US360810499002,9.333333333333334
1500000US360470510012,9.333333333333334
1500000US360470328002,9.333333333333334
1500000US360470354001,9.0
1500000US360810711004,9.0
1500000US360050019003,9.0
1500000US360610223013,9.0
1500000US360610155006,9.0
1500000US360050381006,9.0
1500000US360610148023,9.0
1500000US360610083003,9.0
1500000US360470361003,9.0
1500000US360610198001,9.0
1500000US360610081001,9.0
1500000US360610074003,9.0
1500000US360810869001,9.0
1500000US360470129013,9.0
1500000US360050334001,8.666666666666666
1500000US360050053001,8.666666666666666
1500000US360470273003,8.666666666666666
1500000US360610083001,8.666666666666666
1500000US360050065001,8.666666666666666
1500000US360470520002,8.666666666666666
1500000US360470369003,8.666666666666666
1500000US360610120002,8.666666666666666
1500000US360470309001,8.666666666666666
1500000US360470884001,8.666666666666666
1500000US360610182001,8.666666666666666
1500000US360810713063,8.666666666666666
1500000US360470361002,8.666666666666666
1500000US360470290003,8.666666666666666
1500000US360470575004,8.333333333333334
1500000US360610115002,8.333333333333334
1500000US360810339002,8.333333333333334
1500000US360470600004,8.333333333333334
1500000US360050093002,8.333333333333334
1500000US360470862003,8.333333333333334
1500000US360610148012,8.333333333333334
1500000US360470082002,8.333333333333334
1500000US360050062004,8.333333333333334
1500000US360470177001,8.333333333333334
1500000US360050225003,8.333333333333334
1500000US360050123001,8.333333333333334
1500000US360610175005,8.333333333333334
1500000US360610083002,8.333333333333334
1500000US360850291021,8.333333333333334
1500000US360050391003,8.333333333333334
1500000US360810272001,8.333333333333334
1500000US360470317011,8.333333333333334
1500000US360610027001,8.333333333333334
1500000US360810375001,8.333333333333334
1500000US360050418001,8.333333333333334
1500000US360610081006,8.333333333333334
1500000US360610018002,8.0
1500000US360470580002,8.0
1500000US360470746002,8.0
1500000US360610040003,8.0
1500000US360470339003,8.0
1500000US360470768001,8.0
1500000US360470389003,8.0
1500000US360610148011,8.0
1500000US360470246001,8.0
1500000US360610072007,8.0
1500000US360810309031,8.0
1500000US360810964001,8.0
1500000US360050093001,8.0
1500000US360810357001,8.0
1500000US360610090001,8.0
1500000US360810472003,8.0
1500000US360470393003,8.0
1500000US360610183005,8.0
1500000US360470137003,8.0
1500000US360470906002,8.0
1500000US360610111003,8.0
1500000US360470572002,8.0
1500000US360050083006,8.0
1500000US360470381002,8.0
1500000US360610066008,8.0
1500000US360470489001,7.666666666666667
1500000US360470281003,7.666666666666667
1500000US360610108006,7.666666666666667
1500000US360470555001,7.666666666666667
1500000US360610056001,7.666666666666667
1500000US360470820003,7.666666666666667
1500000US360470058002,7.666666666666667
1500000US360470880001,7.666666666666667
1500000US360610209011,7.666666666666667
1500000US360610164003,7.666666666666667
1500000US360610018003,7.666666666666667
1500000US360470349003,7.666666666666667
1500000US360470511002,7.666666666666667
1500000US360050407024,7.666666666666667
1500000US360471058044,7.666666666666667
1500000US360050390002,7.666666666666667
1500000US360050385001,7.333333333333333
1500000US360471034001,7.333333333333333
1500000US360850207001,7.333333333333333
1500000US360050019001,7.333333333333333
1500000US360050028001,7.333333333333333
1500000US360610042001,7.333333333333333
1500000US360471104004,7.333333333333333
1500000US360610076002,7.333333333333333
1500000US360610067001,7.333333333333333
1500000US360050399015,7.333333333333333
1500000US360050177012,7.333333333333333
1500000US360610215002,7.333333333333333
1500000US360470429004,7.333333333333333
1500000US360050143001,7.333333333333333
1500000US360610205001,7.333333333333333
1500000US360610231003,7.333333333333333
1500000US360810469004,7.333333333333333
1500000US360471200002,7.333333333333333
1500000US360610016005,7.333333333333333
1500000US360610195003,7.0
1500000US360470325003,7.0
1500000US360470728002,7.0
1500000US360470872003,7.0
1500000US360610168002,7.0
1500000US360050121021,7.0
1500000US360050110001,7.0
1500000US360610148024,7.0
1500000US360610154004,7.0
1500000US360050069001,7.0
1500000US360810352001,7.0
1500000US360050399021,7.0
1500000US360470453002,7.0
1500000US360610026012,7.0
1500000US360470317023,7.0
1500000US360810071004,7.0
1500000US360810997044,7.0
1500000US360610303002,7.0
1500000US360050231001,7.0
1500000US360810703002,7.0
1500000US360610195001,7.0
1500000US360610054003,7.0
1500000US360470900006,7.0
1500000US360810258002,6.666666666666667
1500000US360610089004,6.666666666666667
1500000US360850133022,6.666666666666667
1500000US360470796021,6.666666666666667
1500000US360050199001,6.666666666666667
1500000US360471134001,6.666666666666667
1500000US360610217031,6.666666666666667
1500000US360471198001,6.666666666666667
1500000US360610263001,6.666666666666667
1500000US360810998014,6.666666666666667
1500000US360470818003,6.666666666666667
1500000US360050386008,6.666666666666667
1500000US360470570004,6.666666666666667
1500000US360610065005,6.666666666666667
1500000US360050217003,6.666666666666667
1500000US360050177013,6.666666666666667
1500000US360610181003,6.666666666666667
1500000US360470896002,6.666666666666667
1500000US360610232001,6.666666666666667
1500000US360470449004,6.666666666666667
1500000US360610187004,6.666666666666667
1500000US360050039005,6.666666666666667
1500000US360471150003,6.666666666666667
1500000US360610291006,6.666666666666667
1500000US360810401002,6.666666666666667
1500000US360610034004,6.666666666666667
1500000US360610032003,6.666666666666667
1500000US360610291003,6.666666666666667
1500000US360610038001,6.333333333333333
1500000US360610089001,6.333333333333333
1500000US360471128001,6.333333333333333
1500000US360050027023,6.333333333333333
1500000US360610174021,6.333333333333333
1500000US360470387001,6.333333333333333
1500000US360610226002,6.333333333333333
1500000US360050181011,6.333333333333333
1500000US360470692001,6.333333333333333
1500000US360050073002,6.333333333333333
1500000US360810954002,6.333333333333333
1500000US360610175006,6.333333333333333
1500000US360610037003,6.333333333333333
1500000US360471166002,6.333333333333333
1500000US360610036021,6.333333333333333
1500000US360610279005,6.333333333333333
1500000US360470428003,6.333333333333333
1500000US360470804003,6.333333333333333
1500000US360810113002,6.333333333333333
1500000US360610224002,6.333333333333333
1500000US360810557001,6.333333333333333
1500000US360471196003,6.333333333333333
1500000US360810028002,6.333333333333333
1500000US360810942021,6.333333333333333
1500000US360810799001,6.333333333333333
1500000US360050197003,6.333333333333333
1500000US360610271001,6.333333333333333
1500000US360610022012,6.333333333333333
1500000US360810884002,6.333333333333333
1500000US360050185003,6.333333333333333
1500000US360050395004,6.333333333333333
1500000US360050336001,6.333333333333333
1500000US360610223012,6.333333333333333
1500000US360470395002,6.333333333333333
1500000US360470235001,6.333333333333333
1500000US360050426001,6.333333333333333
1500000US360610140006,6.333333333333333
1500000US360810284002,6.333333333333333
1500000US360470543001,6.333333333333333
1500000US360470908002,6.333333333333333
1500000US360050431004,6.333333333333333
1500000US360470606001,6.0
1500000US360470301003,6.0
1500000US360610135002,6.0
1500000US360471106002,6.0
1500000US360810992001,6.0
1500000US360810551001,6.0
1500000US360470265002,6.0
1500000US360470255001,6.0
1500000US360470078001,6.0
1500000US360610184004,6.0
1500000US360610114011,6.0
1500000US360811265002,6.0
1500000US360610071003,6.0
1500000US360471164002,6.0
1500000US360050067005,6.0
1500000US360050199004,6.0
1500000US360610232004,6.0
1500000US360470191002,6.0
1500000US360050371002,6.0
1500000US360810859003,6.0
1500000US360610218004,6.0
1500000US360050090001,6.0
1500000US360610030021,6.0
1500000US360050087005,6.0
1500000US360810285004,6.0
1500000US360810577002,6.0
1500000US360610229001,6.0
1500000US360610203002,6.0
1500000US360610170004,6.0
1500000US360470798023,6.0
1500000US360811010022,6.0
1500000US360810077001,6.0
1500000US360470326001,6.0
1500000US360471156001,6.0
1500000US360050077001,6.0
1500000US360610172003,6.0
1500000US360610077001,6.0
1500000US360050386002,6.0
1500000US360810443023,5.666666666666667
1500000US360810467004,5.666666666666667
1500000US360610172002,5.666666666666667
1500000US360470217002,5.666666666666667
1500000US360470191003,5.666666666666667
1500000US360610263004,5.666666666666667
1500000US360610084001,5.666666666666667
1500000US360470772002,5.666666666666667
1500000US360471198002,5.666666666666667
1500000US360610129001,5.666666666666667
1500000US360470527004,5.666666666666667
1500000US360610042002,5.666666666666667
1500000US360810219001,5.666666666666667
1500000US360470118001,5.666666666666667
1500000US360050051001,5.666666666666667
1500000US360610180002,5.666666666666667
1500000US360850231001,5.666666666666667
1500000US360610146026,5.666666666666667
1500000US360470065003,5.666666666666667
1500000US360470529001,5.666666666666667
1500000US360610245007,5.666666666666667
1500000US360610048006,5.666666666666667
1500000US360610188002,5.666666666666667
1500000US360050211002,5.666666666666667
1500000US360610032004,5.666666666666667
1500000US360610116001,5.666666666666667
1500000US360610164001,5.666666666666667
1500000US360470508031,5.666666666666667
1500000US360050035002,5.666666666666667
1500000US360471178001,5.666666666666667
1500000US360610064006,5.666666666666667
1500000US360810115002,5.666666666666667
1500000US360610184001,5.666666666666667
1500000US360470393002,5.666666666666667
1500000US360610158011,5.666666666666667
1500000US360470906001,5.666666666666667
1500000US360470172001,5.666666666666667
1500000US360470652001,5.666666666666667
1500000US360610034003,5.666666666666667
1500000US360610066001,5.333333333333333
1500000US360470431001,5.333333333333333
1500000US360050213012,5.333333333333333
1500000US360610171001,5.333333333333333
1500000US360050200001,5.333333333333333
1500000US360050230001,5.333333333333333
1500000US360050434001,5.333333333333333
1500000US360610127004,5.333333333333333
1500000US360050251006,5.333333333333333
1500000US360050265003,5.333333333333333
1500000US360850006001,5.333333333333333
1500000US360610215001,5.333333333333333
1500000US360810065021,5.333333333333333
1500000US360050389003,5.333333333333333
1500000US360050129011,5.333333333333333
1500000US360050141002,5.333333333333333
1500000US360050359001,5.333333333333333
1500000US360470984001,5.333333333333333
1500000US360050052001,5.333333333333333
1500000US360810458001,5.333333333333333
1500000US360610191005,5.333333333333333
1500000US360470552003,5.333333333333333
1500000US360470503001,5.333333333333333
1500000US360610166006,5.333333333333333
1500000US360470510021,5.333333333333333
1500000US360810166002,5.333333333333333
1500000US360810954001,5.333333333333333
1500000US360050385004,5.333333333333333
1500000US360610245006,5.333333333333333
1500000US360610081004,5.333333333333333
1500000US360810288004,5.333333333333333
1500000US360810287003,5.333333333333333
1500000US360471190001,5.333333333333333
1500000US360610265004,5.333333333333333
1500000US360610026021,5.333333333333333
1500000US360850029001,5.333333333333333
1500000US360810258001,5.333333333333333
1500000US360810283004,5.333333333333333
1500000US360470495002,5.333333333333333
1500000US360050253002,5.333333333333333
1500000US360810329002,5.333333333333333
1500000US360470326005,5.333333333333333
1500000US360050115021,5.333333333333333
1500000US360850122002,5.333333333333333
1500000US360470185011,5.333333333333333
1500000US360810972021,5.333333333333333
1500000US360050375041,5.333333333333333
1500000US360050210014,5.333333333333333
1500000US360610189005,5.333333333333333
1500000US360810534011,5.333333333333333
1500000US360050064001,5.333333333333333
1500000US360470213001,5.333333333333333
1500000US360470908003,5.333333333333333
1500000US360810446022,5.333333333333333
1500000US360610128001,5.0
1500000US360610175007,5.0
1500000US360050245023,5.0
1500000US360470326004,5.0
1500000US360470054003,5.0
1500000US360810942031,5.0
1500000US360470553003,5.0
1500000US360810403001,5.0
1500000US360610167004,5.0
1500000US360610189001,5.0
1500000US360810964002,5.0
1500000US360610122004,5.0
1500000US360050096002,5.0
1500000US360610233001,5.0
1500000US360050225004,5.0
1500000US360610137003,5.0
1500000US360050251003,5.0
1500000US360850213003,5.0
1500000US360610159007,5.0
1500000US360471152001,5.0
1500000US360810998021,5.0
1500000US360610098001,5.0
1500000US360470882001,5.0
1500000US360470514004,5.0
1500000US360470074003,5.0
1500000US360610293004,5.0
1500000US360470271001,5.0
1500000US360610121002,5.0
1500000US360470818001,5.0
1500000US360050399014,5.0
1500000US360470531001,5.0
1500000US360050403031,5.0
1500000US360050147012,5.0
1500000US360050404001,5.0
1500000US360610075003,5.0
1500000US360810998011,5.0
1500000US360810277004,5.0
1500000US360850067001,5.0
1500000US360810288002,5.0
1500000US360810254006,5.0
1500000US360610038003,5.0
1500000US360470220002,5.0
1500000US360050484002,5.0
1500000US360470880003,5.0
1500000US360610156013,5.0
1500000US360810062022,5.0
1500000US360470191001,5.0
1500000US360470249004,5.0
1500000US360810655011,5.0
1500000US360050224011,5.0
1500000US360050428001,5.0
1500000US360810273004,5.0
1500000US360050289003,5.0
1500000US360050380004,4.666666666666667
1500000US360810381003,4.666666666666667
1500000US360470021002,4.666666666666667
1500000US360810065011,4.666666666666667
1500000US360470516022,4.666666666666667
1500000US360050288002,4.666666666666667
1500000US360050358007,4.666666666666667
1500000US360850146062,4.666666666666667
1500000US360610015012,4.666666666666667
1500000US360610140001,4.666666666666667
1500000US360810040021,4.666666666666667
1500000US360810463001,4.666666666666667
1500000US360610156012,4.666666666666667
1500000US360610293003,4.666666666666667
1500000US360610237003,4.666666666666667
1500000US360610059002,4.666666666666667
1500000US360050040011,4.666666666666667
1500000US360471116002,4.666666666666667
1500000US360810432001,4.666666666666667
1500000US360050071001,4.666666666666667
1500000US360470375002,4.666666666666667
1500000US360610233002,4.666666666666667
1500000US360810334024,4.666666666666667
1500000US360050063006,4.666666666666667
1500000US360470485001,4.666666666666667
1500000US360470128011,4.666666666666667
1500000US360610226001,4.666666666666667
1500000US360050079001,4.666666666666667
1500000US360050145004,4.666666666666667
1500000US360811010011,4.666666666666667
1500000US360610221021,4.666666666666667
1500000US360810603001,4.666666666666667
1500000US360050243001,4.666666666666667
1500000US360050312002,4.666666666666667
1500000US360610218001,4.666666666666667
1500000US360050382001,4.666666666666667
1500000US360050085002,4.666666666666667
1500000US360610229005,4.666666666666667
1500000US360810309024,4.666666666666667
1500000US360050083004,4.666666666666667
1500000US360050201001,4.666666666666667
1500000US360050227021,4.666666666666667
1500000US360610050004,4.666666666666667
1500000US360470912003,4.666666666666667
1500000US360470485002,4.666666666666667
1500000US360050245011,4.666666666666667
1500000US360810845003,4.666666666666667
1500000US360850064001,4.666666666666667
1500000US360470193004,4.666666666666667
1500000US360470362002,4.666666666666667
1500000US360610157008,4.666666666666667
1500000US360050391004,4.666666666666667
1500000US360810062024,4.666666666666667
1500000US360610022014,4.666666666666667
1500000US360470326003,4.666666666666667
1500000US360810627002,4.666666666666667
1500000US360610179006,4.666666666666667
1500000US360470367001,4.666666666666667
1500000US360610074001,4.666666666666667
1500000US360470104003,4.666666666666667
1500000US360610182002,4.666666666666667
1500000US360610245003,4.666666666666667
1500000US360610242003,4.666666666666667
1500000US360470337003,4.666666666666667
1500000US360470249001,4.666666666666667
1500000US360810479002,4.666666666666667
1500000US360050173001,4.666666666666667
1500000US360470329001,4.666666666666667
1500000US360610197021,4.333333333333333
1500000US360050361002,4.333333333333333
1500000US360850047001,4.333333333333333
1500000US360610140004,4.333333333333333
1500000US360810462003,4.333333333333333
1500000US360470321001,4.333333333333333
1500000US360470425003,4.333333333333333
1500000US360610047001,4.333333333333333
1500000US360610241001,4.333333333333333
1500000US360810184011,4.333333333333333
1500000US360810641021,4.333333333333333
1500000US360810334012,4.333333333333333
1500000US360810366002,4.333333333333333
1500000US360610136004,4.333333333333333
1500000US360610206001,4.333333333333333
1500000US360610163004,4.333333333333333
1500000US360050255001,4.333333333333333
1500000US360610118008,4.333333333333333
1500000US360810309032,4.333333333333333
1500000US360850181002,4.333333333333333
1500000US360050330003,4.333333333333333
1500000US360610291004,4.333333333333333
1500000US360810403002,4.333333333333333
1500000US360470868003,4.333333333333333
1500000US360050295002,4.333333333333333
1500000US360470249002,4.333333333333333
1500000US360850133023,4.333333333333333
1500000US360470348002,4.333333333333333
1500000US360610061001,4.333333333333333
1500000US360050392002,4.333333333333333
1500000US360610121003,4.333333333333333
1500000US360610088001,4.333333333333333
1500000US360470127001,4.333333333333333
1500000US360470353002,4.333333333333333
1500000US360610206002,4.333333333333333
1500000US360470337002,4.333333333333333
1500000US360050153001,4.333333333333333
1500000US360470507001,4.333333333333333
1500000US360610008006,4.333333333333333
1500000US360810320003,4.333333333333333
1500000US360610172005,4.333333333333333
1500000US360470874011,4.333333333333333
1500000US360471192002,4.333333333333333
1500000US360610194001,4.333333333333333
1500000US360610245001,4.333333333333333
1500000US360470830004,4.333333333333333
1500000US360810945001,4.333333333333333
1500000US360810373002,4.333333333333333
1500000US360050380003,4.333333333333333
1500000US360610225005,4.333333333333333
1500000US360470021001,4.333333333333333
1500000US360610243013,4.333333333333333
1500000US360050265001,4.333333333333333
1500000US360470276003,4.333333333333333
1500000US360610210004,4.333333333333333
1500000US360470982001,4.333333333333333
1500000US360470080002,4.333333333333333
1500000US360050371004,4.333333333333333
1500000US360050425006,4.333333333333333
1500000US360850070001,4.333333333333333
1500000US360850226004,4.333333333333333
1500000US360850134002,4.333333333333333
1500000US360610297001,4.333333333333333
1500000US360050383013,4.333333333333333
1500000US360050287003,4.333333333333333
1500000US360610232003,4.333333333333333
1500000US360050296001,4.333333333333333
1500000US360610179007,4.333333333333333
1500000US360470385001,4.333333333333333
1500000US360050175003,4.333333333333333
1500000US360610050002,4.333333333333333
1500000US360810034001,4.333333333333333
1500000US360610069001,4.333333333333333
1500000US360471170002,4.333333333333333
1500000US360810179002,4.0
1500000US360470257001,4.0
1500000US360610261001,4.0
1500000US360850008001,4.0
1500000US360470453001,4.0
1500000US360610317032,4.0
1500000US360811163004,4.0
1500000US360470078002,4.0
1500000US360470068002,4.0
1500000US360610133003,4.0
1500000US360470353001,4.0
1500000US360050414002,4.0
1500000US360470303003,4.0
1500000US360470575003,4.0
1500000US360470610041,4.0
1500000US360850064003,4.0
1500000US360471144003,4.0
1500000US360050200002,4.0
1500000US360470330001,4.0
1500000US360470261002,4.0
1500000US360050379001,4.0
1500000US360050215024,4.0
1500000US360471174002,4.0
1500000US360810261004,4.0
1500000US360050431005,4.0
1500000US360810371001,4.0
1500000US360050267013,4.0
1500000US360470120001,4.0
1500000US360810889016,4.0
1500000US360810194001,4.0
1500000US360610098002,4.0
1500000US360610230004,4.0
1500000US360050020001,4.0
1500000US360050223003,4.0
1500000US360810240002,4.0
1500000US360850029003,4.0
1500000US360050179011,4.0
1500000US360610022011,4.0
1500000US360470269002,4.0
1500000US360810235004,4.0
1500000US360470351003,4.0
1500000US360470022001,4.0
1500000US360610126003,4.0
1500000US360471522003,4.0
1500000US360470798012,4.0
1500000US360610151004,4.0
1500000US360470486001,4.0
1500000US360050389001,4.0
1500000US360470780001,4.0
1500000US360610137005,4.0
1500000US360470031003,4.0
1500000US360050233021,4.0
1500000US360470231003,4.0
1500000US360610163003,4.0
1500000US360470143001,4.0
1500000US360050257001,4.0
1500000US360610235021,4.0
1500000US360810190001,4.0
1500000US360610220005,4.0
1500000US360810259002,4.0
1500000US360811347005,4.0
1500000US360050420003,4.0
1500000US360470960001,4.0
1500000US360850105002,4.0
1500000US360850146052,4.0
1500000US360610063001,4.0
1500000US360810365002,4.0
1500000US360610237001,4.0
1500000US360470506001,4.0
1500000US360810407001,4.0
1500000US360610036022,4.0
1500000US360470292001,4.0
1500000US360610078004,4.0
1500000US360610174012,4.0
1500000US360050241002,4.0
1500000US360050374002,4.0
1500000US360610127005,4.0
1500000US360050411002,4.0
1500000US360610269004,4.0
1500000US360610170003,4.0
1500000US360610066009,4.0
1500000US360610187005,4.0
1500000US360050213021,3.6666666666666665
1500000US360810468002,3.6666666666666665
1500000US360470828003,3.6666666666666665
1500000US360850075001,3.6666666666666665
1500000US360050222003,3.6666666666666665
1500000US360610195005,3.6666666666666665
1500000US360810045003,3.6666666666666665
1500000US360050209004,3.6666666666666665
1500000US360810938001,3.6666666666666665
1500000US360471198003,3.6666666666666665
1500000US360610177004,3.6666666666666665
1500000US360610255004,3.6666666666666665
1500000US360610151002,3.6666666666666665
1500000US360610219003,3.6666666666666665
1500000US360810275003,3.6666666666666665
1500000US360050087001,3.6666666666666665
1500000US360810865001,3.6666666666666665
1500000US360810366001,3.6666666666666665
1500000US360470802002,3.6666666666666665
1500000US360471144002,3.6666666666666665
1500000US360050239001,3.6666666666666665
1500000US360810939001,3.6666666666666665
1500000US360470256001,3.6666666666666665
1500000US360050067002,3.6666666666666665
1500000US360610235012,3.6666666666666665
1500000US360470748001,3.6666666666666665
1500000US360470160004,3.6666666666666665
1500000US360610158022,3.6666666666666665
1500000US360610067002,3.6666666666666665
1500000US360810293001,3.6666666666666665
1500000US360470365011,3.6666666666666665
1500000US360470774002,3.6666666666666665
1500000US360050090003,3.6666666666666665
1500000US360610261003,3.6666666666666665
1500000US360470252002,3.6666666666666665
1500000US360811227015,3.6666666666666665
1500000US360050456002,3.6666666666666665
1500000US360810031002,3.6666666666666665
1500000US360470199002,3.6666666666666665
1500000US360810329001,3.6666666666666665
1500000US360050161004,3.6666666666666665
1500000US360470742002,3.6666666666666665
1500000US360470342001,3.6666666666666665
1500000US360470796012,3.6666666666666665
1500000US360850133011,3.6666666666666665
1500000US360470876001,3.6666666666666665
1500000US360810294002,3.6666666666666665
1500000US360850291044,3.6666666666666665
1500000US360050117002,3.6666666666666665
1500000US360610220002,3.6666666666666665
1500000US360471126002,3.6666666666666665
1500000US360850029004,3.6666666666666665
1500000US360850112023,3.6666666666666665
1500000US360610216005,3.6666666666666665
1500000US360050289001,3.6666666666666665
1500000US360470381003,3.6666666666666665
1500000US360810992002,3.6666666666666665
1500000US360810553001,3.6666666666666665
1500000US360471196002,3.6666666666666665
1500000US360470297002,3.6666666666666665
1500000US360810265001,3.6666666666666665
1500000US360050147021,3.6666666666666665
1500000US360610043001,3.6666666666666665
1500000US360810942011,3.6666666666666665
1500000US360050365012,3.6666666666666665
1500000US360470449003,3.6666666666666665
1500000US360810394001,3.6666666666666665
1500000US360811551021,3.6666666666666665
1500000US360471146002,3.6666666666666665
1500000US360050233022,3.6666666666666665
1500000US360050379005,3.6666666666666665
1500000US360810124002,3.6666666666666665
1500000US360470563002,3.6666666666666665
1500000US360050286001,3.6666666666666665
1500000US360811072011,3.6666666666666665
1500000US360470241002,3.6666666666666665
1500000US360470315001,3.6666666666666665
1500000US360610155004,3.6666666666666665
1500000US360850244013,3.6666666666666665
1500000US360610130003,3.6666666666666665
1500000US360050378001,3.6666666666666665
1500000US360810557002,3.6666666666666665
1500000US360050068003,3.6666666666666665
1500000US360470069002,3.6666666666666665
1500000US360470311001,3.6666666666666665
1500000US360810471001,3.6666666666666665
1500000US360610065003,3.6666666666666665
1500000US360610146013,3.6666666666666665
1500000US360471124002,3.6666666666666665
1500000US360810329003,3.6666666666666665
1500000US360050255003,3.6666666666666665
1500000US360470509001,3.6666666666666665
1500000US360470426002,3.6666666666666665
1500000US360471208002,3.6666666666666665
1500000US360471110002,3.6666666666666665
1500000US360050250001,3.6666666666666665
1500000US360050368001,3.6666666666666665
1500000US360810461001,3.6666666666666665
1500000US360810357003,3.6666666666666665
1500000US360050133003,3.6666666666666665
1500000US360810454001,3.6666666666666665
1500000US360470190002,3.3333333333333335
1500000US360050054004,3.3333333333333335
1500000US360810779061,3.3333333333333335
1500000US360470101002,3.3333333333333335
1500000US360050293022,3.3333333333333335
1500000US360811467001,3.3333333333333335
1500000US360470330003,3.3333333333333335
1500000US360810797021,3.3333333333333335
1500000US360610251002,3.3333333333333335
1500000US360470085001,3.3333333333333335
1500000US360610025002,3.3333333333333335
1500000US360050399012,3.3333333333333335
1500000US360470878002,3.3333333333333335
1500000US360610225001,3.3333333333333335
1500000US360470307003,3.3333333333333335
1500000US360050255002,3.3333333333333335
1500000US360470218001,3.3333333333333335
1500000US360610055012,3.3333333333333335
1500000US360810236001,3.3333333333333335
1500000US360470258001,3.3333333333333335
1500000US360610263003,3.3333333333333335
1500000US360050381004,3.3333333333333335
1500000US360810938002,3.3333333333333335
1500000US360470569001,3.3333333333333335
1500000US360050442001,3.3333333333333335
1500000US360810437011,3.3333333333333335
1500000US360050227011,3.3333333333333335
1500000US360610064001,3.3333333333333335
1500000US360610174013,3.3333333333333335
1500000US360470724002,3.3333333333333335
1500000US360471160001,3.3333333333333335
1500000US360050179013,3.3333333333333335
1500000US360050336002,3.3333333333333335
1500000US360471196004,3.3333333333333335
1500000US360050393001,3.3333333333333335
1500000US360610065002,3.3333333333333335
1500000US360810208002,3.3333333333333335
1500000US360850096011,3.3333333333333335
1500000US360471120001,3.3333333333333335
1500000US360470178002,3.3333333333333335
1500000US360610196001,3.3333333333333335
1500000US360050330001,3.3333333333333335
1500000US360050413001,3.3333333333333335
1500000US360850170121,3.3333333333333335
1500000US360610279002,3.3333333333333335
1500000US360471152002,3.3333333333333335
1500000US360810405001,3.3333333333333335
1500000US360610162003,3.3333333333333335
1500000US360050401002,3.3333333333333335
1500000US360810595001,3.3333333333333335
1500000US360610307001,3.3333333333333335
1500000US360470537002,3.3333333333333335
1500000US360470370002,3.3333333333333335
1500000US360610168001,3.3333333333333335
1500000US360050218005,3.3333333333333335
1500000US360470898001,3.3333333333333335
1500000US360610040001,3.3333333333333335
1500000US360610097003,3.3333333333333335
1500000US360470117003,3.3333333333333335
1500000US360811551024,3.3333333333333335
1500000US360810205001,3.3333333333333335
1500000US360471220001,3.3333333333333335
1500000US360470188001,3.3333333333333335
1500000US360470003015,3.3333333333333335
1500000US360810440003,3.3333333333333335
1500000US360850146061,3.3333333333333335
1500000US360610195004,3.3333333333333335
1500000US360050337003,3.3333333333333335
1500000US360470233003,3.3333333333333335
1500000US360610181006,3.3333333333333335
1500000US360470420002,3.3333333333333335
1500000US360850319011,3.3333333333333335
1500000US360610177001,3.3333333333333335
1500000US360470284002,3.3333333333333335
1500000US360810739005,3.3333333333333335
1500000US360810465001,3.3333333333333335
1500000US360470230003,3.3333333333333335
1500000US360610041003,3.3333333333333335
1500000US360810379001,3.3333333333333335
1500000US360610257003,3.3333333333333335
1500000US360470557002,3.3333333333333335
1500000US360050361003,3.3333333333333335
1500000US360050145003,3.3333333333333335
1500000US360050288003,3.3333333333333335
1500000US360050067004,3.3333333333333335
1500000US360810589003,3.3333333333333335
1500000US360470900007,3.3333333333333335
1500000US360050202002,3.3333333333333335
1500000US360610236001,3.3333333333333335
1500000US360470214002,3.3333333333333335
1500000US360470119002,3.3333333333333335
1500000US360470020001,3.3333333333333335
1500000US360810540001,3.3333333333333335
1500000US360610169003,3.3333333333333335
1500000US360610097002,3.3333333333333335
1500000US360470248002,3.3333333333333335
1500000US360610230002,3.3333333333333335
1500000US360470367002,3.3333333333333335
1500000US360470379001,3.3333333333333335
1500000US360470982002,3.3333333333333335
1500000US360470283002,3.3333333333333335
1500000US360810478001,3.3333333333333335
1500000US360470071004,3.3333333333333335
1500000US360610072004,3.3333333333333335
1500000US360470222001,3.3333333333333335
1500000US360610072002,3.3333333333333335
1500000US360050223004,3.3333333333333335
1500000US360050177022,3.3333333333333335
1500000US360810272002,3.3333333333333335
1500000US360470046001,3.3333333333333335
1500000US360470296002,3.3333333333333335
1500000US360470141001,3.3333333333333335
1500000US360471144001,3.3333333333333335
1500000US360470435003,3.3333333333333335
1500000US360470139003,3.3333333333333335
1500000US360850081003,3.3333333333333335
1500000US360850036001,3.3333333333333335
1500000US360050062002,3.3333333333333335
1500000US360610106022,3.3333333333333335
1500000US360610037002,3.3333333333333335
1500000US360610239002,3.3333333333333335
1500000US360471122001,3.3333333333333335
1500000US360470516011,3.3333333333333335
1500000US360470696022,3.3333333333333335
1500000US360810120002,3.3333333333333335
1500000US360610056002,3.3333333333333335
1500000US360850059001,3.3333333333333335
1500000US360610093006,3.3333333333333335
1500000US360470886003,3.3333333333333335
1500000US360470958002,3.3333333333333335
1500000US360850009001,3.3333333333333335
1500000US360050033001,3.0
1500000US360810582002,3.0
1500000US360050403043,3.0
1500000US360050233014,3.0
1500000US360471194003,3.0
1500000US360610233003,3.0
1500000US360471194001,3.0
1500000US360470868002,3.0
1500000US360471176022,3.0
1500000US360050076005,3.0
1500000US360810144001,3.0
1500000US360610154001,3.0
1500000US360810330001,3.0
1500000US360470441002,3.0
1500000US360470504003,3.0
1500000US360470790002,3.0
1500000US360050383023,3.0
1500000US360470508043,3.0
1500000US360050093003,3.0
1500000US360470569002,3.0
1500000US360470868001,3.0
1500000US360810158012,3.0
1500000US360810991004,3.0
1500000US360470374021,3.0
1500000US360470900001,3.0
1500000US360050167002,3.0
1500000US360850112011,3.0
1500000US360610134008,3.0
1500000US360810320001,3.0
1500000US360610135001,3.0
1500000US360810809002,3.0
1500000US360610287001,3.0
1500000US360810276001,3.0
1500000US360810085002,3.0
1500000US360470505003,3.0
1500000US360470419001,3.0
1500000US360050363003,3.0
1500000US360470501003,3.0
1500000US360810159002,3.0
1500000US360810769012,3.0
1500000US360470321004,3.0
1500000US360470178001,3.0
1500000US360610077003,3.0
1500000US360810493021,3.0
1500000US360610145001,3.0
1500000US360610186001,3.0
1500000US360810437021,3.0
1500000US360810383011,3.0
1500000US360050283002,3.0
1500000US360471156004,3.0
1500000US360850213005,3.0
1500000US360610197011,3.0
1500000US360470304001,3.0
1500000US360471522002,3.0
1500000US360810613014,3.0
1500000US360050001001,3.0
1500000US360610191003,3.0
1500000US360470924002,3.0
1500000US360811008023,3.0
1500000US360470528002,3.0
1500000US360610271004,3.0
1500000US360050044003,3.0
1500000US360610259002,3.0
1500000US360810102001,3.0
1500000US360470916004,3.0
1500000US360470341001,3.0
1500000US360470477002,3.0
1500000US360810555002,3.0
1500000US360610181002,3.0
1500000US360470192002,3.0
1500000US360610192001,3.0
1500000US360810589002,3.0
1500000US360471142012,3.0
1500000US360810455005,3.0
1500000US360850017002,3.0
1500000US360050237042,3.0
1500000US360050043001,3.0
1500000US360470491003,3.0
1500000US360610309002,3.0
1500000US360811167001,3.0
1500000US360850146042,3.0
1500000US360470080001,3.0
1500000US360610130004,3.0
1500000US360850009002,3.0
1500000US360850198002,3.0
1500000US360470519002,3.0
1500000US360610225004,3.0
1500000US360470285021,3.0
1500000US360810337002,3.0
1500000US360470814001,3.0
1500000US360810797014,3.0
1500000US360610299001,3.0
1500000US360050237041,3.0
1500000US360470429003,3.0
1500000US360050042005,3.0
1500000US360471118002,3.0
1500000US360610212003,3.0
1500000US360810415002,3.0
1500000US360810236002,3.0
1500000US360470277004,3.0
1500000US360810246001,3.0
1500000US360610041006,3.0
1500000US360810934023,3.0
1500000US360470892001,3.0
1500000US360470413001,3.0
1500000US360470437002,3.0
1500000US360610049002,3.0
1500000US360050076002,3.0
1500000US360850007001,3.0
1500000US360470359002,3.0
1500000US360610303001,3.0
1500000US360470431004,3.0
1500000US360471132001,3.0
1500000US360471172011,3.0
1500000US360050442005,3.0
1500000US360470039001,3.0
1500000US360810524002,3.0
1500000US360050338004,3.0
1500000US360470902004,3.0
1500000US360810680004,3.0
1500000US360610153002,3.0
1500000US360470672001,3.0
1500000US360610070001,3.0
1500000US360810266001,3.0
1500000US360470335003,3.0
1500000US360470153004,3.0
1500000US360610157007,3.0
1500000US360470388003,3.0
1500000US360470074001,3.0
1500000US360470513001,3.0
1500000US360470299001,3.0
1500000US360050391002,3.0
1500000US360810559001,3.0
1500000US360810600001,3.0
1500000US360810892005,3.0
1500000US360470219003,3.0
1500000US360610059003,3.0
1500000US360610149003,3.0
1500000US360050434004,3.0
1500000US360610187003,3.0
1500000US360470391002,3.0
1500000US360810254005,3.0
1500000US360470690001,3.0
1500000US360610281002,3.0
1500000US360470968002,3.0
1500000US360470890004,3.0
1500000US360471220002,3.0
1500000US360050162002,3.0
1500000US360470076003,3.0
1500000US360810022002,3.0
1500000US360470402002,3.0
1500000US360470333002,3.0
1500000US360810987002,3.0
1500000US360470085003,3.0
1500000US360610218002,3.0
1500000US360470484001,3.0
1500000US360470786001,3.0
1500000US360050365013,3.0
1500000US360850248003,3.0
1500000US360050235021,3.0
1500000US360810281004,3.0
1500000US360470374013,3.0
1500000US360850027001,3.0
1500000US360470043001,3.0
1500000US360470427001,3.0
1500000US360471160002,3.0
1500000US360811032012,3.0
1500000US360810181022,3.0
1500000US360471132002,3.0
1500000US360850208043,3.0
1500000US360050405011,3.0
1500000US360470096003,3.0
1500000US360811417005,3.0
1500000US360610212001,3.0
1500000US360470527003,3.0
1500000US360610120003,2.6666666666666665
1500000US360050267023,2.6666666666666665
1500000US360050425007,2.6666666666666665
1500000US360470231002,2.6666666666666665
1500000US360470317022,2.6666666666666665
1500000US360810012002,2.6666666666666665
1500000US360610171003,2.6666666666666665
1500000US360810061003,2.6666666666666665
1500000US360471202002,2.6666666666666665
1500000US360470031002,2.6666666666666665
1500000US360050425005,2.6666666666666665
1500000US360050175001,2.6666666666666665
1500000US360811291031,2.6666666666666665
1500000US360470343001,2.6666666666666665
1500000US360470366003,2.6666666666666665
1500000US360050233013,2.6666666666666665
1500000US360810892003,2.6666666666666665
1500000US360610118002,2.6666666666666665
1500000US360810273005,2.6666666666666665
1500000US360050041004,2.6666666666666665
1500000US360610028004,2.6666666666666665
1500000US360470550001,2.6666666666666665
1500000US360470337001,2.6666666666666665
1500000US360050078002,2.6666666666666665
1500000US360610211007,2.6666666666666665
1500000US360470804001,2.6666666666666665
1500000US360810743001,2.6666666666666665
1500000US360050025001,2.6666666666666665
1500000US360610223021,2.6666666666666665
1500000US360810809007,2.6666666666666665
1500000US360810105002,2.6666666666666665
1500000US360850189011,2.6666666666666665
1500000US360610068005,2.6666666666666665
1500000US360470397001,2.6666666666666665
1500000US360050210016,2.6666666666666665
1500000US360610232002,2.6666666666666665
1500000US360470566002,2.6666666666666665
1500000US360810157001,2.6666666666666665
1500000US360850105001,2.6666666666666665
1500000US360610127003,2.6666666666666665
1500000US360470068003,2.6666666666666665
1500000US360811227013,2.6666666666666665
1500000US360810401001,2.6666666666666665
1500000US360810650002,2.6666666666666665
1500000US360610229004,2.6666666666666665
1500000US360470345001,2.6666666666666665
1500000US360810399003,2.6666666666666665
1500000US360610236004,2.6666666666666665
1500000US360610110002,2.6666666666666665
1500000US360470291001,2.6666666666666665
1500000US360470493003,2.6666666666666665
1500000US360470910001,2.6666666666666665
1500000US360610059004,2.6666666666666665
1500000US360470576001,2.6666666666666665
1500000US360850181003,2.6666666666666665
1500000US360050035001,2.6666666666666665
1500000US360811010021,2.6666666666666665
1500000US360810466001,2.6666666666666665
1500000US360810297002,2.6666666666666665
1500000US360810361002,2.6666666666666665
1500000US360470383002,2.6666666666666665
1500000US360811032023,2.6666666666666665
1500000US360050004001,2.6666666666666665
1500000US360810180001,2.6666666666666665
1500000US360810508002,2.6666666666666665
1500000US360610205002,2.6666666666666665
1500000US360810096002,2.6666666666666665
1500000US360470106002,2.6666666666666665
1500000US360470275002,2.6666666666666665
1500000US360470185014,2.6666666666666665
1500000US360050224031,2.6666666666666665
1500000US360050119004,2.6666666666666665
1500000US360470060001,2.6666666666666665
1500000US360610138008,2.6666666666666665
1500000US360470371005,2.6666666666666665
1500000US360470400003,2.6666666666666665
1500000US360470565003,2.6666666666666665
1500000US360470352001,2.6666666666666665
1500000US360810110001,2.6666666666666665
1500000US360810199002,2.6666666666666665
1500000US360470328001,2.6666666666666665
1500000US360470297003,2.6666666666666665
1500000US360470882004,2.6666666666666665
1500000US360810987001,2.6666666666666665
1500000US360850223002,2.6666666666666665
1500000US360471184001,2.6666666666666665
1500000US360050073001,2.6666666666666665
1500000US360050061003,2.6666666666666665
1500000US360610273001,2.6666666666666665
1500000US360610291007,2.6666666666666665
1500000US360610170002,2.6666666666666665
1500000US360050177024,2.6666666666666665
1500000US360810279004,2.6666666666666665
1500000US360470222003,2.6666666666666665
1500000US360050209001,2.6666666666666665
1500000US360470888003,2.6666666666666665
1500000US360610030022,2.6666666666666665
1500000US360470220004,2.6666666666666665
1500000US360050344002,2.6666666666666665
1500000US360470029011,2.6666666666666665
1500000US360610091003,2.6666666666666665
1500000US360810679003,2.6666666666666665
1500000US360470422002,2.6666666666666665
1500000US360470295002,2.6666666666666665
1500000US360610223014,2.6666666666666665
1500000US360050244001,2.6666666666666665
1500000US360610293002,2.6666666666666665
1500000US360810098001,2.6666666666666665
1500000US360810892007,2.6666666666666665
1500000US360810016001,2.6666666666666665
1500000US360470526002,2.6666666666666665
1500000US360610203001,2.6666666666666665
1500000US360850319023,2.6666666666666665
1500000US360850151005,2.6666666666666665
1500000US360470497003,2.6666666666666665
1500000US360610277001,2.6666666666666665
1500000US360610090005,2.6666666666666665
1500000US360470076002,2.6666666666666665
1500000US360810291004,2.6666666666666665
1500000US360610041004,2.6666666666666665
1500000US360470492002,2.6666666666666665
1500000US360050326002,2.6666666666666665
1500000US360470594021,2.6666666666666665
1500000US360470366002,2.6666666666666665
1500000US360470045001,2.6666666666666665
1500000US360810273003,2.6666666666666665
1500000US360810087002,2.6666666666666665
1500000US360850207004,2.6666666666666665
1500000US360470226001,2.6666666666666665
1500000US360050075001,2.6666666666666665
1500000US360810512001,2.6666666666666665
1500000US360610127001,2.6666666666666665
1500000US360610065004,2.6666666666666665
1500000US360470510022,2.6666666666666665
1500000US360610157006,2.6666666666666665
1500000US360610071004,2.6666666666666665
1500000US360470403002,2.6666666666666665
1500000US360471202001,2.6666666666666665
1500000US360610213034,2.6666666666666665
1500000US360470533001,2.6666666666666665
1500000US360050215011,2.6666666666666665
1500000US360470438002,2.6666666666666665
1500000US360610072003,2.6666666666666665
1500000US360810263001,2.6666666666666665
1500000US360610179005,2.6666666666666665
1500000US360050458004,2.6666666666666665
1500000US360810593002,2.6666666666666665
1500000US360610145002,2.6666666666666665
1500000US360610224001,2.6666666666666665
1500000US360610139007,2.6666666666666665
1500000US360471208003,2.6666666666666665
1500000US360470227001,2.6666666666666665
1500000US360610167001,2.6666666666666665
1500000US360470260003,2.6666666666666665
1500000US360470784002,2.6666666666666665
1500000US360610016003,2.6666666666666665
1500000US360050409002,2.6666666666666665
1500000US360471118001,2.6666666666666665
1500000US360470448001,2.6666666666666665
1500000US360470508011,2.6666666666666665
1500000US360470078003,2.6666666666666665
1500000US360470890006,2.6666666666666665
1500000US360610185003,2.6666666666666665
1500000US360810297001,2.6666666666666665
1500000US360470251003,2.6666666666666665
1500000US360050141001,2.6666666666666665
1500000US360050407021,2.6666666666666665
1500000US360610032001,2.6666666666666665
1500000US360471098001,2.6666666666666665
1500000US360050328001,2.6666666666666665
1500000US360470077003,2.6666666666666665
1500000US360470523002,2.6666666666666665
1500000US360050423003,2.6666666666666665
1500000US360470360011,2.6666666666666665
1500000US360810998013,2.6666666666666665
1500000US360810713033,2.6666666666666665
1500000US360050149002,2.6666666666666665
1500000US360610015021,2.3333333333333335
1500000US360850081001,2.3333333333333335
1500000US360810972042,2.3333333333333335
1500000US360050241005,2.3333333333333335
1500000US360050243004,2.3333333333333335
1500000US360470427004,2.3333333333333335
1500000US360470281002,2.3333333333333335
1500000US360471126003,2.3333333333333335
1500000US360810106002,2.3333333333333335
1500000US360810025002,2.3333333333333335
1500000US360470022003,2.3333333333333335
1500000US360810547001,2.3333333333333335
1500000US360050125002,2.3333333333333335
1500000US360610118001,2.3333333333333335
1500000US360811377001,2.3333333333333335
1500000US360610164004,2.3333333333333335
1500000US360810769021,2.3333333333333335
1500000US360470313002,2.3333333333333335
1500000US360050215013,2.3333333333333335
1500000US360471184002,2.3333333333333335
1500000US360610211003,2.3333333333333335
1500000US360810846021,2.3333333333333335
1500000US360810033003,2.3333333333333335
1500000US360470858001,2.3333333333333335
1500000US360810489001,2.3333333333333335
1500000US360850198001,2.3333333333333335
1500000US360471184003,2.3333333333333335
1500000US360610230003,2.3333333333333335
1500000US360470251001,2.3333333333333335
1500000US360610263002,2.3333333333333335
1500000US360810186001,2.3333333333333335
1500000US360050420001,2.3333333333333335
1500000US360050256002,2.3333333333333335
1500000US360050394004,2.3333333333333335
1500000US360811032011,2.3333333333333335
1500000US360610016001,2.3333333333333335
1500000US360610211004,2.3333333333333335
1500000US360050408004,2.3333333333333335
1500000US360050263005,2.3333333333333335
1500000US360610226003,2.3333333333333335
1500000US360810654002,2.3333333333333335
1500000US360050265002,2.3333333333333335
1500000US360470121001,2.3333333333333335
1500000US360050158001,2.3333333333333335
1500000US360050075004,2.3333333333333335
1500000US360050269001,2.3333333333333335
1500000US360050216011,2.3333333333333335
1500000US360470245001,2.3333333333333335
1500000US360850244022,2.3333333333333335
1500000US360470134002,2.3333333333333335
1500000US360470503002,2.3333333333333335
1500000US360050163001,2.3333333333333335
1500000US360471186001,2.3333333333333335
1500000US360850134001,2.3333333333333335
1500000US360610161005,2.3333333333333335
1500000US360470314002,2.3333333333333335
1500000US360810837002,2.3333333333333335
1500000US360850070003,2.3333333333333335
1500000US360810457001,2.3333333333333335
1500000US360470449001,2.3333333333333335
1500000US360470386001,2.3333333333333335
1500000US360850198004,2.3333333333333335
1500000US360470916002,2.3333333333333335
1500000US360810853003,2.3333333333333335
1500000US360050151004,2.3333333333333335
1500000US360810007001,2.3333333333333335
1500000US360470257002,2.3333333333333335
1500000US360050144002,2.3333333333333335
1500000US360810939003,2.3333333333333335
1500000US360050079003,2.3333333333333335
1500000US360470005022,2.3333333333333335
1500000US360610228002,2.3333333333333335
1500000US360470788001,2.3333333333333335
1500000US360050201002,2.3333333333333335
1500000US360470944014,2.3333333333333335
1500000US360470068004,2.3333333333333335
1500000US360811385013,2.3333333333333335
1500000US360050195001,2.3333333333333335
1500000US360610150023,2.3333333333333335
1500000US360050365021,2.3333333333333335
1500000US360850319022,2.3333333333333335
1500000US360050421005,2.3333333333333335
1500000US360470682001,2.3333333333333335
1500000US360850121001,2.3333333333333335
1500000US360810414003,2.3333333333333335
1500000US360810214003,2.3333333333333335
1500000US360470084002,2.3333333333333335
1500000US360050383021,2.3333333333333335
1500000US360610295001,2.3333333333333335
1500000US360050407023,2.3333333333333335
1500000US360050089001,2.3333333333333335
1500000US360610214002,2.3333333333333335
1500000US360810054003,2.3333333333333335
1500000US360850114023,2.3333333333333335
1500000US360470822004,2.3333333333333335
1500000US360050086002,2.3333333333333335
1500000US360470277001,2.3333333333333335
1500000US360610121005,2.3333333333333335
1500000US360610087002,2.3333333333333335
1500000US360810656003,2.3333333333333335
1500000US360810659002,2.3333333333333335
1500000US360610242002,2.3333333333333335
1500000US360470369002,2.3333333333333335
1500000US360810347002,2.3333333333333335
1500000US360850147002,2.3333333333333335
1500000US360470497002,2.3333333333333335
1500000US360050216025,2.3333333333333335
1500000US360810294003,2.3333333333333335
1500000US360610138004,2.3333333333333335
1500000US360610137006,2.3333333333333335
1500000US360810929002,2.3333333333333335
1500000US360470514001,2.3333333333333335
1500000US360050167001,2.3333333333333335
1500000US360050127011,2.3333333333333335
1500000US360050189001,2.3333333333333335
1500000US360610261002,2.3333333333333335
1500000US360610089005,2.3333333333333335
1500000US360050237032,2.3333333333333335
1500000US360050072001,2.3333333333333335
1500000US360850146044,2.3333333333333335
1500000US360810535001,2.3333333333333335
1500000US360050458002,2.3333333333333335
1500000US360470591004,2.3333333333333335
1500000US360610032002,2.3333333333333335
1500000US360050210022,2.3333333333333335
1500000US360470571004,2.3333333333333335
1500000US360050138001,2.3333333333333335
1500000US360050391001,2.3333333333333335
1500000US360050248002,2.3333333333333335
1500000US360050213022,2.3333333333333335
1500000US360050249001,2.3333333333333335
1500000US360470363003,2.3333333333333335
1500000US360610247002,2.3333333333333335
1500000US360470950001,2.3333333333333335
1500000US360610060002,2.3333333333333335
1500000US360050054001,2.3333333333333335
1500000US360470355002,2.3333333333333335
1500000US360470313001,2.3333333333333335
1500000US360610242001,2.3333333333333335
1500000US360470834001,2.3333333333333335
1500000US360470642001,2.3333333333333335
1500000US360610230005,2.3333333333333335
1500000US360470387002,2.3333333333333335
1500000US360610067003,2.3333333333333335
1500000US360810837001,2.3333333333333335
1500000US360471186002,2.3333333333333335
1500000US360470496001,2.3333333333333335
1500000US360050050013,2.3333333333333335
1500000US360050181022,2.3333333333333335
1500000US360470379002,2.3333333333333335
1500000US360850187022,2.3333333333333335
1500000US360610293001,2.3333333333333335
1500000US360050151002,2.3333333333333335
1500000US360470860001,2.3333333333333335
1500000US360810779072,2.3333333333333335
1500000US360050225002,2.3333333333333335
1500000US360810394003,2.3333333333333335
1500000US360050358002,2.3333333333333335
1500000US360610056003,2.3333333333333335
1500000US360470531002,2.3333333333333335
1500000US360610077004,2.3333333333333335
1500000US360050460001,2.3333333333333335
1500000US360470676002,2.3333333333333335
1500000US360470065007,2.3333333333333335
1500000US360470512002,2.3333333333333335
1500000US360470722001,2.3333333333333335
1500000US360470359004,2.3333333333333335
1500000US360810184022,2.3333333333333335
1500000US360050232002,2.3333333333333335
1500000US360610111002,2.3333333333333335
1500000US360810657021,2.3333333333333335
1500000US360811123002,2.3333333333333335
1500000US360470307002,2.3333333333333335
1500000US360470409003,2.3333333333333335
1500000US360470800001,2.3333333333333335
1500000US360810130002,2.3333333333333335
1500000US360810106001,2.3333333333333335
1500000US360610068004,2.3333333333333335
1500000US360610016004,2.3333333333333335
1500000US360810381002,2.3333333333333335
1500000US360050462021,2.3333333333333335
1500000US360470145002,2.3333333333333335
1500000US360470213002,2.3333333333333335
1500000US360610073006,2.3333333333333335
1500000US360810047002,2.3333333333333335
1500000US360050144003,2.3333333333333335
1500000US360850303021,2.3333333333333335
1500000US360470431002,2.3333333333333335
1500000US360610245002,2.3333333333333335
1500000US360810398001,2.3333333333333335
1500000US360050245012,2.3333333333333335
1500000US360810530002,2.3333333333333335
1500000US360050212002,2.3333333333333335
1500000US360810251001,2.3333333333333335
1500000US360810478002,2.3333333333333335
1500000US360810220021,2.3333333333333335
1500000US360050375042,2.3333333333333335
1500000US360470371002,2.3333333333333335
1500000US360470806002,2.3333333333333335
1500000US360810452001,2.3333333333333335
1500000US360850105004,2.3333333333333335
1500000US360610078001,2.3333333333333335
1500000US360610063004,2.3333333333333335
1500000US360810803011,2.3333333333333335
1500000US360470069001,2.3333333333333335
1500000US360050131001,2.3333333333333335
1500000US360471006001,2.3333333333333335
1500000US360470063002,2.3333333333333335
1500000US360610249001,2.3333333333333335
1500000US360850248002,2.3333333333333335
1500000US360470315003,2.3333333333333335
1500000US360050210012,2.3333333333333335
1500000US360610146012,2.3333333333333335
1500000US360810058002,2.3333333333333335
1500000US360470580001,2.3333333333333335
1500000US360050422001,2.3333333333333335
1500000US360610231002,2.3333333333333335
1500000US360810155001,2.3333333333333335
1500000US360470547001,2.3333333333333335
1500000US360470253001,2.3333333333333335
1500000US360470149002,2.3333333333333335
1500000US360470305001,2.3333333333333335
1500000US360050183023,2.3333333333333335
1500000US360470112004,2.3333333333333335
1500000US360810384001,2.3333333333333335
1500000US360610243011,2.3333333333333335
1500000US360470578002,2.3333333333333335
1500000US360470488001,2.3333333333333335
1500000US360471158002,2.3333333333333335
1500000US360610146025,2.3333333333333335
1500000US360610041005,2.3333333333333335
1500000US360610293005,2.3333333333333335
1500000US360050093005,2.3333333333333335
1500000US360050344001,2.3333333333333335
1500000US360050372001,2.3333333333333335
1500000US360610072005,2.3333333333333335
1500000US360610193004,2.3333333333333335
1500000US360610054002,2.3333333333333335
1500000US360050149001,2.3333333333333335
1500000US360050062003,2.3333333333333335
1500000US360810683001,2.0
1500000US360810638002,2.0
1500000US360470395003,2.0
1500000US360810582003,2.0
1500000US360050429011,2.0
1500000US360610234002,2.0
1500000US360610269003,2.0
1500000US360810163003,2.0
1500000US360470666001,2.0
1500000US360470085002,2.0
1500000US360050286002,2.0
1500000US360850141001,2.0
1500000US360610181001,2.0
1500000US360050385003,2.0
1500000US360810033001,2.0
1500000US360470850001,2.0
1500000US360050267026,2.0
1500000US360610170005,2.0
1500000US360810367002,2.0
1500000US360810278002,2.0
1500000US360610032007,2.0
1500000US360811579021,2.0
1500000US360610183001,2.0
1500000US360050312001,2.0
1500000US360810483002,2.0
1500000US360470203001,2.0
1500000US360470460003,2.0
1500000US360050042002,2.0
1500000US360050399022,2.0
1500000US360610199005,2.0
1500000US360810006002,2.0
1500000US360050406001,2.0
1500000US360471012001,2.0
1500000US360470594012,2.0
1500000US360470389002,2.0
1500000US360050241001,2.0
1500000US360470112001,2.0
1500000US360470491001,2.0
1500000US360850226001,2.0
1500000US360470828002,2.0
1500000US360810493022,2.0
1500000US360810039001,2.0
1500000US360050390001,2.0
1500000US360810287002,2.0
1500000US360810591002,2.0
1500000US360470836002,2.0
1500000US360810695001,2.0
1500000US360470403001,2.0
1500000US360610174011,2.0
1500000US360471180001,2.0
1500000US360470300002,2.0
1500000US360470159001,2.0
1500000US360610018001,2.0
1500000US360050194001,2.0
1500000US360471134003,2.0
1500000US360470954003,2.0
1500000US360470445001,2.0
1500000US360470798021,2.0
1500000US360050115022,2.0
1500000US360470437001,2.0
1500000US360610279003,2.0
1500000US360810517001,2.0
1500000US360470299002,2.0
1500000US360810687003,2.0
1500000US360610178002,2.0
1500000US360470493005,2.0
1500000US360470575001,2.0
1500000US360470430003,2.0
1500000US360470391001,2.0
1500000US360610108007,2.0
1500000US360811008022,2.0
1500000US360470259021,2.0
1500000US360810149002,2.0
1500000US360610193005,2.0
1500000US360050217001,2.0
1500000US360810016002,2.0
1500000US360050442002,2.0
1500000US360610034002,2.0
1500000US360470122001,2.0
1500000US360810063001,2.0
1500000US360810069002,2.0
1500000US360850170081,2.0
1500000US360050273003,2.0
1500000US360810552001,2.0
1500000US360470163002,2.0
1500000US360470600005,2.0
1500000US360610139001,2.0
1500000US360470229004,2.0
1500000US360470830002,2.0
1500000US360470021003,2.0
1500000US360470267002,2.0
1500000US360610213031,2.0
1500000US360470780002,2.0
1500000US360470201003,2.0
1500000US360610020001,2.0
1500000US360470141003,2.0
1500000US360470441001,2.0
1500000US360610050001,2.0
1500000US360050212004,2.0
1500000US360810196002,2.0
1500000US360470129012,2.0
1500000US360811201001,2.0
1500000US360050237033,2.0
1500000US360810803013,2.0
1500000US360050189003,2.0
1500000US360850096022,2.0
1500000US360610271005,2.0
1500000US360050462023,2.0
1500000US360811277001,2.0
1500000US360050215022,2.0
1500000US360470896001,2.0
1500000US360811139002,2.0
1500000US360850036002,2.0
1500000US360050016003,2.0
1500000US360610002011,2.0
1500000US360470409002,2.0
1500000US360610154009,2.0
1500000US360050371001,2.0
1500000US360050044004,2.0
1500000US360610180001,2.0
1500000US360050251005,2.0
1500000US360610039002,2.0
1500000US360610154005,2.0
1500000US360470460001,2.0
1500000US360470308001,2.0
1500000US360050279002,2.0
1500000US360610183002,2.0
1500000US360850029002,2.0
1500000US360810086001,2.0
1500000US360610154007,2.0
1500000US360050027022,2.0
1500000US360050372002,2.0
1500000US360850198003,2.0
1500000US360610030014,2.0
1500000US360610238021,2.0
1500000US360470249003,2.0
1500000US360610283002,2.0
1500000US360050042003,2.0
1500000US360811039004,2.0
1500000US360610166004,2.0
1500000US360050205012,2.0
1500000US360470313003,2.0
1500000US360050419003,2.0
1500000US360610209012,2.0
1500000US360050451012,2.0
1500000US360850207002,2.0
1500000US360610194002,2.0
1500000US360470493001,2.0
1500000US360850141002,2.0
1500000US360810267002,2.0
1500000US360810587002,2.0
1500000US360470345002,2.0
1500000US360810610001,2.0
1500000US360050125001,2.0
1500000US360810972031,2.0
1500000US360610165005,2.0
1500000US360810790002,2.0
1500000US360810415001,2.0
1500000US360810427001,2.0
1500000US360471166001,2.0
1500000US360470094001,2.0
1500000US360811257001,2.0
1500000US360050218002,2.0
1500000US360050389005,2.0
1500000US360811008024,2.0
1500000US360050414001,2.0
1500000US360050326001,2.0
1500000US360470440003,2.0
1500000US360610212004,2.0
1500000US360470062002,2.0
1500000US360470336002,2.0
1500000US360050147013,2.0
1500000US360470053004,2.0
1500000US360470127003,2.0
1500000US360470409001,2.0
1500000US360810531003,2.0
1500000US360050121012,2.0
1500000US360050181023,2.0
1500000US360811205001,2.0
1500000US360810087001,2.0
1500000US360470429001,2.0
1500000US360050328004,2.0
1500000US360810061001,2.0
1500000US360610066005,2.0
1500000US360050157002,2.0
1500000US360050409001,2.0
1500000US360610014011,2.0
1500000US360050175002,2.0
1500000US360470335002,2.0
1500000US360470287002,2.0
1500000US360811047005,2.0
1500000US360610133004,2.0
1500000US360470423001,2.0
1500000US360811409021,2.0
1500000US360470314001,2.0
1500000US360610118004,2.0
1500000US360470481003,2.0
1500000US360810263002,2.0
1500000US360810482001,2.0
1500000US360810747001,2.0
1500000US360470503003,2.0
1500000US360610067004,2.0
1500000US360850097001,2.0
1500000US360610165004,2.0
1500000US360810182001,2.0
1500000US360050348001,2.0
1500000US360810593001,2.0
1500000US360810178001,2.0
1500000US360610253001,2.0
1500000US360470183003,2.0
1500000US360850223001,2.0
1500000US360610128004,2.0
1500000US360050336003,2.0
1500000US360810690002,2.0
1500000US360850133021,2.0
1500000US360471172012,2.0
1500000US360050076004,2.0
1500000US360610177005,2.0
1500000US360470916003,2.0
1500000US360811479003,2.0
1500000US360610194003,2.0
1500000US360470818002,2.0
1500000US360050374001,2.0
1500000US360610187006,2.0
1500000US360050197002,2.0
1500000US360050387002,2.0
1500000US360610213032,2.0
1500000US360610043002,2.0
1500000US360470495001,2.0
1500000US360610227001,2.0
1500000US360810159004,2.0
1500000US360470084003,2.0
1500000US360470591001,2.0
1500000US360470296004,2.0
1500000US360610180003,2.0
1500000US360050195004,2.0
1500000US360470696021,2.0
1500000US360050123003,2.0
1500000US360050264001,2.0
1500000US360050048002,2.0
1500000US360050462016,2.0
1500000US360610122003,2.0
1500000US360810925002,2.0
1500000US360050184002,2.0
1500000US360470098002,2.0
1500000US360810598002,2.0
1500000US360470896003,2.0
1500000US360470822002,2.0
1500000US360810254003,2.0
1500000US360470950002,2.0
1500000US360610154002,2.0
1500000US360610002021,2.0
1500000US360050265004,2.0
1500000US360470397002,2.0
1500000US360810379002,2.0
1500000US360610063005,2.0
1500000US360810469001,2.0
1500000US360050340004,2.0
1500000US360050199003,2.0
1500000US360610150024,2.0
1500000US360470071002,2.0
1500000US360810170002,2.0
1500000US360050266023,2.0
1500000US360811529013,2.0
1500000US360810294004,2.0
1500000US360810409001,2.0
1500000US360470866003,2.0
1500000US360050338001,2.0
1500000US360470098001,2.0
1500000US360470088002,2.0
1500000US360050153003,2.0
1500000US360810409002,2.0
1500000US360470264003,2.0
1500000US360470193001,2.0
1500000US360610097001,2.0
1500000US360050421001,2.0
1500000US360850011002,1.6666666666666667
1500000US360810595002,1.6666666666666667
1500000US360050221012,1.6666666666666667
1500000US360610211001,1.6666666666666667
1500000US360050050023,1.6666666666666667
1500000US360470886001,1.6666666666666667
1500000US360810934012,1.6666666666666667
1500000US360470584001,1.6666666666666667
1500000US360470512001,1.6666666666666667
1500000US360610195002,1.6666666666666667
1500000US360470527005,1.6666666666666667
1500000US360470289001,1.6666666666666667
1500000US360470056021,1.6666666666666667
1500000US360810792002,1.6666666666666667
1500000US360850050001,1.6666666666666667
1500000US360850040001,1.6666666666666667
1500000US360470354003,1.6666666666666667
1500000US360810183005,1.6666666666666667
1500000US360470222002,1.6666666666666667
1500000US360850114022,1.6666666666666667
1500000US360810328002,1.6666666666666667
1500000US360050048001,1.6666666666666667
1500000US360810998015,1.6666666666666667
1500000US360470347001,1.6666666666666667
1500000US360610133002,1.6666666666666667
1500000US360470505002,1.6666666666666667
1500000US360050060001,1.6666666666666667
1500000US360050419001,1.6666666666666667
1500000US360470098004,1.6666666666666667
1500000US360470261001,1.6666666666666667
1500000US360810054004,1.6666666666666667
1500000US360050227012,1.6666666666666667
1500000US360050373002,1.6666666666666667
1500000US360470321002,1.6666666666666667
1500000US360470505001,1.6666666666666667
1500000US360050166002,1.6666666666666667
1500000US360610287002,1.6666666666666667
1500000US360470355001,1.6666666666666667
1500000US360050363006,1.6666666666666667
1500000US360810549003,1.6666666666666667
1500000US360610279004,1.6666666666666667
1500000US360610201011,1.6666666666666667
1500000US360050205011,1.6666666666666667
1500000US360050135003,1.6666666666666667
1500000US360610006004,1.6666666666666667
1500000US360470401001,1.6666666666666667
1500000US360471174001,1.6666666666666667
1500000US360610151001,1.6666666666666667
1500000US360470224004,1.6666666666666667
1500000US360810055001,1.6666666666666667
1500000US360470532001,1.6666666666666667
1500000US360470970001,1.6666666666666667
1500000US360610072001,1.6666666666666667
1500000US360470900004,1.6666666666666667
1500000US360810587001,1.6666666666666667
1500000US360610149004,1.6666666666666667
1500000US360471188003,1.6666666666666667
1500000US360470381001,1.6666666666666667
1500000US360610162001,1.6666666666666667
1500000US360810166001,1.6666666666666667
1500000US360470427002,1.6666666666666667
1500000US360810172002,1.6666666666666667
1500000US360610319001,1.6666666666666667
1500000US360610283003,1.6666666666666667
1500000US360610216003,1.6666666666666667
1500000US360610040005,1.6666666666666667
1500000US360470478003,1.6666666666666667
1500000US360470820002,1.6666666666666667
1500000US360470542001,1.6666666666666667
1500000US360470438001,1.6666666666666667
1500000US360470364001,1.6666666666666667
1500000US360810407002,1.6666666666666667
1500000US360810413001,1.6666666666666667
1500000US360470437004,1.6666666666666667
1500000US360810069003,1.6666666666666667
1500000US360470578001,1.6666666666666667
1500000US360470513003,1.6666666666666667
1500000US360810270001,1.6666666666666667
1500000US360610080002,1.6666666666666667
1500000US360470108003,1.6666666666666667
1500000US360810059003,1.6666666666666667
1500000US360470702021,1.6666666666666667
1500000US360470792001,1.6666666666666667
1500000US360050240002,1.6666666666666667
1500000US360470132001,1.6666666666666667
1500000US360811347004,1.6666666666666667
1500000US360470286004,1.6666666666666667
1500000US360810306004,1.6666666666666667
1500000US360050216023,1.6666666666666667
1500000US360610124001,1.6666666666666667
1500000US360810363002,1.6666666666666667
1500000US360470794002,1.6666666666666667
1500000US360810626002,1.6666666666666667
1500000US360470353003,1.6666666666666667
1500000US360050070001,1.6666666666666667
1500000US360470122003,1.6666666666666667
1500000US360050462018,1.6666666666666667
1500000US360810457002,1.6666666666666667
1500000US360811171002,1.6666666666666667
1500000US360610118006,1.6666666666666667
1500000US360470417004,1.6666666666666667
1500000US360610048004,1.6666666666666667
1500000US360810972034,1.6666666666666667
1500000US360470554003,1.6666666666666667
1500000US360470253003,1.6666666666666667
1500000US360470355003,1.6666666666666667
1500000US360810281003,1.6666666666666667
1500000US360470329002,1.6666666666666667
1500000US360471028002,1.6666666666666667
1500000US360810539001,1.6666666666666667
1500000US360050442004,1.6666666666666667
1500000US360610048007,1.6666666666666667
1500000US360810934021,1.6666666666666667
1500000US360610134006,1.6666666666666667
1500000US360470317012,1.6666666666666667
1500000US360470356023,1.6666666666666667
1500000US360850173001,1.6666666666666667
1500000US360050431006,1.6666666666666667
1500000US360050386007,1.6666666666666667
1500000US360610006003,1.6666666666666667
1500000US360050415006,1.6666666666666667
1500000US360810113001,1.6666666666666667
1500000US360050371003,1.6666666666666667
1500000US360470377004,1.6666666666666667
1500000US360850132042,1.6666666666666667
1500000US360470329003,1.6666666666666667
1500000US360810151001,1.6666666666666667
1500000US360470523005,1.6666666666666667
1500000US360050395001,1.6666666666666667
1500000US360470361001,1.6666666666666667
1500000US360810079001,1.6666666666666667
1500000US360850239001,1.6666666666666667
1500000US360470563001,1.6666666666666667
1500000US360810376002,1.6666666666666667
1500000US360470041001,1.6666666666666667
1500000US360050277001,1.6666666666666667
1500000US360470185012,1.6666666666666667
1500000US360470944021,1.6666666666666667
1500000US360810853004,1.6666666666666667
1500000US360470495003,1.6666666666666667
1500000US360810094002,1.6666666666666667
1500000US360050131002,1.6666666666666667
1500000US360610211005,1.6666666666666667
1500000US360810169002,1.6666666666666667
1500000US360470534001,1.6666666666666667
1500000US360810028001,1.6666666666666667
1500000US360470662001,1.6666666666666667
1500000US360610064004,1.6666666666666667
1500000US360470916001,1.6666666666666667
1500000US360470250001,1.6666666666666667
1500000US360050414003,1.6666666666666667
1500000US360050239005,1.6666666666666667
1500000US360810033004,1.6666666666666667
1500000US360470074002,1.6666666666666667
1500000US360810334025,1.6666666666666667
1500000US360810424001,1.6666666666666667
1500000US360610161006,1.6666666666666667
1500000US360470772001,1.6666666666666667
1500000US360610018006,1.6666666666666667
1500000US360810837003,1.6666666666666667
1500000US360810739004,1.6666666666666667
1500000US360050394001,1.6666666666666667
1500000US360470412002,1.6666666666666667
1500000US360470145003,1.6666666666666667
1500000US360470069004,1.6666666666666667
1500000US360810069001,1.6666666666666667
1500000US360610068003,1.6666666666666667
1500000US360610269001,1.6666666666666667
1500000US360811447001,1.6666666666666667
1500000US360810158011,1.6666666666666667
1500000US360810281002,1.6666666666666667
1500000US360470415003,1.6666666666666667
1500000US360470816001,1.6666666666666667
1500000US360610110001,1.6666666666666667
1500000US360470622001,1.6666666666666667
1500000US360470145004,1.6666666666666667
1500000US360471026001,1.6666666666666667
1500000US360050395003,1.6666666666666667
1500000US360050027012,1.6666666666666667
1500000US360470444001,1.6666666666666667
1500000US360470116001,1.6666666666666667
1500000US360471134002,1.6666666666666667
1500000US360050023001,1.6666666666666667
1500000US360050370003,1.6666666666666667
1500000US360470918001,1.6666666666666667
1500000US360471194002,1.6666666666666667
1500000US360810161001,1.6666666666666667
1500000US360470656001,1.6666666666666667
1500000US360810163001,1.6666666666666667
1500000US360810147003,1.6666666666666667
1500000US360050424002,1.6666666666666667
1500000US360810012003,1.6666666666666667
1500000US360470305002,1.6666666666666667
1500000US360810797022,1.6666666666666667
1500000US360471012002,1.6666666666666667
1500000US360470161001,1.6666666666666667
1500000US360470373003,1.6666666666666667
1500000US360810618002,1.6666666666666667
1500000US360811617004,1.6666666666666667
1500000US360610020002,1.6666666666666667
1500000US360850033002,1.6666666666666667
1500000US360811227025,1.6666666666666667
1500000US360470201002,1.6666666666666667
1500000US360050216021,1.6666666666666667
1500000US360610199001,1.6666666666666667
1500000US360470856003,1.6666666666666667
1500000US360810585003,1.6666666666666667
1500000US360610006002,1.6666666666666667
1500000US360610146011,1.6666666666666667
1500000US360050240003,1.6666666666666667
1500000US360610126006,1.6666666666666667
1500000US360470726001,1.6666666666666667
1500000US360470894003,1.6666666666666667
1500000US360050090004,1.6666666666666667
1500000US360050403021,1.6666666666666667
1500000US360810206001,1.6666666666666667
1500000US360470401003,1.6666666666666667
1500000US360050385002,1.6666666666666667
1500000US360050039002,1.6666666666666667
1500000US360810409003,1.6666666666666667
1500000US360470468001,1.6666666666666667
1500000US360810088002,1.6666666666666667
1500000US360471522001,1.6666666666666667
1500000US360470304002,1.6666666666666667
1500000US360811187002,1.6666666666666667
1500000US360470874012,1.6666666666666667
1500000US360471128002,1.6666666666666667
1500000US360050229022,1.6666666666666667
1500000US360811032024,1.6666666666666667
1500000US360470031001,1.6666666666666667
1500000US360471128003,1.6666666666666667
1500000US360470259011,1.6666666666666667
1500000US360810132002,1.6666666666666667
1500000US360810583001,1.6666666666666667
1500000US360810008002,1.6666666666666667
1500000US360470493004,1.6666666666666667
1500000US360470323001,1.6666666666666667
1500000US360471214001,1.6666666666666667
1500000US360050240001,1.6666666666666667
1500000US360470325002,1.6666666666666667
1500000US360811163002,1.6666666666666667
1500000US360470381004,1.6666666666666667
1500000US360470968001,1.6666666666666667
1500000US360810547002,1.6666666666666667
1500000US360470548002,1.6666666666666667
1500000US360050382002,1.6666666666666667
1500000US360470102001,1.6666666666666667
1500000US360610285001,1.6666666666666667
1500000US360471116001,1.6666666666666667
1500000US360050266011,1.6666666666666667
1500000US360470550003,1.6666666666666667
1500000US360470071003,1.6666666666666667
1500000US360470121002,1.6666666666666667
1500000US360470774001,1.6666666666666667
1500000US360471214002,1.6666666666666667
1500000US360471110001,1.6666666666666667
1500000US360050431003,1.6666666666666667
1500000US360811203002,1.6666666666666667
1500000US360810275002,1.6666666666666667
1500000US360810981001,1.6666666666666667
1500000US360610075002,1.6666666666666667
1500000US360470221002,1.6666666666666667
1500000US360810277005,1.6666666666666667
1500000US360050179022,1.6666666666666667
1500000US360610188004,1.6666666666666667
1500000US360470520001,1.6666666666666667
1500000US360610148021,1.6666666666666667
1500000US360810142011,1.6666666666666667
1500000US360810512002,1.6666666666666667
1500000US360610140002,1.6666666666666667
1500000US360470101001,1.6666666666666667
1500000US360470898002,1.6666666666666667
1500000US360470065006,1.6666666666666667
1500000US360470410001,1.6666666666666667
1500000US360810018002,1.6666666666666667
1500000US360810864001,1.6666666666666667
1500000US360810434001,1.6666666666666667
1500000US360610182005,1.6666666666666667
1500000US360810062023,1.6666666666666667
1500000US360610224004,1.6666666666666667
1500000US360470167004,1.6666666666666667
1500000US360810481003,1.6666666666666667
1500000US360470114003,1.6666666666666667
1500000US360050135002,1.6666666666666667
1500000US360810849003,1.6666666666666667
1500000US360470235002,1.6666666666666667
1500000US360610193006,1.6666666666666667
1500000US360850132041,1.6666666666666667
1500000US360810462002,1.6666666666666667
1500000US360470504002,1.6666666666666667
1500000US360471190002,1.6666666666666667
1500000US360810238001,1.6666666666666667
1500000US360050239003,1.6666666666666667
1500000US360810306003,1.6666666666666667
1500000US360810399002,1.6666666666666667
1500000US360050224041,1.6666666666666667
1500000US360470956002,1.6666666666666667
1500000US360610087004,1.6666666666666667
1500000US360610138003,1.6666666666666667
1500000US360470365012,1.6666666666666667
1500000US360050392001,1.6666666666666667
1500000US360810126012,1.6666666666666667
1500000US360850021001,1.6666666666666667
1500000US360050233011,1.6666666666666667
1500000US360470932001,1.6666666666666667
1500000US360610134005,1.6666666666666667
1500000US360610144022,1.6666666666666667
1500000US360610082002,1.6666666666666667
1500000US360470433003,1.6666666666666667
1500000US360050229011,1.6666666666666667
1500000US360050072002,1.6666666666666667
1500000US360610138005,1.6666666666666667
1500000US360610228001,1.6666666666666667
1500000US360470828001,1.6666666666666667
1500000US360810006003,1.6666666666666667
1500000US360810637002,1.6666666666666667
1500000US360610241004,1.6666666666666667
1500000US360050078003,1.6666666666666667
1500000US360470535003,1.6666666666666667
1500000US360470382001,1.6666666666666667
1500000US360470271002,1.6666666666666667
1500000US360050422002,1.6666666666666667
1500000US360810267001,1.6666666666666667
1500000US360850128051,1.6666666666666667
1500000US360810042001,1.6666666666666667
1500000US360050395002,1.6666666666666667
1500000US360810515002,1.6666666666666667
1500000US360810260002,1.6666666666666667
1500000US360050373001,1.6666666666666667
1500000US360850040007,1.6666666666666667
1500000US360470700002,1.6666666666666667
1500000US360810444003,1.6666666666666667
1500000US360810196001,1.6666666666666667
1500000US360810484004,1.6666666666666667
1500000US360050239002,1.6666666666666667
1500000US360810024002,1.6666666666666667
1500000US360810361001,1.6666666666666667
1500000US360610049003,1.6666666666666667
1500000US360050405024,1.6666666666666667
1500000US360610180004,1.6666666666666667
1500000US360050179023,1.6666666666666667
1500000US360810103002,1.6666666666666667
1500000US360811010012,1.6666666666666667
1500000US360470958001,1.6666666666666667
1500000US360050033002,1.6666666666666667
1500000US360810194002,1.6666666666666667
1500000US360610265003,1.6666666666666667
1500000US360610158013,1.6666666666666667
1500000US360610146024,1.6666666666666667
1500000US360470238003,1.6666666666666667
1500000US360810279003,1.6666666666666667
1500000US360050193003,1.6666666666666667
1500000US360610050005,1.6666666666666667
1500000US360810138002,1.6666666666666667
1500000US360470240003,1.6666666666666667
1500000US360810353002,1.6666666666666667
1500000US360470788003,1.6666666666666667
1500000US360470090001,1.6666666666666667
1500000US360470029012,1.6666666666666667
1500000US360850146071,1.6666666666666667
1500000US360610039004,1.6666666666666667
1500000US360610098003,1.6666666666666667
1500000US360610227002,1.6666666666666667
1500000US360810454002,1.6666666666666667
1500000US360471208005,1.6666666666666667
1500000US360610073002,1.6666666666666667
1500000US360470347003,1.6666666666666667
1500000US360810254002,1.6666666666666667
1500000US360470920002,1.6666666666666667
1500000US360471142021,1.6666666666666667
1500000US360810426001,1.6666666666666667
1500000US360610164002,1.6666666666666667
1500000US360810309033,1.6666666666666667
1500000US360810143002,1.6666666666666667
1500000US360050407022,1.6666666666666667
1500000US360050300003,1.6666666666666667
1500000US360610235011,1.6666666666666667
1500000US360471124003,1.6666666666666667
1500000US360610227003,1.6666666666666667
1500000US360050247002,1.6666666666666667
1500000US360810327001,1.6666666666666667
1500000US360610008002,1.6666666666666667
1500000US360050369021,1.6666666666666667
1500000US360810249002,1.6666666666666667
1500000US360470412001,1.6666666666666667
1500000US360610247005,1.6666666666666667
1500000US360470283001,1.6666666666666667
1500000US360470218002,1.6666666666666667
1500000US360810601002,1.6666666666666667
1500000US360810253022,1.6666666666666667
1500000US360811403002,1.3333333333333333
1500000US360810012001,1.3333333333333333
1500000US360850226002,1.3333333333333333
1500000US360810285003,1.3333333333333333
1500000US360470306001,1.3333333333333333
1500000US360810038002,1.3333333333333333
1500000US360610156011,1.3333333333333333
1500000US360810053004,1.3333333333333333
1500000US360470518002,1.3333333333333333
1500000US360050210021,1.3333333333333333
1500000US360810044012,1.3333333333333333
1500000US360810596002,1.3333333333333333
1500000US360470100001,1.3333333333333333
1500000US360470291002,1.3333333333333333
1500000US360470233001,1.3333333333333333
1500000US360470560003,1.3333333333333333
1500000US360470220001,1.3333333333333333
1500000US360610038007,1.3333333333333333
1500000US360810220024,1.3333333333333333
1500000US360050204002,1.3333333333333333
1500000US360470059002,1.3333333333333333
1500000US360470075001,1.3333333333333333
1500000US360470474001,1.3333333333333333
1500000US360850156032,1.3333333333333333
1500000US360470986002,1.3333333333333333
1500000US360470023002,1.3333333333333333
1500000US360470243002,1.3333333333333333
1500000US360050297001,1.3333333333333333
1500000US360470385003,1.3333333333333333
1500000US360050209002,1.3333333333333333
1500000US360470670001,1.3333333333333333
1500000US360470215003,1.3333333333333333
1500000US360610066003,1.3333333333333333
1500000US360471150001,1.3333333333333333
1500000US360850114012,1.3333333333333333
1500000US360810717012,1.3333333333333333
1500000US360470134001,1.3333333333333333
1500000US360810404002,1.3333333333333333
1500000US360050462019,1.3333333333333333
1500000US360471188001,1.3333333333333333
1500000US360850239002,1.3333333333333333
1500000US360810845001,1.3333333333333333
1500000US360810463002,1.3333333333333333
1500000US360810103003,1.3333333333333333
1500000US360050042001,1.3333333333333333
1500000US360610161001,1.3333333333333333
1500000US360470342002,1.3333333333333333
1500000US360850151001,1.3333333333333333
1500000US360610002012,1.3333333333333333
1500000US360470494001,1.3333333333333333
1500000US360470374012,1.3333333333333333
1500000US360470049001,1.3333333333333333
1500000US360810551004,1.3333333333333333
1500000US360050336006,1.3333333333333333
1500000US360610090003,1.3333333333333333
1500000US360610039001,1.3333333333333333
1500000US360470215001,1.3333333333333333
1500000US360470151004,1.3333333333333333
1500000US360050404002,1.3333333333333333
1500000US360810038001,1.3333333333333333
1500000US360610121006,1.3333333333333333
1500000US360810255001,1.3333333333333333
1500000US360470219001,1.3333333333333333
1500000US360810063002,1.3333333333333333
1500000US360610267001,1.3333333333333333
1500000US360470890001,1.3333333333333333
1500000US360050123002,1.3333333333333333
1500000US360470229002,1.3333333333333333
1500000US360610225002,1.3333333333333333
1500000US360610139006,1.3333333333333333
1500000US360810083002,1.3333333333333333
1500000US360470104002,1.3333333333333333
1500000US360610002022,1.3333333333333333
1500000US360470258002,1.3333333333333333
1500000US360470415001,1.3333333333333333
1500000US360050273002,1.3333333333333333
1500000US360810118001,1.3333333333333333
1500000US360810997051,1.3333333333333333
1500000US360810309041,1.3333333333333333
1500000US360470628002,1.3333333333333333
1500000US360050383022,1.3333333333333333
1500000US360610157004,1.3333333333333333
1500000US360470802003,1.3333333333333333
1500000US360470245003,1.3333333333333333
1500000US360470534003,1.3333333333333333
1500000US360470447001,1.3333333333333333
1500000US360050038001,1.3333333333333333
1500000US360470648002,1.3333333333333333
1500000US360610044004,1.3333333333333333
1500000US360810154001,1.3333333333333333
1500000US360470100004,1.3333333333333333
1500000US360810267003,1.3333333333333333
1500000US360471156002,1.3333333333333333
1500000US360050233012,1.3333333333333333
1500000US360810540002,1.3333333333333333
1500000US360470530002,1.3333333333333333
1500000US360810884006,1.3333333333333333
1500000US360470489002,1.3333333333333333
1500000US360811161002,1.3333333333333333
1500000US360470275001,1.3333333333333333
1500000US360050251001,1.3333333333333333
1500000US360470224001,1.3333333333333333
1500000US360811265001,1.3333333333333333
1500000US360610159001,1.3333333333333333
1500000US360470253002,1.3333333333333333
1500000US360810190002,1.3333333333333333
1500000US360470311002,1.3333333333333333
1500000US360810006001,1.3333333333333333
1500000US360810625002,1.3333333333333333
1500000US360470373002,1.3333333333333333
1500000US360050250002,1.3333333333333333
1500000US360470075002,1.3333333333333333
1500000US360810273001,1.3333333333333333
1500000US360470990001,1.3333333333333333
1500000US360050195003,1.3333333333333333
1500000US360810626001,1.3333333333333333
1500000US360471024001,1.3333333333333333
1500000US360810159003,1.3333333333333333
1500000US360471237001,1.3333333333333333
1500000US360470390001,1.3333333333333333
1500000US360610229002,1.3333333333333333
1500000US360470386002,1.3333333333333333
1500000US360050159002,1.3333333333333333
1500000US360050269003,1.3333333333333333
1500000US360470136004,1.3333333333333333
1500000US360470110001,1.3333333333333333
1500000US360470303001,1.3333333333333333
1500000US360810713064,1.3333333333333333
1500000US360050185002,1.3333333333333333
1500000US360050161002,1.3333333333333333
1500000US360810518001,1.3333333333333333
1500000US360810779021,1.3333333333333333
1500000US360470051003,1.3333333333333333
1500000US360050153002,1.3333333333333333
1500000US360470399001,1.3333333333333333
1500000US360810532001,1.3333333333333333
1500000US360050079004,1.3333333333333333
1500000US360050098005,1.3333333333333333
1500000US360470433001,1.3333333333333333
1500000US360470157002,1.3333333333333333
1500000US360810101001,1.3333333333333333
1500000US360810919003,1.3333333333333333
1500000US360471152003,1.3333333333333333
1500000US360811181001,1.3333333333333333
1500000US360050370002,1.3333333333333333
1500000US360470342003,1.3333333333333333
1500000US360470492001,1.3333333333333333
1500000US360470179003,1.3333333333333333
1500000US360810126022,1.3333333333333333
1500000US360050115023,1.3333333333333333
1500000US360470366001,1.3333333333333333
1500000US360050173003,1.3333333333333333
1500000US360050224042,1.3333333333333333
1500000US360050063005,1.3333333333333333
1500000US360470266001,1.3333333333333333
1500000US360471160003,1.3333333333333333
1500000US360810407003,1.3333333333333333
1500000US360810773001,1.3333333333333333
1500000US360810075001,1.3333333333333333
1500000US360610008001,1.3333333333333333
1500000US360470571002,1.3333333333333333
1500000US360470197003,1.3333333333333333
1500000US360470319002,1.3333333333333333
1500000US360850213001,1.3333333333333333
1500000US360470292002,1.3333333333333333
1500000US360470404001,1.3333333333333333
1500000US360050365011,1.3333333333333333
1500000US360470638002,1.3333333333333333
1500000US360050222001,1.3333333333333333
1500000US360810111001,1.3333333333333333
1500000US360050389002,1.3333333333333333
1500000US360610066002,1.3333333333333333
1500000US360470098003,1.3333333333333333
1500000US360810220012,1.3333333333333333
1500000US360470742001,1.3333333333333333
1500000US360470307001,1.3333333333333333
1500000US360050360003,1.3333333333333333
1500000US360470816002,1.3333333333333333
1500000US360470530003,1.3333333333333333
1500000US360810884008,1.3333333333333333
1500000US360050383011,1.3333333333333333
1500000US360810792001,1.3333333333333333
1500000US360471166003,1.3333333333333333
1500000US360470470001,1.3333333333333333
1500000US360470129022,1.3333333333333333
1500000US360470936002,1.3333333333333333
1500000US360610220004,1.3333333333333333
1500000US360810641011,1.3333333333333333
1500000US360811463002,1.3333333333333333
1500000US360470551003,1.3333333333333333
1500000US360811339001,1.3333333333333333
1500000US360050223002,1.3333333333333333
1500000US360810525001,1.3333333333333333
1500000US360610091004,1.3333333333333333
1500000US360610253002,1.3333333333333333
1500000US360470798011,1.3333333333333333
1500000US360050063003,1.3333333333333333
1500000US360470289002,1.3333333333333333
1500000US360810330005,1.3333333333333333
1500000US360810098002,1.3333333333333333
1500000US360610063003,1.3333333333333333
1500000US360050279001,1.3333333333333333
1500000US360050173004,1.3333333333333333
1500000US360810492002,1.3333333333333333
1500000US360050462014,1.3333333333333333
1500000US360470529002,1.3333333333333333
1500000US360471170001,1.3333333333333333
1500000US360850125001,1.3333333333333333
1500000US360470094002,1.3333333333333333
1500000US360470538002,1.3333333333333333
1500000US360610018007,1.3333333333333333
1500000US360470922001,1.3333333333333333
1500000US360470192001,1.3333333333333333
1500000US360810788002,1.3333333333333333
1500000US360810062026,1.3333333333333333
1500000US360470490002,1.3333333333333333
1500000US360470792002,1.3333333333333333
1500000US360470339002,1.3333333333333333
1500000US360470240002,1.3333333333333333
1500000US360050085003,1.3333333333333333
1500000US360810232003,1.3333333333333333
1500000US360470542002,1.3333333333333333
1500000US360470243003,1.3333333333333333
1500000US360810034002,1.3333333333333333
1500000US360810809006,1.3333333333333333
1500000US360050181013,1.3333333333333333
1500000US360810506002,1.3333333333333333
1500000US360810149001,1.3333333333333333
1500000US360470205001,1.3333333333333333
1500000US360610273003,1.3333333333333333
1500000US360470193002,1.3333333333333333
1500000US360050175004,1.3333333333333333
1500000US360470362003,1.3333333333333333
1500000US360470047001,1.3333333333333333
1500000US360470798022,1.3333333333333333
1500000US360470130004,1.3333333333333333
1500000US360850291022,1.3333333333333333
1500000US360471124001,1.3333333333333333
1500000US360610070003,1.3333333333333333
1500000US360470519003,1.3333333333333333
1500000US360810103001,1.3333333333333333
1500000US360470082001,1.3333333333333333
1500000US360470616001,1.3333333333333333
1500000US360050075003,1.3333333333333333
1500000US360470534004,1.3333333333333333
1500000US360471120002,1.3333333333333333
1500000US360810809004,1.3333333333333333
1500000US360050407011,1.3333333333333333
1500000US360810496003,1.3333333333333333
1500000US360050043003,1.3333333333333333
1500000US360050330002,1.3333333333333333
1500000US360850187011,1.3333333333333333
1500000US360810840003,1.3333333333333333
1500000US360810779051,1.3333333333333333
1500000US360470139002,1.3333333333333333
1500000US360610010023,1.3333333333333333
1500000US360610177003,1.3333333333333333
1500000US360470360022,1.3333333333333333
1500000US360470201001,1.3333333333333333
1500000US360470405001,1.3333333333333333
1500000US360850244012,1.3333333333333333
1500000US360470221001,1.3333333333333333
1500000US360470088001,1.3333333333333333
1500000US360050185005,1.3333333333333333
1500000US360050189004,1.3333333333333333
1500000US360811399001,1.3333333333333333
1500000US360050206012,1.3333333333333333
1500000US360050098003,1.3333333333333333
1500000US360050252001,1.3333333333333333
1500000US360471058013,1.3333333333333333
1500000US360050235012,1.3333333333333333
1500000US360810220013,1.3333333333333333
1500000US360471018001,1.3333333333333333
1500000US360470854002,1.3333333333333333
1500000US360470327001,1.3333333333333333
1500000US360811385021,1.3333333333333333
1500000US360610199003,1.3333333333333333
1500000US360810462001,1.3333333333333333
1500000US360850156033,1.3333333333333333
1500000US360050067006,1.3333333333333333
1500000US360810799002,1.3333333333333333
1500000US360470553001,1.3333333333333333
1500000US360610160021,1.3333333333333333
1500000US360470045002,1.3333333333333333
1500000US360470838001,1.3333333333333333
1500000US360470876002,1.3333333333333333
1500000US360050444001,1.3333333333333333
1500000US360050222004,1.3333333333333333
1500000US360810838002,1.3333333333333333
1500000US360811479001,1.3333333333333333
1500000US360050405022,1.3333333333333333
1500000US360050216024,1.3333333333333333
1500000US360050184003,1.3333333333333333
1500000US360050253004,1.3333333333333333
1500000US360811241003,1.3333333333333333
1500000US360810121001,1.3333333333333333
1500000US360610193003,1.3333333333333333
1500000US360050145001,1.3333333333333333
1500000US360050118002,1.3333333333333333
1500000US360050027021,1.3333333333333333
1500000US360610230001,1.3333333333333333
1500000US360050230002,1.3333333333333333
1500000US360050004002,1.3333333333333333
1500000US360050093004,1.3333333333333333
1500000US360050281001,1.3333333333333333
1500000US360050407013,1.3333333333333333
1500000US360610024001,1.3333333333333333
1500000US360810528001,1.3333333333333333
1500000US360050360002,1.3333333333333333
1500000US360610093005,1.3333333333333333
1500000US360471200001,1.3333333333333333
1500000US360610134001,1.3333333333333333
1500000US360050429013,1.3333333333333333
1500000US360810198001,1.3333333333333333
1500000US360050364001,1.3333333333333333
1500000US360850291031,1.3333333333333333
1500000US360810595003,1.3333333333333333
1500000US360470496002,1.3333333333333333
1500000US360610081003,1.3333333333333333
1500000US360810263003,1.3333333333333333
1500000US360470744001,1.3333333333333333
1500000US360610117001,1.3333333333333333
1500000US360050458003,1.3333333333333333
1500000US360470323003,1.3333333333333333
1500000US360050232001,1.3333333333333333
1500000US360810204001,1.3333333333333333
1500000US360850047002,1.3333333333333333
1500000US360810141002,1.3333333333333333
1500000US360810327002,1.3333333333333333
1500000US360050147022,1.3333333333333333
1500000US360610269005,1.3333333333333333
1500000US360050274014,1.3333333333333333
1500000US360050079002,1.3333333333333333
1500000US360470423002,1.3333333333333333
1500000US360050386001,1.3333333333333333
1500000US360050451022,1.3333333333333333
1500000US360811267001,1.3333333333333333
1500000US360470196002,1.3333333333333333
1500000US360810264001,1.3333333333333333
1500000US360470086001,1.3333333333333333
1500000US360810549002,1.3333333333333333
1500000US360050184004,1.3333333333333333
1500000US360050365022,1.3333333333333333
1500000US360810291001,1.3333333333333333
1500000US360810050001,1.3333333333333333
1500000US360470179002,1.3333333333333333
1500000US360610211006,1.3333333333333333
1500000US360471156003,1.3333333333333333
1500000US360810470002,1.3333333333333333
1500000US360470363004,1.3333333333333333
1500000US360470064002,1.3333333333333333
1500000US360470434001,1.3333333333333333
1500000US360810849001,1.3333333333333333
1500000US360850040006,1.3333333333333333
1500000US360470860003,1.3333333333333333
1500000US360050149003,1.3333333333333333
1500000US360050020003,1.3333333333333333
1500000US360810582001,1.3333333333333333
1500000US360050162001,1.3333333333333333
1500000US360610110003,1.3333333333333333
1500000US360470690002,1.3333333333333333
1500000US360610029002,1.3333333333333333
1500000US360470341002,1.3333333333333333
1500000US360050398002,1.3333333333333333
1500000US360470293004,1.3333333333333333
1500000US360810140001,1.3333333333333333
1500000US360810118002,1.3333333333333333
1500000US360470167002,1.3333333333333333
1500000US360470848001,1.3333333333333333
1500000US360470445002,1.3333333333333333
1500000US360470722002,1.3333333333333333
1500000US360470912002,1.3333333333333333
1500000US360470277002,1.3333333333333333
1500000US360811471001,1.3333333333333333
1500000US360470082003,1.3333333333333333
1500000US360470706002,1.3333333333333333
1500000US360470544003,1.3333333333333333
1500000US360050056001,1.3333333333333333
1500000US360470544002,1.3333333333333333
1500000US360471172022,1.3333333333333333
1500000US360610078007,1.3333333333333333
1500000US360470538003,1.3333333333333333
1500000US360050020005,1.3333333333333333
1500000US360810567003,1.3333333333333333
1500000US360810413002,1.3333333333333333
1500000US360050050021,1.3333333333333333
1500000US360470261003,1.3333333333333333
1500000US360050221022,1.3333333333333333
1500000US360810057003,1.3333333333333333
1500000US360471078002,1.3333333333333333
1500000US360471168001,1.3333333333333333
1500000US360610295003,1.3333333333333333
1500000US360050229023,1.3333333333333333
1500000US360470509002,1.3333333333333333
1500000US360470102002,1.3333333333333333
1500000US360470884003,1.3333333333333333
1500000US360050380002,1.3333333333333333
1500000US360050516001,1.3333333333333333
1500000US360810014003,1.3333333333333333
1500000US360470696011,1.3333333333333333
1500000US360810269011,1.3333333333333333
1500000US360810047001,1.3333333333333333
1500000US360470395001,1.3333333333333333
1500000US360810711002,1.3333333333333333
1500000US360470608002,1.3333333333333333
1500000US360610255002,1.3333333333333333
1500000US360470043002,1.3333333333333333
1500000US360850169011,1.3333333333333333
1500000US360050263003,1.3333333333333333
1500000US360050396003,1.3333333333333333
1500000US360471146001,1.3333333333333333
1500000US360470321003,1.3333333333333333
1500000US360850011001,1.3333333333333333
1500000US360050179021,1.3333333333333333
1500000US360470800003,1.3333333333333333
1500000US360050393002,1.3333333333333333
1500000US360810043001,1.3333333333333333
1500000US360050386006,1.3333333333333333
1500000US360810002002,1.3333333333333333
1500000US360810153002,1.3333333333333333
1500000US360050426002,1.3333333333333333
1500000US360050246002,1.3333333333333333
1500000US360471176012,1.3333333333333333
1500000US360470074004,1.3333333333333333
1500000US360470434003,1.3333333333333333
1500000US360470526001,1.3333333333333333
1500000US360850138001,1.3333333333333333
1500000US360470071001,1.3333333333333333
1500000US360470740002,1.3333333333333333
1500000US360470748002,1.3333333333333333
1500000US360811267002,1.3333333333333333
1500000US360470579001,1.3333333333333333
1500000US360470034001,1.3333333333333333
1500000US360050075002,1.3333333333333333
1500000US360610208003,1.3333333333333333
1500000US360810033002,1.3333333333333333
1500000US360470275003,1.3333333333333333
1500000US360050414004,1.3333333333333333
1500000US360050375043,1.3333333333333333
1500000US360810253012,1.3333333333333333
1500000US360610098005,1.3333333333333333
1500000US360050399023,1.3333333333333333
1500000US360810377001,1.3333333333333333
1500000US360610126004,1.3333333333333333
1500000US360810045001,1.3333333333333333
1500000US360050210025,1.3333333333333333
1500000US360811579015,1.3333333333333333
1500000US360470411001,1.3333333333333333
1500000US360850273012,1.3333333333333333
1500000US360610189002,1.3333333333333333
1500000US360470586001,1.3333333333333333
1500000US360470100003,1.3333333333333333
1500000US360050285003,1.3333333333333333
1500000US360050200004,1.0
1500000US360810254004,1.0
1500000US360810568001,1.0
1500000US360811189001,1.0
1500000US360850112022,1.0
1500000US360470429002,1.0
1500000US360470571001,1.0
1500000US360050337002,1.0
1500000US360610068006,1.0
1500000US360470734002,1.0
1500000US360050396002,1.0
1500000US360470477001,1.0
1500000US360470864002,1.0
1500000US360810174001,1.0
1500000US360610041001,1.0
1500000US360470421004,1.0
1500000US360050059021,1.0
1500000US360610086034,1.0
1500000US360610028002,1.0
1500000US360810383020,1.0
1500000US360470393001,1.0
1500000US360810657032,1.0
1500000US360470534002,1.0
1500000US360050020002,1.0
1500000US360610224003,1.0
1500000US360470545003,1.0
1500000US360470442002,1.0
1500000US360470343003,1.0
1500000US360050248003,1.0
1500000US360050277002,1.0
1500000US360850040003,1.0
1500000US360470938002,1.0
1500000US360810235001,1.0
1500000US360610220003,1.0
1500000US360470894001,1.0
1500000US360610208001,1.0
1500000US360470730002,1.0
1500000US360470498003,1.0
1500000US360470870003,1.0
1500000US360610126007,1.0
1500000US360470139004,1.0
1500000US360810158013,1.0
1500000US360470375003,1.0
1500000US360810154002,1.0
1500000US360810552002,1.0
1500000US360050386004,1.0
1500000US360810444002,1.0
1500000US360471010002,1.0
1500000US360050119005,1.0
1500000US360810942032,1.0
1500000US360810521002,1.0
1500000US360050215021,1.0
1500000US360470084001,1.0
1500000US360470243001,1.0
1500000US360050050024,1.0
1500000US360470371001,1.0
1500000US360470770001,1.0
1500000US360471182012,1.0
1500000US360470928002,1.0
1500000US360810254001,1.0
1500000US360810592001,1.0
1500000US360470696012,1.0
1500000US360470413003,1.0
1500000US360810273002,1.0
1500000US360470176001,1.0
1500000US360810713044,1.0
1500000US360610187002,1.0
1500000US360810183003,1.0
1500000US360610234001,1.0
1500000US360811039002,1.0
1500000US360850208033,1.0
1500000US360050229014,1.0
1500000US360050157003,1.0
1500000US360470571003,1.0
1500000US360810108001,1.0
1500000US360050449011,1.0
1500000US360470674002,1.0
1500000US360470195001,1.0
1500000US360050309004,1.0
1500000US360050221023,1.0
1500000US360810411002,1.0
1500000US360811047002,1.0
1500000US360470494003,1.0
1500000US360470964002,1.0
1500000US360470119003,1.0
1500000US360050462022,1.0
1500000US360470415002,1.0
1500000US360810287004,1.0
1500000US360470417002,1.0
1500000US360470517002,1.0
1500000US360050261001,1.0
1500000US360470826002,1.0
1500000US360810616011,1.0
1500000US360470070002,1.0
1500000US360050462025,1.0
1500000US360050406003,1.0
1500000US360470994001,1.0
1500000US360470508041,1.0
1500000US360470343002,1.0
1500000US360850007002,1.0
1500000US360811447002,1.0
1500000US360470436001,1.0
1500000US360050025002,1.0
1500000US360810450002,1.0
1500000US360470257003,1.0
1500000US360470135001,1.0
1500000US360050405026,1.0
1500000US360850170093,1.0
1500000US360810320002,1.0
1500000US360810489002,1.0
1500000US360470523001,1.0
1500000US360810861002,1.0
1500000US360470135002,1.0
1500000US360470920001,1.0
1500000US360610138007,1.0
1500000US360050033003,1.0
1500000US360850201003,1.0
1500000US360470056011,1.0
1500000US360610038006,1.0
1500000US360470043004,1.0
1500000US360050070003,1.0
1500000US360470159004,1.0
1500000US360850081002,1.0
1500000US360610072006,1.0
1500000US360050210011,1.0
1500000US360610137002,1.0
1500000US360811010013,1.0
1500000US360610151003,1.0
1500000US360470251002,1.0
1500000US360050367002,1.0
1500000US360470218003,1.0
1500000US360050413003,1.0
1500000US360470582001,1.0
1500000US360470065002,1.0
1500000US360050367001,1.0
1500000US360810929003,1.0
1500000US360470050003,1.0
1500000US360050302005,1.0
1500000US360810479001,1.0
1500000US360470394003,1.0
1500000US360050152002,1.0
1500000US360050185004,1.0
1500000US360050383012,1.0
1500000US360470165002,1.0
1500000US360610038002,1.0
1500000US360470944012,1.0
1500000US360610199004,1.0
1500000US360610126008,1.0
1500000US360470988002,1.0
1500000US360850074002,1.0
1500000US360050273001,1.0
1500000US360810731002,1.0
1500000US360470640002,1.0
1500000US360470199003,1.0
1500000US360470912001,1.0
1500000US360810646002,1.0
1500000US360470894004,1.0
1500000US360470296003,1.0
1500000US360470575002,1.0
1500000US360470227003,1.0
1500000US360810925001,1.0
1500000US360610295002,1.0
1500000US360470236004,1.0
1500000US360811175004,1.0
1500000US360610213033,1.0
1500000US360470078004,1.0
1500000US360810123012,1.0
1500000US360050403032,1.0
1500000US360470886002,1.0
1500000US360470215002,1.0
1500000US360050266012,1.0
1500000US360470041003,1.0
1500000US360811017003,1.0
1500000US360470356011,1.0
1500000US360470197002,1.0
1500000US360050228003,1.0
1500000US360050379004,1.0
1500000US360610165002,1.0
1500000US360850156012,1.0
1500000US360610157005,1.0
1500000US360610171005,1.0
1500000US360811429002,1.0
1500000US360470474002,1.0
1500000US360810504001,1.0
1500000US360470776002,1.0
1500000US360470131003,1.0
1500000US360470116002,1.0
1500000US360810892002,1.0
1500000US360470133001,1.0
1500000US360810073002,1.0
1500000US360470315002,1.0
1500000US360810065013,1.0
1500000US360050062001,1.0
1500000US360810838003,1.0
1500000US360850128064,1.0
1500000US360470423003,1.0
1500000US360610162004,1.0
1500000US360610193001,1.0
1500000US360610144013,1.0
1500000US360810743004,1.0
1500000US360610179002,1.0
1500000US360470340001,1.0
1500000US360470134003,1.0
1500000US360850125003,1.0
1500000US360811033001,1.0
1500000US360850207003,1.0
1500000US360470394001,1.0
1500000US360470527001,1.0
1500000US360810638001,1.0
1500000US360050274023,1.0
1500000US360470383001,1.0
1500000US360050378002,1.0
1500000US360850020012,1.0
1500000US360050117001,1.0
1500000US360810972032,1.0
1500000US360050217004,1.0
1500000US360471078001,1.0
1500000US360470413002,1.0
1500000US360050079006,1.0
1500000US360050218001,1.0
1500000US360850170111,1.0
1500000US360470130003,1.0
1500000US360050193001,1.0
1500000US360811301003,1.0
1500000US360810271005,1.0
1500000US360610253005,1.0
1500000US360610166003,1.0
1500000US360050221021,1.0
1500000US360470288002,1.0
1500000US360470117002,1.0
1500000US360810608001,1.0
1500000US360810061002,1.0
1500000US360810502021,1.0
1500000US360050252002,1.0
1500000US360470888001,1.0
1500000US360810240003,1.0
1500000US360850277053,1.0
1500000US360811161001,1.0
1500000US360050361005,1.0
1500000US360850170103,1.0
1500000US360610138001,1.0
1500000US360470117001,1.0
1500000US360470036001,1.0
1500000US360810524001,1.0
1500000US360810711003,1.0
1500000US360470387003,1.0
1500000US360470546001,1.0
1500000US360810892008,1.0
1500000US360610033002,1.0
1500000US360810743002,1.0
1500000US360471010001,1.0
1500000US360850151002,1.0
1500000US360050348003,1.0
1500000US360810997033,1.0
1500000US360810283001,1.0
1500000US360810846011,1.0
1500000US360810803022,1.0
1500000US360470547003,1.0
1500000US360470790004,1.0
1500000US360810062021,1.0
1500000US360810317001,1.0
1500000US360050056003,1.0
1500000US360050266021,1.0
1500000US360470864001,1.0
1500000US360810690001,1.0
1500000US360810884001,1.0
1500000US360470822001,1.0
1500000US360470104001,1.0
1500000US360050403023,1.0
1500000US360470058001,1.0
1500000US360810306002,1.0
1500000US360810520001,1.0
1500000US360610154003,1.0
1500000US360050068002,1.0
1500000US360470551001,1.0
1500000US360470854001,1.0
1500000US360470067001,1.0
1500000US360050019002,1.0
1500000US360050295004,1.0
1500000US360850075002,1.0
1500000US360050256001,1.0
1500000US360470408001,1.0
1500000US360610060003,1.0
1500000US360810475002,1.0
1500000US360470053002,1.0
1500000US360810561001,1.0
1500000US360470644002,1.0
1500000US360810148001,1.0
1500000US360610201022,1.0
1500000US360050016001,1.0
1500000US360811409022,1.0
1500000US360470184002,1.0
1500000US360810113003,1.0
1500000US360471158001,1.0
1500000US360610055013,1.0
1500000US360810790001,1.0
1500000US360810351003,1.0
1500000US360610044005,1.0
1500000US360810455001,1.0
1500000US360470573003,1.0
1500000US360050388001,1.0
1500000US360050418004,1.0
1500000US360470450001,1.0
1500000US360610189004,1.0
1500000US360470336003,1.0
1500000US360050062005,1.0
1500000US360810183002,1.0
1500000US360470517001,1.0
1500000US360850132011,1.0
1500000US360810585002,1.0
1500000US360610063002,1.0
1500000US360811032022,1.0
1500000US360810538002,1.0
1500000US360810061004,1.0
1500000US360810713031,1.0
1500000US360470211002,1.0
1500000US360610247003,1.0
1500000US360050215012,1.0
1500000US360471144004,1.0
1500000US360471168002,1.0
1500000US360810779042,1.0
1500000US360470418001,1.0
1500000US360810277001,1.0
1500000US360810629002,1.0
1500000US360470212002,1.0
1500000US360050369022,1.0
1500000US360470369004,1.0
1500000US360470096001,1.0
1500000US360470385004,1.0
1500000US360470558002,1.0
1500000US360470196001,1.0
1500000US360050229013,1.0
1500000US360610025001,1.0
1500000US360470007003,1.0
1500000US360810115001,1.0
1500000US360050269002,1.0
1500000US360050020004,1.0
1500000US360810803023,1.0
1500000US360810682001,1.0
1500000US360810513001,1.0
1500000US360810928003,1.0
1500000US360470830003,1.0
1500000US360471192001,1.0
1500000US360050396001,1.0
1500000US360050221011,1.0
1500000US360470333001,1.0
1500000US360050411003,1.0
1500000US360610173007,1.0
1500000US360050133002,1.0
1500000US360610241003,1.0
1500000US360810184021,1.0
1500000US360050324002,1.0
1500000US360810621003,1.0
1500000US360610032006,1.0
1500000US360050092003,1.0
1500000US360470728001,1.0
1500000US360610139003,1.0
1500000US360810036001,1.0
1500000US360470077004,1.0
1500000US360470550002,1.0
1500000US360050205014,1.0
1500000US360471122002,1.0
1500000US360470736003,1.0
1500000US360610263005,1.0
1500000US360050025004,1.0
1500000US360050462015,1.0
1500000US360471208001,1.0
1500000US360050393004,1.0
1500000US360050376002,1.0
1500000US360610223011,1.0
1500000US360610228004,1.0
1500000US360810042003,1.0
1500000US360610037001,1.0
1500000US360050086001,1.0
1500000US360471006002,1.0
1500000US360050222002,1.0
1500000US360470182001,1.0
1500000US360050016004,1.0
1500000US360610010022,1.0
1500000US360050408002,1.0
1500000US360470882003,1.0
1500000US360810697011,1.0
1500000US360470493002,1.0
1500000US360470564002,1.0
1500000US360470267004,1.0
1500000US360610152006,1.0
1500000US360050076003,1.0
1500000US360850075003,1.0
1500000US360050244002,1.0
1500000US360470435002,1.0
1500000US360610061002,1.0
1500000US360850247002,1.0
1500000US360470449002,1.0
1500000US360050380001,1.0
1500000US360470364002,1.0
1500000US360610218003,1.0
1500000US360810942034,1.0
1500000US360810471002,1.0
1500000US360811227021,1.0
1500000US360470276001,1.0
1500000US360050236001,1.0
1500000US360810125002,1.0
1500000US360610139005,1.0
1500000US360610311001,1.0
1500000US360850170123,1.0
1500000US360850122003,1.0
1500000US360050074001,1.0
1500000US360810517002,1.0
1500000US360470377003,1.0
1500000US360050300001,1.0
1500000US360810158022,1.0
1500000US360050042004,1.0
1500000US360470840001,1.0
1500000US360471176021,1.0
1500000US360471182022,1.0
1500000US360810889015,1.0
1500000US360470405002,1.0
1500000US360810583003,1.0
1500000US360610146021,1.0
1500000US360470106003,1.0
1500000US360470248001,1.0
1500000US360470039002,1.0
1500000US360470964001,1.0
1500000US360810664004,1.0
1500000US360810169003,1.0
1500000US360050335002,1.0
1500000US360050019004,1.0
1500000US360810683003,1.0
1500000US360470435001,1.0
1500000US360810857001,1.0
1500000US360610158012,1.0
1500000US360610317044,1.0
1500000US360470954001,1.0
1500000US360050267012,1.0
1500000US360610169001,1.0
1500000US360810942033,1.0
1500000US360470245002,1.0
1500000US360610028001,1.0
1500000US360810855003,1.0
1500000US360470133002,1.0
1500000US360470323002,1.0
1500000US360610086021,1.0
1500000US360810459002,1.0
1500000US360810922003,1.0
1500000US360811008012,1.0
1500000US360050444004,1.0
1500000US360470333003,1.0
1500000US360050238001,1.0
1500000US360470180002,1.0
1500000US360470802001,1.0
1500000US360810291002,1.0
1500000US360811227014,1.0
1500000US360470826004,1.0
1500000US360050216012,1.0
1500000US360471058041,1.0
1500000US360470810002,1.0
1500000US360810518002,1.0
1500000US360610152005,1.0
1500000US360470305003,1.0
1500000US360470810001,1.0
1500000US360470020002,1.0
1500000US360810282001,1.0
1500000US360470377001,1.0
1500000US360810168001,1.0
1500000US360050425004,1.0
1500000US360810057001,1.0
1500000US360610068002,1.0
1500000US360810309025,1.0
1500000US360050002002,1.0
1500000US360470277003,1.0
1500000US360470644001,1.0
1500000US360810373001,1.0
1500000US360850303011,1.0
1500000US360810837004,1.0
1500000US360050035003,1.0
1500000US360050023003,1.0
1500000US360810656002,1.0
1500000US360470910002,1.0
1500000US360470589001,1.0
1500000US360050391005,1.0
1500000US360810026002,1.0
1500000US360810116001,1.0
1500000US360811157003,1.0
1500000US360810199001,1.0
1500000US360470096004,1.0
1500000US360050073003,1.0
1500000US360470918002,1.0
1500000US360470788002,1.0
1500000US360610273004,1.0
1500000US360470112002,1.0
1500000US360610137001,1.0
1500000US360610149005,1.0
1500000US360470003013,1.0
1500000US360470232004,1.0
1500000US360470551004,1.0
1500000US360810545002,1.0
1500000US360050041001,1.0
1500000US360470060002,1.0
1500000US360610030013,1.0
1500000US360810555001,1.0
1500000US360810156002,1.0
1500000US360810779082,1.0
1500000US360610122002,1.0
1500000US360810030001,1.0
1500000US360850187021,1.0
1500000US360850067002,1.0
1500000US360610255003,1.0
1500000US360470568002,1.0
1500000US360811579034,1.0
1500000US360610140003,1.0
1500000US360810260001,1.0
1500000US360810551003,1.0
1500000US360470212003,1.0
1500000US360470246003,1.0
1500000US360470598001,1.0
1500000US360470608001,1.0
1500000US360850197001,1.0
1500000US360610216004,1.0
1500000US360810094001,1.0
1500000US360810339001,1.0
1500000US360050144006,1.0
1500000US360470946001,1.0
1500000US360810249003,1.0
1500000US360470506004,1.0
1500000US360811579025,1.0
1500000US360470910003,1.0
1500000US360050405023,1.0
1500000US360050228001,1.0
1500000US360610110006,1.0
1500000US360470175001,1.0
1500000US360610126005,0.6666666666666666
1500000US360470206001,0.6666666666666666
1500000US360470347002,0.6666666666666666
1500000US360810542003,0.6666666666666666
1500000US360610144025,0.6666666666666666
1500000US360810214002,0.6666666666666666
1500000US360810192001,0.6666666666666666
1500000US360810863001,0.6666666666666666
1500000US360811567001,0.6666666666666666
1500000US360470506002,0.6666666666666666
1500000US360470608003,0.6666666666666666
1500000US360050246001,0.6666666666666666
1500000US360470478001,0.6666666666666666
1500000US360811399002,0.6666666666666666
1500000US360610070006,0.6666666666666666
1500000US360810128001,0.6666666666666666
1500000US360810288003,0.6666666666666666
1500000US360470447002,0.6666666666666666
1500000US360470229001,0.6666666666666666
1500000US360050225006,0.6666666666666666
1500000US360610077005,0.6666666666666666
1500000US360810814003,0.6666666666666666
1500000US360470044002,0.6666666666666666
1500000US360610283004,0.6666666666666666
1500000US360470289004,0.6666666666666666
1500000US360810663002,0.6666666666666666
1500000US360610189003,0.6666666666666666
1500000US360470288001,0.6666666666666666
1500000US360050202001,0.6666666666666666
1500000US360471237002,0.6666666666666666
1500000US360470336001,0.6666666666666666
1500000US360470702014,0.6666666666666666
1500000US360810232002,0.6666666666666666
1500000US360470998001,0.6666666666666666
1500000US360470565001,0.6666666666666666
1500000US360811451022,0.6666666666666666
1500000US360810036002,0.6666666666666666
1500000US360850156014,0.6666666666666666
1500000US360470700001,0.6666666666666666
1500000US360050199006,0.6666666666666666
1500000US360610219002,0.6666666666666666
1500000US360850132031,0.6666666666666666
1500000US360810663003,0.6666666666666666
1500000US360810580003,0.6666666666666666
1500000US360810664003,0.6666666666666666
1500000US360610154006,0.6666666666666666
1500000US360050068001,0.6666666666666666
1500000US360470092003,0.6666666666666666
1500000US360470417003,0.6666666666666666
1500000US360610106011,0.6666666666666666
1500000US360470261005,0.6666666666666666
1500000US360811155002,0.6666666666666666
1500000US360471176011,0.6666666666666666
1500000US360050087003,0.6666666666666666
1500000US360470502022,0.6666666666666666
1500000US360810859002,0.6666666666666666
1500000US360850170072,0.6666666666666666
1500000US360470190003,0.6666666666666666
1500000US360470406002,0.6666666666666666
1500000US360610134003,0.6666666666666666
1500000US360811551023,0.6666666666666666
1500000US360470041002,0.6666666666666666
1500000US360610132001,0.6666666666666666
1500000US360470327003,0.6666666666666666
1500000US360470562002,0.6666666666666666
1500000US360470169004,0.6666666666666666
1500000US360610160012,0.6666666666666666
1500000US360610161003,0.6666666666666666
1500000US360811333003,0.6666666666666666
1500000US360470388002,0.6666666666666666
1500000US360811483001,0.6666666666666666
1500000US360470406003,0.6666666666666666
1500000US360810257001,0.6666666666666666
1500000US360470870002,0.6666666666666666
1500000US360810262001,0.6666666666666666
1500000US360810294006,0.6666666666666666
1500000US360050381002,0.6666666666666666
1500000US360610064005,0.6666666666666666
1500000US360470151002,0.6666666666666666
1500000US360810172001,0.6666666666666666
1500000US360050147011,0.6666666666666666
1500000US360050332013,0.6666666666666666
1500000US360610079003,0.6666666666666666
1500000US360811047004,0.6666666666666666
1500000US360810508001,0.6666666666666666
1500000US360050083001,0.6666666666666666
1500000US360810216002,0.6666666666666666
1500000US360050405012,0.6666666666666666
1500000US360810182002,0.6666666666666666
1500000US360470458001,0.6666666666666666
1500000US360810059001,0.6666666666666666
1500000US360470832001,0.6666666666666666
1500000US360470132002,0.6666666666666666
1500000US360470216003,0.6666666666666666
1500000US360470490003,0.6666666666666666
1500000US360470058003,0.6666666666666666
1500000US360810542004,0.6666666666666666
1500000US360050161003,0.6666666666666666
1500000US360470374011,0.6666666666666666
1500000US360050050012,0.6666666666666666
1500000US360471008002,0.6666666666666666
1500000US360050227031,0.6666666666666666
1500000US360810845002,0.6666666666666666
1500000US360470946002,0.6666666666666666
1500000US360810492001,0.6666666666666666
1500000US360610291001,0.6666666666666666
1500000US360470533005,0.6666666666666666
1500000US360470268002,0.6666666666666666
1500000US360810697021,0.6666666666666666
1500000US360810269021,0.6666666666666666
1500000US360470542003,0.6666666666666666
1500000US360810439002,0.6666666666666666
1500000US360810497002,0.6666666666666666
1500000US360470075003,0.6666666666666666
1500000US360470382003,0.6666666666666666
1500000US360811301002,0.6666666666666666
1500000US360610182004,0.6666666666666666
1500000US360610173001,0.6666666666666666
1500000US360810440002,0.6666666666666666
1500000US360850050003,0.6666666666666666
1500000US360470005011,0.6666666666666666
1500000US360610059005,0.6666666666666666
1500000US360810181013,0.6666666666666666
1500000US360050092004,0.6666666666666666
1500000US360050343002,0.6666666666666666
1500000US360850319021,0.6666666666666666
1500000US360470301001,0.6666666666666666
1500000US360050293024,0.6666666666666666
1500000US360470573002,0.6666666666666666
1500000US360810353001,0.6666666666666666
1500000US360810709001,0.6666666666666666
1500000US360470039003,0.6666666666666666
1500000US360470790001,0.6666666666666666
1500000US360470892002,0.6666666666666666
1500000US360810680003,0.6666666666666666
1500000US360610257002,0.6666666666666666
1500000US360810469003,0.6666666666666666
1500000US360810025006,0.6666666666666666
1500000US360610128003,0.6666666666666666
1500000US360470782002,0.6666666666666666
1500000US360810723003,0.6666666666666666
1500000US360471008001,0.6666666666666666
1500000US360050425002,0.6666666666666666
1500000US360050235024,0.6666666666666666
1500000US360470341003,0.6666666666666666
1500000US360470632001,0.6666666666666666
1500000US360810713051,0.6666666666666666
1500000US360810285002,0.6666666666666666
1500000US360470122002,0.6666666666666666
1500000US360610179003,0.6666666666666666
1500000US360811193001,0.6666666666666666
1500000US360470305004,0.6666666666666666
1500000US360050236002,0.6666666666666666
1500000US360810739001,0.6666666666666666
1500000US360810623001,0.6666666666666666
1500000US360810071003,0.6666666666666666
1500000US360470650002,0.6666666666666666
1500000US360470169003,0.6666666666666666
1500000US360050318002,0.6666666666666666
1500000US360810539003,0.6666666666666666
1500000US360810121002,0.6666666666666666
1500000US360470762001,0.6666666666666666
1500000US360811171003,0.6666666666666666
1500000US360050456001,0.6666666666666666
1500000US360470313004,0.6666666666666666
1500000US360470165004,0.6666666666666666
1500000US360810484002,0.6666666666666666
1500000US360610081005,0.6666666666666666
1500000US360610036012,0.6666666666666666
1500000US360471192003,0.6666666666666666
1500000US360810484003,0.6666666666666666
1500000US360610130001,0.6666666666666666
1500000US360811385012,0.6666666666666666
1500000US360810723001,0.6666666666666666
1500000US360470410002,0.6666666666666666
1500000US360810613011,0.6666666666666666
1500000US360810797013,0.6666666666666666
1500000US360050358006,0.6666666666666666
1500000US360050403042,0.6666666666666666
1500000US360811507012,0.6666666666666666
1500000US360471020001,0.6666666666666666
1500000US360850277051,0.6666666666666666
1500000US360610055021,0.6666666666666666
1500000US360610183003,0.6666666666666666
1500000US360470443004,0.6666666666666666
1500000US360470326002,0.6666666666666666
1500000US360470127002,0.6666666666666666
1500000US360470145001,0.6666666666666666
1500000US360850277052,0.6666666666666666
1500000US360810168002,0.6666666666666666
1500000US360470264002,0.6666666666666666
1500000US360050245022,0.6666666666666666
1500000US360470750002,0.6666666666666666
1500000US360050484004,0.6666666666666666
1500000US360810401003,0.6666666666666666
1500000US360810547003,0.6666666666666666
1500000US360470444003,0.6666666666666666
1500000US360470936001,0.6666666666666666
1500000US360470195002,0.6666666666666666
1500000US360610146014,0.6666666666666666
1500000US360810116002,0.6666666666666666
1500000US360470181004,0.6666666666666666
1500000US360050274012,0.6666666666666666
1500000US360610144012,0.6666666666666666
1500000US360470626001,0.6666666666666666
1500000US360850074001,0.6666666666666666
1500000US360050393006,0.6666666666666666
1500000US360470547002,0.6666666666666666
1500000US360050302004,0.6666666666666666
1500000US360810476002,0.6666666666666666
1500000US360810472002,0.6666666666666666
1500000US360810086002,0.6666666666666666
1500000US360470533003,0.6666666666666666
1500000US360050160003,0.6666666666666666
1500000US360050300006,0.6666666666666666
1500000US360470545005,0.6666666666666666
1500000US360470514003,0.6666666666666666
1500000US360470766001,0.6666666666666666
1500000US360050300005,0.6666666666666666
1500000US360470878003,0.6666666666666666
1500000US360050462013,0.6666666666666666
1500000US360811029001,0.6666666666666666
1500000US360811191001,0.6666666666666666
1500000US360470962001,0.6666666666666666
1500000US360470944013,0.6666666666666666
1500000US360850189021,0.6666666666666666
1500000US360050152001,0.6666666666666666
1500000US360470142003,0.6666666666666666
1500000US360470279004,0.6666666666666666
1500000US360850187024,0.6666666666666666
1500000US360470610032,0.6666666666666666
1500000US360810031001,0.6666666666666666
1500000US360050302002,0.6666666666666666
1500000US360050041002,0.6666666666666666
1500000US360470273001,0.6666666666666666
1500000US360470481002,0.6666666666666666
1500000US360810008001,0.6666666666666666
1500000US360470680002,0.6666666666666666
1500000US360810568003,0.6666666666666666
1500000US360470206002,0.6666666666666666
1500000US360810269014,0.6666666666666666
1500000US360050079005,0.6666666666666666
1500000US360470776003,0.6666666666666666
1500000US360810889013,0.6666666666666666
1500000US360850170091,0.6666666666666666
1500000US360470525002,0.6666666666666666
1500000US360050413007,0.6666666666666666
1500000US360810591003,0.6666666666666666
1500000US360470576002,0.6666666666666666
1500000US360470183001,0.6666666666666666
1500000US360610207011,0.6666666666666666
1500000US360470335001,0.6666666666666666
1500000US360810440001,0.6666666666666666
1500000US360810697023,0.6666666666666666
1500000US360470402001,0.6666666666666666
1500000US360470328004,0.6666666666666666
1500000US360811247002,0.6666666666666666
1500000US360810124001,0.6666666666666666
1500000US360811133001,0.6666666666666666
1500000US360050211003,0.6666666666666666
1500000US360470426001,0.6666666666666666
1500000US360470561004,0.6666666666666666
1500000US360470190001,0.6666666666666666
1500000US360810580001,0.6666666666666666
1500000US360050418003,0.6666666666666666
1500000US360050213024,0.6666666666666666
1500000US360470077002,0.6666666666666666
1500000US360470265003,0.6666666666666666
1500000US360810779071,0.6666666666666666
1500000US360810849002,0.6666666666666666
1500000US360050209003,0.6666666666666666
1500000US360810840004,0.6666666666666666
1500000US360810051002,0.6666666666666666
1500000US360050050014,0.6666666666666666
1500000US360470454002,0.6666666666666666
1500000US360470796011,0.6666666666666666
1500000US360850177005,0.6666666666666666
1500000US360810097002,0.6666666666666666
1500000US360050087002,0.6666666666666666
1500000US360470594014,0.6666666666666666
1500000US360050210026,0.6666666666666666
1500000US360610255001,0.6666666666666666
1500000US360050404003,0.6666666666666666
1500000US360610181005,0.6666666666666666
1500000US360050218003,0.6666666666666666
1500000US360050393005,0.6666666666666666
1500000US360470966002,0.6666666666666666
1500000US360470336005,0.6666666666666666
1500000US360810568002,0.6666666666666666
1500000US360810294005,0.6666666666666666
1500000US360050429021,0.6666666666666666
1500000US360811291045,0.6666666666666666
1500000US360610184003,0.6666666666666666
1500000US360470529003,0.6666666666666666
1500000US360850156011,0.6666666666666666
1500000US360050295003,0.6666666666666666
1500000US360471104003,0.6666666666666666
1500000US360471182021,0.6666666666666666
1500000US360470304003,0.6666666666666666
1500000US360610210003,0.6666666666666666
1500000US360470228002,0.6666666666666666
1500000US360470445003,0.6666666666666666
1500000US360810991005,0.6666666666666666
1500000US360470038001,0.6666666666666666
1500000US360811247003,0.6666666666666666
1500000US360810500002,0.6666666666666666
1500000US360050462024,0.6666666666666666
1500000US360470730001,0.6666666666666666
1500000US360610134002,0.6666666666666666
1500000US360810531001,0.6666666666666666
1500000US360470252003,0.6666666666666666
1500000US360810114001,0.6666666666666666
1500000US360810130001,0.6666666666666666
1500000US360050086003,0.6666666666666666
1500000US360050248001,0.6666666666666666
1500000US360810357002,0.6666666666666666
1500000US360050023002,0.6666666666666666
1500000US360050267022,0.6666666666666666
1500000US360810972043,0.6666666666666666
1500000US360850156016,0.6666666666666666
1500000US360810864002,0.6666666666666666
1500000US360811029002,0.6666666666666666
1500000US360470934001,0.6666666666666666
1500000US360610150021,0.6666666666666666
1500000US360470946003,0.6666666666666666
1500000US360470194001,0.6666666666666666
1500000US360470199004,0.6666666666666666
1500000US360810185013,0.6666666666666666
1500000US360470197001,0.6666666666666666
1500000US360810283005,0.6666666666666666
1500000US360811341002,0.6666666666666666
1500000US360050197005,0.6666666666666666
1500000US360610002023,0.6666666666666666
1500000US360470464001,0.6666666666666666
1500000US360610116002,0.6666666666666666
1500000US360610201023,0.6666666666666666
1500000US360470414021,0.6666666666666666
1500000US360810577003,0.6666666666666666
1500000US360050054003,0.6666666666666666
1500000US360050419004,0.6666666666666666
1500000US360470656002,0.6666666666666666
1500000US360050345001,0.6666666666666666
1500000US360610080004,0.6666666666666666
1500000US360810002001,0.6666666666666666
1500000US360470275004,0.6666666666666666
1500000US360050310002,0.6666666666666666
1500000US360610134009,0.6666666666666666
1500000US360470646002,0.6666666666666666
1500000US360810437023,0.6666666666666666
1500000US360811441001,0.6666666666666666
1500000US360810402002,0.6666666666666666
1500000US360050085005,0.6666666666666666
1500000US360610025003,0.6666666666666666
1500000US360810140002,0.6666666666666666
1500000US360470462022,0.6666666666666666
1500000US360610307003,0.6666666666666666
1500000US360471058012,0.6666666666666666
1500000US360470159003,0.6666666666666666
1500000US360610285004,0.6666666666666666
1500000US360810010002,0.6666666666666666
1500000US360850173002,0.6666666666666666
1500000US360810279001,0.6666666666666666
1500000US360470126001,0.6666666666666666
1500000US360050388002,0.6666666666666666
1500000US360811215003,0.6666666666666666
1500000US360810591004,0.6666666666666666
1500000US360050061002,0.6666666666666666
1500000US360050328002,0.6666666666666666
1500000US360470419003,0.6666666666666666
1500000US360810469002,0.6666666666666666
1500000US360810238003,0.6666666666666666
1500000US360470114001,0.6666666666666666
1500000US360810567001,0.6666666666666666
1500000US360470924003,0.6666666666666666
1500000US360610106023,0.6666666666666666
1500000US360810606001,0.6666666666666666
1500000US360610124006,0.6666666666666666
1500000US360050067003,0.6666666666666666
1500000US360470600001,0.6666666666666666
1500000US360810567004,0.6666666666666666
1500000US360050228002,0.6666666666666666
1500000US360610070005,0.6666666666666666
1500000US360470282001,0.6666666666666666
1500000US360810719002,0.6666666666666666
1500000US360470314004,0.6666666666666666
1500000US360810818001,0.6666666666666666
1500000US360470530001,0.6666666666666666
1500000US360050245021,0.6666666666666666
1500000US360610160014,0.6666666666666666
1500000US360810181021,0.6666666666666666
1500000US360470147001,0.6666666666666666
1500000US360810026001,0.6666666666666666
1500000US360810809005,0.6666666666666666
1500000US360810580002,0.6666666666666666
1500000US360471126001,0.6666666666666666
1500000US360811033003,0.6666666666666666
1500000US360610285002,0.6666666666666666
1500000US360050133004,0.6666666666666666
1500000US360610006005,0.6666666666666666
1500000US360470100002,0.6666666666666666
1500000US360470227002,0.6666666666666666
1500000US360470620001,0.6666666666666666
1500000US360050516003,0.6666666666666666
1500000US360470244002,0.6666666666666666
1500000US360470551002,0.6666666666666666
1500000US360471142022,0.6666666666666666
1500000US360810123011,0.6666666666666666
1500000US360050293023,0.6666666666666666
1500000US360050197004,0.6666666666666666
1500000US360810919001,0.6666666666666666
1500000US360810745001,0.6666666666666666
1500000US360810142022,0.6666666666666666
1500000US360470527007,0.6666666666666666
1500000US360810277002,0.6666666666666666
1500000US360050072003,0.6666666666666666
1500000US360610108001,0.6666666666666666
1500000US360610184002,0.6666666666666666
1500000US360470244003,0.6666666666666666
1500000US360050430003,0.6666666666666666
1500000US360470998002,0.6666666666666666
1500000US360810075003,0.6666666666666666
1500000US360810103004,0.6666666666666666
1500000US360810973001,0.6666666666666666
1500000US360470678002,0.6666666666666666
1500000US360470561001,0.6666666666666666
1500000US360050332023,0.6666666666666666
1500000US360470066002,0.6666666666666666
1500000US360470161002,0.6666666666666666
1500000US360810664005,0.6666666666666666
1500000US360810613013,0.6666666666666666
1500000US360470488003,0.6666666666666666
1500000US360470186002,0.6666666666666666
1500000US360470872001,0.6666666666666666
1500000US360810549001,0.6666666666666666
1500000US360811621002,0.6666666666666666
1500000US360470188002,0.6666666666666666
1500000US360470131002,0.6666666666666666
1500000US360850156013,0.6666666666666666
1500000US360811155001,0.6666666666666666
1500000US360050428002,0.6666666666666666
1500000US360810530001,0.6666666666666666
1500000US360610152004,0.6666666666666666
1500000US360470181003,0.6666666666666666
1500000US360810721003,0.6666666666666666
1500000US360050348004,0.6666666666666666
1500000US360470287003,0.6666666666666666
1500000US360470153003,0.6666666666666666
1500000US360610303003,0.6666666666666666
1500000US360850187012,0.6666666666666666
1500000US360470439001,0.6666666666666666
1500000US360470482004,0.6666666666666666
1500000US360610048001,0.6666666666666666
1500000US360810051001,0.6666666666666666
1500000US360470167003,0.6666666666666666
1500000US360050189002,0.6666666666666666
1500000US360610074002,0.6666666666666666
1500000US360810513002,0.6666666666666666
1500000US360810481002,0.6666666666666666
1500000US360810358003,0.6666666666666666
1500000US360470092001,0.6666666666666666
1500000US360810594002,0.6666666666666666
1500000US360050235022,0.6666666666666666
1500000US360810351002,0.6666666666666666
1500000US360810838001,0.6666666666666666
1500000US360470033001,0.6666666666666666
1500000US360850247001,0.6666666666666666
1500000US360810478003,0.6666666666666666
1500000US360810654003,0.6666666666666666
1500000US360810414002,0.6666666666666666
1500000US360810185022,0.6666666666666666
1500000US360810230001,0.6666666666666666
1500000US360610275001,0.6666666666666666
1500000US360850128061,0.6666666666666666
1500000US360610073003,0.6666666666666666
1500000US360811085002,0.6666666666666666
1500000US360810639002,0.6666666666666666
1500000US360810152002,0.6666666666666666
1500000US360610070004,0.6666666666666666
1500000US360470242002,0.6666666666666666
1500000US360470478002,0.6666666666666666
1500000US360850105005,0.6666666666666666
1500000US360050408003,0.6666666666666666
1500000US360470860002,0.6666666666666666
1500000US360050205023,0.6666666666666666
1500000US360470349002,0.6666666666666666
1500000US360470510011,0.6666666666666666
1500000US360470219002,0.6666666666666666
1500000US360470325001,0.6666666666666666
1500000US360610018004,0.6666666666666666
1500000US360470023003,0.6666666666666666
1500000US360810625001,0.6666666666666666
1500000US360470246002,0.6666666666666666
1500000US360470059001,0.6666666666666666
1500000US360050415001,0.6666666666666666
1500000US360050197001,0.6666666666666666
1500000US360470279001,0.6666666666666666
1500000US360050239006,0.6666666666666666
1500000US360470930002,0.6666666666666666
1500000US360810475001,0.6666666666666666
1500000US360610158014,0.6666666666666666
1500000US360470506003,0.6666666666666666
1500000US360811463001,0.6666666666666666
1500000US360050171001,0.6666666666666666
1500000US360810277003,0.6666666666666666
1500000US360470238001,0.6666666666666666
1500000US360470130001,0.6666666666666666
1500000US360811377004,0.6666666666666666
1500000US360470398001,0.6666666666666666
1500000US360470162002,0.6666666666666666
1500000US360610048002,0.6666666666666666
1500000US360050364002,0.6666666666666666
1500000US360470181001,0.6666666666666666
1500000US360470065001,0.6666666666666666
1500000US360470034003,0.6666666666666666
1500000US360810152001,0.6666666666666666
1500000US360810747002,0.6666666666666666
1500000US360470234003,0.6666666666666666
1500000US360610020003,0.6666666666666666
1500000US360610177008,0.6666666666666666
1500000US360810081001,0.6666666666666666
1500000US360850170104,0.6666666666666666
1500000US360470077001,0.6666666666666666
1500000US360850170051,0.6666666666666666
1500000US360811417004,0.6666666666666666
1500000US360810889011,0.6666666666666666
1500000US360470153001,0.6666666666666666
1500000US360050462012,0.6666666666666666
1500000US360610291002,0.6666666666666666
1500000US360610097004,0.6666666666666666
1500000US360850201002,0.6666666666666666
1500000US360850156023,0.6666666666666666
1500000US360810018001,0.6666666666666666
1500000US360810399001,0.6666666666666666
1500000US360810526002,0.6666666666666666
1500000US360610118005,0.6666666666666666
1500000US360470486003,0.6666666666666666
1500000US360470317021,0.6666666666666666
1500000US360471502003,0.6666666666666666
1500000US360810857003,0.6666666666666666
1500000US360470588001,0.6666666666666666
1500000US360610237002,0.6666666666666666
1500000US360470519001,0.6666666666666666
1500000US360810101002,0.6666666666666666
1500000US360810365001,0.6666666666666666
1500000US360811385011,0.6666666666666666
1500000US360850277062,0.6666666666666666
1500000US360470462021,0.6666666666666666
1500000US360810884003,0.6666666666666666
1500000US360810328001,0.6666666666666666
1500000US360810972041,0.6666666666666666
1500000US360470610043,0.6666666666666666
1500000US360850213002,0.6666666666666666
1500000US360810085001,0.6666666666666666
1500000US360470900002,0.6666666666666666
1500000US360470265001,0.6666666666666666
1500000US360050224043,0.6666666666666666
1500000US360810126021,0.6666666666666666
1500000US360470720001,0.6666666666666666
1500000US360810577001,0.6666666666666666
1500000US360610173004,0.6666666666666666
1500000US360810863004,0.6666666666666666
1500000US360610165003,0.6666666666666666
1500000US360470108002,0.6666666666666666
1500000US360810330003,0.6666666666666666
1500000US360810054002,0.6666666666666666
1500000US360050364003,0.6666666666666666
1500000US360810097003,0.6666666666666666
1500000US360050216014,0.6666666666666666
1500000US360050314001,0.6666666666666666
1500000US360610211002,0.6666666666666666
1500000US360050266022,0.6666666666666666
1500000US360810288001,0.6666666666666666
1500000US360811163001,0.6666666666666666
1500000US360050201003,0.6666666666666666
1500000US360810414001,0.6666666666666666
1500000US360470533004,0.6666666666666666
1500000US360471058043,0.6666666666666666
1500000US360810309023,0.6666666666666666
1500000US360810538001,0.6666666666666666
1500000US360810158021,0.6666666666666666
1500000US360470764002,0.6666666666666666
1500000US360810143001,0.6666666666666666
1500000US360810379003,0.6666666666666666
1500000US360050181012,0.6666666666666666
1500000US360810566002,0.6666666666666666
1500000US360810052001,0.6666666666666666
1500000US360470738003,0.6666666666666666
1500000US360810622001,0.6666666666666666
1500000US360810137001,0.6666666666666666
1500000US360811113001,0.6666666666666666
1500000US360050389004,0.6666666666666666
1500000US360810274001,0.6666666666666666
1500000US360050085004,0.6666666666666666
1500000US360610214001,0.6666666666666666
1500000US360810188001,0.6666666666666666
1500000US360470512003,0.6666666666666666
1500000US360470217001,0.6666666666666666
1500000US360810439001,0.6666666666666666
1500000US360810062027,0.6666666666666666
1500000US360470273002,0.6666666666666666
1500000US360050369012,0.6666666666666666
1500000US360470250002,0.6666666666666666
1500000US360610136001,0.6666666666666666
1500000US360610093003,0.6666666666666666
1500000US360810004003,0.6666666666666666
1500000US360050264002,0.6666666666666666
1500000US360811199001,0.6666666666666666
1500000US360050160002,0.6666666666666666
1500000US360470035002,0.6666666666666666
1500000US360850291033,0.6666666666666666
1500000US360810251004,0.6666666666666666
1500000US360470688002,0.6666666666666666
1500000US360050078004,0.6666666666666666
1500000US360470377002,0.6666666666666666
1500000US360810540003,0.6666666666666666
1500000US360470371003,0.6666666666666666
1500000US360811195001,0.6666666666666666
1500000US360810065023,0.6666666666666666
1500000US360470538001,0.6666666666666666
1500000US360811467003,0.6666666666666666
1500000US360470270002,0.6666666666666666
1500000US360810972033,0.6666666666666666
1500000US360471016001,0.6666666666666666
1500000US360810456001,0.6666666666666666
1500000US360050052002,0.6666666666666666
1500000US360470221003,0.6666666666666666
1500000US360610142004,0.6666666666666666
1500000US360850208011,0.6666666666666666
1500000US360470359001,0.6666666666666666
1500000US360050264003,0.6666666666666666
1500000US360810630001,0.6666666666666666
1500000US360470279002,0.6666666666666666
1500000US360470548001,0.6666666666666666
1500000US360470489003,0.6666666666666666
1500000US360810788001,0.6666666666666666
1500000US360470210001,0.6666666666666666
1500000US360810500001,0.6666666666666666
1500000US360470198001,0.6666666666666666
1500000US360050211001,0.6666666666666666
1500000US360050449012,0.6666666666666666
1500000US360810973003,0.6666666666666666
1500000US360810073003,0.6666666666666666
1500000US360470549002,0.6666666666666666
1500000US360811291042,0.6666666666666666
1500000US360050175006,0.6666666666666666
1500000US360470283003,0.6666666666666666
1500000US360470934002,0.6666666666666666
1500000US360470064001,0.6666666666666666
1500000US360810531002,0.6666666666666666
1500000US360810136002,0.6666666666666666
1500000US360470437003,0.6666666666666666
1500000US360470106001,0.6666666666666666
1500000US360470216002,0.6666666666666666
1500000US360050121011,0.6666666666666666
1500000US360470296001,0.6666666666666666
1500000US360470142001,0.6666666666666666
1500000US360810022001,0.6666666666666666
1500000US360810664001,0.6666666666666666
1500000US360470150002,0.6666666666666666
1500000US360810071001,0.6666666666666666
1500000US360470443002,0.6666666666666666
1500000US360610142006,0.6666666666666666
1500000US360470169001,0.6666666666666666
1500000US360810855002,0.6666666666666666
1500000US360470884002,0.6666666666666666
1500000US360811341003,0.6666666666666666
1500000US360810020001,0.6666666666666666
1500000US360470001003,0.6666666666666666
1500000US360470302003,0.6666666666666666
1500000US360050193002,0.6666666666666666
1500000US360470112003,0.6666666666666666
1500000US360050144005,0.6666666666666666
1500000US360470902005,0.6666666666666666
1500000US360470546003,0.6666666666666666
1500000US360470022002,0.6666666666666666
1500000US360050215025,0.6666666666666666
1500000US360810058001,0.6666666666666666
1500000US360050175005,0.6666666666666666
1500000US360470399003,0.6666666666666666
1500000US360810238002,0.6666666666666666
1500000US360470023001,0.6666666666666666
1500000US360470286002,0.6666666666666666
1500000US360470269001,0.6666666666666666
1500000US360050430002,0.6666666666666666
1500000US360470096002,0.6666666666666666
1500000US360470297001,0.6666666666666666
1500000US360470736002,0.6666666666666666
1500000US360050238003,0.6666666666666666
1500000US360810516002,0.6666666666666666
1500000US360470163003,0.6666666666666666
1500000US360470523004,0.6666666666666666
1500000US360810809003,0.6666666666666666
1500000US360050084002,0.6666666666666666
1500000US360810411001,0.6666666666666666
1500000US360810581002,0.6666666666666666
1500000US360470303002,0.6666666666666666
1500000US360610079002,0.6666666666666666
1500000US360470005021,0.6666666666666666
1500000US360850020011,0.6666666666666666
1500000US360811163003,0.6666666666666666
1500000US360050004004,0.6666666666666666
1500000US360050078001,0.6666666666666666
1500000US360610186003,0.6666666666666666
1500000US360810025003,0.6666666666666666
1500000US360810126011,0.6666666666666666
1500000US360810580004,0.6666666666666666
1500000US360470591003,0.6666666666666666
1500000US360811241002,0.6666666666666666
1500000US360810123013,0.6666666666666666
1500000US360850208041,0.6666666666666666
1500000US360470496003,0.6666666666666666
1500000US360470236001,0.6666666666666666
1500000US360810320004,0.6666666666666666
1500000US360470582003,0.6666666666666666
1500000US360470267003,0.6666666666666666
1500000US360050254002,0.6666666666666666
1500000US360810269022,0.6666666666666666
1500000US360470439002,0.6666666666666666
1500000US360610138002,0.6666666666666666
1500000US360811039001,0.6666666666666666
1500000US360470411002,0.3333333333333333
1500000US360470786003,0.3333333333333333
1500000US360050307011,0.3333333333333333
1500000US360810105003,0.3333333333333333
1500000US360470610022,0.3333333333333333
1500000US360050425001,0.3333333333333333
1500000US360810287001,0.3333333333333333
1500000US360610177006,0.3333333333333333
1500000US360050070002,0.3333333333333333
1500000US360470501002,0.3333333333333333
1500000US360810496002,0.3333333333333333
1500000US360471164003,0.3333333333333333
1500000US360811579022,0.3333333333333333
1500000US360810042002,0.3333333333333333
1500000US360850279002,0.3333333333333333
1500000US360470626002,0.3333333333333333
1500000US360810624001,0.3333333333333333
1500000US360050243002,0.3333333333333333
1500000US360610261004,0.3333333333333333
1500000US360470552001,0.3333333333333333
1500000US360470482002,0.3333333333333333
1500000US360810803012,0.3333333333333333
1500000US360470001001,0.3333333333333333
1500000US360470848002,0.3333333333333333
1500000US360610261006,0.3333333333333333
1500000US360810729002,0.3333333333333333
1500000US360810664007,0.3333333333333333
1500000US360470527006,0.3333333333333333
1500000US360610261007,0.3333333333333333
1500000US360810646001,0.3333333333333333
1500000US360811033002,0.3333333333333333
1500000US360050277004,0.3333333333333333
1500000US360810536011,0.3333333333333333
1500000US360610108005,0.3333333333333333
1500000US360811099003,0.3333333333333333
1500000US360610008005,0.3333333333333333
1500000US360050342001,0.3333333333333333
1500000US360470319003,0.3333333333333333
1500000US360810723002,0.3333333333333333
1500000US360050251002,0.3333333333333333
1500000US360470001004,0.3333333333333333
1500000US360050132004,0.3333333333333333
1500000US360610024002,0.3333333333333333
1500000US360850138005,0.3333333333333333
1500000US360470205002,0.3333333333333333
1500000US360050358004,0.3333333333333333
1500000US360810468001,0.3333333333333333
1500000US360810189003,0.3333333333333333
1500000US360470870001,0.3333333333333333
1500000US360470535004,0.3333333333333333
1500000US360810757011,0.3333333333333333
1500000US360470390002,0.3333333333333333
1500000US360610062002,0.3333333333333333
1500000US360610077002,0.3333333333333333
1500000US360810220011,0.3333333333333333
1500000US360050310001,0.3333333333333333
1500000US360811008011,0.3333333333333333
1500000US360610142002,0.3333333333333333
1500000US360470349001,0.3333333333333333
1500000US360470760003,0.3333333333333333
1500000US360050319001,0.3333333333333333
1500000US360810654001,0.3333333333333333
1500000US360470922002,0.3333333333333333
1500000US360810117003,0.3333333333333333
1500000US360810053001,0.3333333333333333
1500000US360050358003,0.3333333333333333
1500000US360850007003,0.3333333333333333
1500000US360470470002,0.3333333333333333
1500000US360471130003,0.3333333333333333
1500000US360811257003,0.3333333333333333
1500000US360610155001,0.3333333333333333
1500000US360470293002,0.3333333333333333
1500000US360470732002,0.3333333333333333
1500000US360610163002,0.3333333333333333
1500000US360810024001,0.3333333333333333
1500000US360610108003,0.3333333333333333
1500000US360050430001,0.3333333333333333
1500000US360471058011,0.3333333333333333
1500000US360470056012,0.3333333333333333
1500000US360610152003,0.3333333333333333
1500000US360050238002,0.3333333333333333
1500000US360811367001,0.3333333333333333
1500000US360470894002,0.3333333333333333
1500000US360810616012,0.3333333333333333
1500000US360810261003,0.3333333333333333
1500000US360470226002,0.3333333333333333
1500000US360810779033,0.3333333333333333
1500000US360610132006,0.3333333333333333
1500000US360810404004,0.3333333333333333
1500000US360470692002,0.3333333333333333
1500000US360470236003,0.3333333333333333
1500000US360470374024,0.3333333333333333
1500000US360470036003,0.3333333333333333
1500000US360050399024,0.3333333333333333
1500000US360811129001,0.3333333333333333
1500000US360811175002,0.3333333333333333
1500000US360050300004,0.3333333333333333
1500000US360810235003,0.3333333333333333
1500000US360470558001,0.3333333333333333
1500000US360050434002,0.3333333333333333
1500000US360610150012,0.3333333333333333
1500000US360610142005,0.3333333333333333
1500000US360811451021,0.3333333333333333
1500000US360850189012,0.3333333333333333
1500000US360471130004,0.3333333333333333
1500000US360810682002,0.3333333333333333
1500000US360470486002,0.3333333333333333
1500000US360050044001,0.3333333333333333
1500000US360810083001,0.3333333333333333
1500000US360810564001,0.3333333333333333
1500000US360810119001,0.3333333333333333
1500000US360810205002,0.3333333333333333
1500000US360850128042,0.3333333333333333
1500000US360811409011,0.3333333333333333
1500000US360610098004,0.3333333333333333
1500000US360471014002,0.3333333333333333
1500000US360810229001,0.3333333333333333
1500000US360470930001,0.3333333333333333
1500000US360470890002,0.3333333333333333
1500000US360610002024,0.3333333333333333
1500000US360850279001,0.3333333333333333
1500000US360811047001,0.3333333333333333
1500000US360610210001,0.3333333333333333
1500000US360810925003,0.3333333333333333
1500000US360470824001,0.3333333333333333
1500000US360050351001,0.3333333333333333
1500000US360470133003,0.3333333333333333
1500000US360470065005,0.3333333333333333
1500000US360470195003,0.3333333333333333
1500000US360471162003,0.3333333333333333
1500000US360050205013,0.3333333333333333
1500000US360810057002,0.3333333333333333
1500000US360810247001,0.3333333333333333
1500000US360050381001,0.3333333333333333
1500000US360050396004,0.3333333333333333
1500000US360810476001,0.3333333333333333
1500000US360850156021,0.3333333333333333
1500000US360470149001,0.3333333333333333
1500000US360810775003,0.3333333333333333
1500000US360050363005,0.3333333333333333
1500000US360810633022,0.3333333333333333
1500000US360811621005,0.3333333333333333
1500000US360470403003,0.3333333333333333
1500000US360470043003,0.3333333333333333
1500000US360811291044,0.3333333333333333
1500000US360470170002,0.3333333333333333
1500000US360610273002,0.3333333333333333
1500000US360610186002,0.3333333333333333
1500000US360470481001,0.3333333333333333
1500000US360470126003,0.3333333333333333
1500000US360470564003,0.3333333333333333
1500000US360470488002,0.3333333333333333
1500000US360810741002,0.3333333333333333
1500000US360050043004,0.3333333333333333
1500000US360470135003,0.3333333333333333
1500000US360811479002,0.3333333333333333
1500000US360050092005,0.3333333333333333
1500000US360850039002,0.3333333333333333
1500000US360810122002,0.3333333333333333
1500000US360610014012,0.3333333333333333
1500000US360610124008,0.3333333333333333
1500000US360050462026,0.3333333333333333
1500000US360470514002,0.3333333333333333
1500000US360050444002,0.3333333333333333
1500000US360810358002,0.3333333333333333
1500000US360470838002,0.3333333333333333
1500000US360470232002,0.3333333333333333
1500000US360610082003,0.3333333333333333
1500000US360470331001,0.3333333333333333
1500000US360810495001,0.3333333333333333
1500000US360050083003,0.3333333333333333
1500000US360470494002,0.3333333333333333
1500000US360810136001,0.3333333333333333
1500000US360850122001,0.3333333333333333
1500000US360610080003,0.3333333333333333
1500000US360470407001,0.3333333333333333
1500000US360810337001,0.3333333333333333
1500000US360810174002,0.3333333333333333
1500000US360470153002,0.3333333333333333
1500000US360471196001,0.3333333333333333
1500000US360470396002,0.3333333333333333
1500000US360811227023,0.3333333333333333
1500000US360470421003,0.3333333333333333
1500000US360610165001,0.3333333333333333
1500000US360610126002,0.3333333333333333
1500000US360050387003,0.3333333333333333
1500000US360810620001,0.3333333333333333
1500000US360050451011,0.3333333333333333
1500000US360470400002,0.3333333333333333
1500000US360470888002,0.3333333333333333
1500000US360050323001,0.3333333333333333
1500000US360810212002,0.3333333333333333
1500000US360470758001,0.3333333333333333
1500000US360610086031,0.3333333333333333
1500000US360470220003,0.3333333333333333
1500000US360810719001,0.3333333333333333
1500000US360470290001,0.3333333333333333
1500000US360810280001,0.3333333333333333
1500000US360470956001,0.3333333333333333
1500000US360470476002,0.3333333333333333
1500000US360850170052,0.3333333333333333
1500000US360470756001,0.3333333333333333
1500000US360470513004,0.3333333333333333
1500000US360470154001,0.3333333333333333
1500000US360470319001,0.3333333333333333
1500000US360810496001,0.3333333333333333
1500000US360810189001,0.3333333333333333
1500000US360470143002,0.3333333333333333
1500000US360470750001,0.3333333333333333
1500000US360810855004,0.3333333333333333
1500000US360810627001,0.3333333333333333
1500000US360050213023,0.3333333333333333
1500000US360050177021,0.3333333333333333
1500000US360050027011,0.3333333333333333
1500000US360850303022,0.3333333333333333
1500000US360470291003,0.3333333333333333
1500000US360470594022,0.3333333333333333
1500000US360050484001,0.3333333333333333
1500000US360810484001,0.3333333333333333
1500000US360470149005,0.3333333333333333
1500000US360470232003,0.3333333333333333
1500000US360810693002,0.3333333333333333
1500000US360810253013,0.3333333333333333
1500000US360610032005,0.3333333333333333
1500000US360050053002,0.3333333333333333
1500000US360810671001,0.3333333333333333
1500000US360470168001,0.3333333333333333
1500000US360850291035,0.3333333333333333
1500000US360050460002,0.3333333333333333
1500000US360470302002,0.3333333333333333
1500000US360470394002,0.3333333333333333
1500000US360470363002,0.3333333333333333
1500000US360470268004,0.3333333333333333
1500000US360050419006,0.3333333333333333
1500000US360470262002,0.3333333333333333
1500000US360850125002,0.3333333333333333
1500000US360810376001,0.3333333333333333
1500000US360811571014,0.3333333333333333
1500000US360050160001,0.3333333333333333
1500000US360470421002,0.3333333333333333
1500000US360810542002,0.3333333333333333
1500000US360470400001,0.3333333333333333
1500000US360610159003,0.3333333333333333
1500000US361190026003,0.3333333333333333
1500000US360470129023,0.3333333333333333
1500000US360810536012,0.3333333333333333
1500000US360050363002,0.3333333333333333
1500000US360610144024,0.3333333333333333
1500000US360050064004,0.3333333333333333
1500000US360850213004,0.3333333333333333
1500000US360050361001,0.3333333333333333
1500000US360810104002,0.3333333333333333
1500000US360050064002,0.3333333333333333
1500000US360610066006,0.3333333333333333
1500000US360810916013,0.3333333333333333
1500000US360050210013,0.3333333333333333
1500000US360470594011,0.3333333333333333
1500000US360050025005,0.3333333333333333
1500000US360811301004,0.3333333333333333
1500000US360810261001,0.3333333333333333
1500000US360470442001,0.3333333333333333
1500000US360850006002,0.3333333333333333
1500000US360810991002,0.3333333333333333
1500000US360610173002,0.3333333333333333
1500000US360810619002,0.3333333333333333
1500000US360811441004,0.3333333333333333
1500000US360610238011,0.3333333333333333
1500000US360810616013,0.3333333333333333
1500000US360810448001,0.3333333333333333
1500000US360470890005,0.3333333333333333
1500000US360470834002,0.3333333333333333
1500000US360471028001,0.3333333333333333
1500000US360050335001,0.3333333333333333
1500000US360810663001,0.3333333333333333
1500000US360470561002,0.3333333333333333
1500000US360470293001,0.3333333333333333
1500000US360050020006,0.3333333333333333
1500000US360470155001,0.3333333333333333
1500000US360810460001,0.3333333333333333
1500000US360470846002,0.3333333333333333
1500000US360470194003,0.3333333333333333
1500000US360810669001,0.3333333333333333
1500000US360470224002,0.3333333333333333
1500000US360470646001,0.3333333333333333
1500000US360810626003,0.3333333333333333
1500000US360610088002,0.3333333333333333
1500000US360810818003,0.3333333333333333
1500000US360050302001,0.3333333333333333
1500000US360810134002,0.3333333333333333
1500000US360810998012,0.3333333333333333
1500000US360610132007,0.3333333333333333
1500000US360470094003,0.3333333333333333
1500000US360470592003,0.3333333333333333
1500000US360810330002,0.3333333333333333
1500000US360050069003,0.3333333333333333
1500000US360470234001,0.3333333333333333
1500000US360470182002,0.3333333333333333
1500000US360470535002,0.3333333333333333
1500000US360810629003,0.3333333333333333
1500000US360610136003,0.3333333333333333
1500000US360470067002,0.3333333333333333
1500000US360470195004,0.3333333333333333
1500000US360470762003,0.3333333333333333
1500000US360470300001,0.3333333333333333
1500000US360470425001,0.3333333333333333
1500000US360470826003,0.3333333333333333
1500000US360471172021,0.3333333333333333
1500000US360810283002,0.3333333333333333
1500000US360811175003,0.3333333333333333
1500000US360050449022,0.3333333333333333
1500000US360810916014,0.3333333333333333
1500000US360470770002,0.3333333333333333
1500000US360610161002,0.3333333333333333
1500000US360470339001,0.3333333333333333
1500000US360811529022,0.3333333333333333
1500000US360050254001,0.3333333333333333
1500000US360470030002,0.3333333333333333
1500000US360050002003,0.3333333333333333
1500000US360810587003,0.3333333333333333
1500000US360610157001,0.3333333333333333
1500000US360470414011,0.3333333333333333
1500000US360470822003,0.3333333333333333
1500000US360810556002,0.3333333333333333
1500000US360050436001,0.3333333333333333
1500000US360810170001,0.3333333333333333
1500000US360470421001,0.3333333333333333
1500000US360470448002,0.3333333333333333
1500000US360050177011,0.3333333333333333
1500000US360810621002,0.3333333333333333
1500000US360610179001,0.3333333333333333
1500000US360470007001,0.3333333333333333
1500000US360470213003,0.3333333333333333
1500000US360810243001,0.3333333333333333
1500000US360810757013,0.3333333333333333
1500000US360810585001,0.3333333333333333
1500000US360050147024,0.3333333333333333
1500000US360810339003,0.3333333333333333
1500000US360810004002,0.3333333333333333
1500000US360470110002,0.3333333333333333
1500000US360810861001,0.3333333333333333
1500000US360470846001,0.3333333333333333
1500000US360470049002,0.3333333333333333
1500000US360470425002,0.3333333333333333
1500000US360470388004,0.3333333333333333
1500000US360470636001,0.3333333333333333
1500000US360810467003,0.3333333333333333
1500000US360470760001,0.3333333333333333
1500000US360810183001,0.3333333333333333
1500000US360810295001,0.3333333333333333
1500000US360470570002,0.3333333333333333
1500000US360470589002,0.3333333333333333
1500000US360050350001,0.3333333333333333
1500000US360050405025,0.3333333333333333
1500000US360610015013,0.3333333333333333
1500000US360050421003,0.3333333333333333
1500000US360470151001,0.3333333333333333
1500000US360470612001,0.3333333333333333
1500000US360050138002,0.3333333333333333
1500000US360811617001,0.3333333333333333
1500000US360811017004,0.3333333333333333
1500000US360470594013,0.3333333333333333
1500000US360610236002,0.3333333333333333
1500000US360470254002,0.3333333333333333
1500000US360470050001,0.3333333333333333
1500000US360610090004,0.3333333333333333
1500000US360610198002,0.3333333333333333
1500000US360810616022,0.3333333333333333
1500000US360810095001,0.3333333333333333
1500000US360811341001,0.3333333333333333
1500000US360810004001,0.3333333333333333
1500000US360471208004,0.3333333333333333
1500000US360610200001,0.3333333333333333
1500000US360470066001,0.3333333333333333
1500000US360470642002,0.3333333333333333
1500000US360850070004,0.3333333333333333
1500000US360810713032,0.3333333333333333
1500000US360610098007,0.3333333333333333
1500000US360470044001,0.3333333333333333
1500000US360810557003,0.3333333333333333
1500000US360470856001,0.3333333333333333
1500000US360810721004,0.3333333333333333
1500000US360470674001,0.3333333333333333
1500000US360470062001,0.3333333333333333
1500000US360470392001,0.3333333333333333
1500000US360610279007,0.3333333333333333
1500000US360470840002,0.3333333333333333
1500000US360050419005,0.3333333333333333
1500000US360811571012,0.3333333333333333
1500000US360050027024,0.3333333333333333
1500000US360470267001,0.3333333333333333
1500000US360810566001,0.3333333333333333
1500000US360810757022,0.3333333333333333
1500000US360850067003,0.3333333333333333
1500000US360050369011,0.3333333333333333
1500000US360050164001,0.3333333333333333
1500000US360050065003,0.3333333333333333
1500000US360610239001,0.3333333333333333
1500000US360811207002,0.3333333333333333
1500000US360850138003,0.3333333333333333
1500000US360810645001,0.3333333333333333
1500000US360610279006,0.3333333333333333
1500000US360610064003,0.3333333333333333
1500000US360810717022,0.3333333333333333
1500000US360850020021,0.3333333333333333
1500000US360470272003,0.3333333333333333
1500000US360470610042,0.3333333333333333
1500000US360810601001,0.3333333333333333
1500000US360811579014,0.3333333333333333
1500000US360050050022,0.3333333333333333
1500000US360470430002,0.3333333333333333
1500000US360050051003,0.3333333333333333
1500000US360050037001,0.3333333333333333
1500000US360470317013,0.3333333333333333
1500000US360850097003,0.3333333333333333
1500000US360050429012,0.3333333333333333
1500000US360050423002,0.3333333333333333
1500000US360470258003,0.3333333333333333
1500000US360810110002,0.3333333333333333
1500000US360850208014,0.3333333333333333
1500000US360810134003,0.3333333333333333
1500000US360810330004,0.3333333333333333
1500000US360850170101,0.3333333333333333
1500000US360610216002,0.3333333333333333
1500000US360610028003,0.3333333333333333
1500000US360050181021,0.3333333333333333
1500000US360610173005,0.3333333333333333
1500000US360610309003,0.3333333333333333
1500000US360470328003,0.3333333333333333
1500000US360810929004,0.3333333333333333
1500000US360610160022,0.3333333333333333
1500000US360810275001,0.3333333333333333
1500000US360470768003,0.3333333333333333
1500000US360050235023,0.3333333333333333
1500000US360810464001,0.3333333333333333
1500000US360810232001,0.3333333333333333
1500000US360610157003,0.3333333333333333
1500000US360810512003,0.3333333333333333
1500000US360470986001,0.3333333333333333
1500000US360610191002,0.3333333333333333
1500000US360610309004,0.3333333333333333
1500000US360470436002,0.3333333333333333
1500000US360811529023,0.3333333333333333
1500000US360050235013,0.3333333333333333
1500000US360810511002,0.3333333333333333
1500000US360050025003,0.3333333333333333
1500000US360050173002,0.3333333333333333
1500000US360050210027,0.3333333333333333
1500000US360610124003,0.3333333333333333
1500000US360470490001,0.3333333333333333
1500000US360810660001,0.3333333333333333
1500000US360050273004,0.3333333333333333
1500000US360810459001,0.3333333333333333
1500000US360810192002,0.3333333333333333
1500000US360470900003,0.3333333333333333
1500000US360810424002,0.3333333333333333
1500000US360470295003,0.3333333333333333
1500000US360610235014,0.3333333333333333
1500000US360610122001,0.3333333333333333
1500000US360470157003,0.3333333333333333
1500000US360810403003,0.3333333333333333
1500000US360471004001,0.3333333333333333
1500000US360811147001,0.3333333333333333
1500000US360050413006,0.3333333333333333
1500000US360850121003,0.3333333333333333
1500000US360810128002,0.3333333333333333
1500000US360470265004,0.3333333333333333
1500000US360470498002,0.3333333333333333
1500000US360470660002,0.3333333333333333
1500000US360470546002,0.3333333333333333
1500000US360810669002,0.3333333333333333
1500000US360810249001,0.3333333333333333
1500000US360810694002,0.3333333333333333
1500000US360810598001,0.3333333333333333
1500000US360810368002,0.3333333333333333
1500000US360810556001,0.3333333333333333
1500000US360470108001,0.3333333333333333
1500000US360470236002,0.3333333333333333
1500000US360810846012,0.3333333333333333
1500000US360470902002,0.3333333333333333
1500000US360470545004,0.3333333333333333
1500000US360850138002,0.3333333333333333
1500000US360050431001,0.3333333333333333
1500000US360810010001,0.3333333333333333
1500000US360470194002,0.3333333333333333
1500000US360470385002,0.3333333333333333
1500000US360811571021,0.3333333333333333
1500000US360050083005,0.3333333333333333
1500000US360050350002,0.3333333333333333
1500000US360810062012,0.3333333333333333
1500000US360050028002,0.3333333333333333
1500000US360050279004,0.3333333333333333
1500000US360050199002,0.3333333333333333
1500000US360470201004,0.3333333333333333
1500000US360470331002,0.3333333333333333
1500000US360810548002,0.3333333333333333
1500000US360610124002,0.3333333333333333
1500000US360811093002,0.3333333333333333
1500000US360810376003,0.3333333333333333
1500000US360610088005,0.3333333333333333
1500000US360470155004,0.3333333333333333
1500000US360470686001,0.3333333333333333
1500000US360810377002,0.3333333333333333
1500000US360470240001,0.3333333333333333
1500000US360850291042,0.3333333333333333
1500000US360050332021,0.3333333333333333
1500000US360810614001,0.3333333333333333
1500000US360810102002,0.3333333333333333
1500000US360470003012,0.3333333333333333
1500000US360050083002,0.3333333333333333
1500000US360810665011,0.3333333333333333
1500000US360810687002,0.3333333333333333
1500000US360810183004,0.3333333333333333
1500000US360810515001,0.3333333333333333
1500000US360810677001,0.3333333333333333
1500000US360810506001,0.3333333333333333
1500000US360610238022,0.3333333333333333
1500000US360810058004,0.3333333333333333
1500000US360470830001,0.3333333333333333
1500000US360810404001,0.3333333333333333
1500000US360810025005,0.3333333333333333
1500000US360470422003,0.3333333333333333
1500000US360470441003,0.3333333333333333
1500000US360050431008,0.3333333333333333
1500000US360811417001,0.3333333333333333
1500000US360050279006,0.3333333333333333
1500000US360811507023,0.3333333333333333
1500000US360470336004,0.3333333333333333
1500000US360470408003,0.3333333333333333
1500000US360470169002,0.3333333333333333
1500000US360050379002,0.3333333333333333
1500000US360810164002,0.3333333333333333
1500000US360811551025,0.3333333333333333
1500000US360050204003,0.3333333333333333
1500000US360810097004,0.3333333333333333
1500000US360610153005,0.3333333333333333
1500000US360470428002,0.3333333333333333
1500000US360810306001,0.3333333333333333
1500000US360470549001,0.3333333333333333
1500000US360810235002,0.3333333333333333
1500000US360470456002,0.3333333333333333
1500000US360470515001,0.3333333333333333
1500000US360470502021,0.3333333333333333
1500000US360810595004,0.3333333333333333
1500000US360470427003,0.3333333333333333
1500000US360050343001,0.3333333333333333
1500000US360470500001,0.3333333333333333
1500000US360470392002,0.3333333333333333
1500000US360050241004,0.3333333333333333
1500000US360810151002,0.3333333333333333
1500000US360470432003,0.3333333333333333
1500000US360850128062,0.3333333333333333
1500000US360470204002,0.3333333333333333
1500000US360810709002,0.3333333333333333
1500000US360810545003,0.3333333333333333
1500000US360470102003,0.3333333333333333
1500000US360050345003,0.3333333333333333
1500000US360470414022,0.3333333333333333
1500000US360810448002,0.3333333333333333
1500000US360050449021,0.3333333333333333
1500000US360610138006,0.3333333333333333
1500000US360810181023,0.3333333333333333
1500000US360470262001,0.3333333333333333
1500000US360810526001,0.3333333333333333
1500000US360610022013,0.3333333333333333
1500000US360470140002,0.3333333333333333
1500000US360470052021,0.3333333333333333
1500000US360470288003,0.3333333333333333
1500000US360470512004,0.3333333333333333
1500000US360470440001,0.3333333333333333
1500000US360470197004,0.3333333333333333
1500000US360810656001,0.3333333333333333
1500000US360050245013,0.3333333333333333
1500000US360050263002,0.3333333333333333
1500000US360050405013,0.3333333333333333
1500000US360050444003,0.3333333333333333
1500000US360470501001,0.3333333333333333
1500000US360471162002,0.3333333333333333
1500000US360610078006,0.3333333333333333
1500000US360810534012,0.3333333333333333
1500000US360810243004,0.3333333333333333
1500000US360050267024,0.3333333333333333
1500000US360050050011,0.3333333333333333
1500000US360470544001,0.3333333333333333
1500000US360810884005,0.3333333333333333
1500000US360810507002,0.3333333333333333
1500000US360050076001,0.3333333333333333
1500000US360470214001,0.3333333333333333
1500000US360470174001,0.3333333333333333
1500000US360610154008,0.3333333333333333
1500000US360050285001,0.3333333333333333
1500000US360810997043,0.3333333333333333
1500000US360610287003,0.3333333333333333
1500000US360050407025,0.3333333333333333
1500000US360470610031,0.3333333333333333
1500000US360050098001,0.3333333333333333
1500000US360810111002,0.3333333333333333
1500000US360810120001,0.3333333333333333
1500000US360470928001,0.3333333333333333
1500000US360470535001,0.3333333333333333
1500000US360610163001,0.3333333333333333
1500000US360470988001,0.3333333333333333
1500000US360050285002,0.3333333333333333
1500000US360810271003,0.3333333333333333
1500000US360610039003,0.3333333333333333
1500000US360470298001,0.3333333333333333
1500000US360810112001,0.3333333333333333
1500000US360850231002,0.3333333333333333
1500000US360050028004,0.3333333333333333
1500000US360470399002,0.3333333333333333
1500000US360470126002,0.3333333333333333
1500000US360470330002,0.3333333333333333
1500000US360470543002,0.3333333333333333
1500000US360810309042,0.3333333333333333
1500000US360050431002,0.3333333333333333
1500000US360610066007,0.3333333333333333
1500000US360470428001,0.3333333333333333
1500000US360050092001,0.3333333333333333
1500000US360811085003,0.3333333333333333
1500000US360050216013,0.3333333333333333
1500000US360470426003,0.3333333333333333
1500000US360050229012,0.3333333333333333
1500000US360470311003,0.3333333333333333
1500000US360810285001,0.3333333333333333
1500000US360850277021,0.3333333333333333
1500000US360470203002,0.3333333333333333
1500000US360810145002,0.3333333333333333
1500000US360470497001,0.3333333333333333
1500000US360470480002,0.3333333333333333
1500000US360810717011,0.3333333333333333
1500000US360610108004,0.3333333333333333
1500000US360470424002,0.3333333333333333
1500000US360850277061,0.3333333333333333
1500000US360811227011,0.3333333333333333
1500000US360470511003,0.3333333333333333
1500000US360470696023,0.3333333333333333
1500000US360610169005,0.3333333333333333
1500000US360811123001,0.3333333333333333
1500000US360810309022,0.3333333333333333
1500000US360470131004,0.3333333333333333
1500000US360610265005,0.3333333333333333
1500000US360470866002,0.3333333333333333
1500000US360050090005,0.3333333333333333
1500000US360810775001,0.3333333333333333
1500000US360810997031,0.3333333333333333
1500000US360610220001,0.3333333333333333
1500000US360610048003,0.3333333333333333
1500000US360610277004,0.3333333333333333
1500000US360050024001,0.3333333333333333
1500000US360811099001,0.3333333333333333
1500000US360850146041,0.3333333333333333
1500000US360610087003,0.3333333333333333
1500000US360610157002,0.3333333333333333
1500000US360850169012,0.3333333333333333
1500000US360810583002,0.3333333333333333
1500000US360470148001,0.3333333333333333
1500000US360610118007,0.3333333333333333
1500000US360610136005,0.3333333333333333
1500000US360810238004,0.3333333333333333
1500000US360810135001,0.3333333333333333
1500000US360811113003,0.3333333333333333
1500000US360470136001,0.3333333333333333
1500000US360810671002,0.3333333333333333
1500000US360810650001,0.3333333333333333
1500000US360050132005,0.3333333333333333
1500000US360810367001,0.3333333333333333
1500000US360050118003,0.3333333333333333
1500000US360810865002,0.3333333333333333
1500000US360470586002,0.3333333333333333
1500000US360470208003,0.3333333333333333
1500000US360471210002,0.3333333333333333
1500000US360850251002,0.3333333333333333
1500000US360610160013,0.3333333333333333
1500000US360810107011,0.3333333333333333
1500000US360470746001,0.3333333333333333
1500000US360470996001,0.3333333333333333
1500000US360050039004,0.3333333333333333
1500000US360050183013,0.3333333333333333
1500000US360811157002,0.3333333333333333
1500000US360470090002,0.3333333333333333
1500000US360810265002,0.3333333333333333
1500000US360470211001,0.3333333333333333
1500000US360470826001,0.3333333333333333
1500000US360050338002,0.3333333333333333
1500000US360610243023,0.3333333333333333
1500000US360810404003,0.3333333333333333
1500000US360470137002,0.3333333333333333
1500000US360470230001,0.3333333333333333
1500000US360471158003,0.3333333333333333
1500000US360610191001,0.3333333333333333
1500000US360810178002,0.3333333333333333
1500000US360610008003,0.3333333333333333
1500000US360470228003,0.3333333333333333
1500000US360610159002,0.3333333333333333
1500000US360810554002,0.3333333333333333
1500000US360470272002,0.3333333333333333
1500000US360810687001,0.3333333333333333
1500000US360470383004,0.3333333333333333
1500000US360810100002,0.3333333333333333
1500000US360470768002,0.3333333333333333
1500000US360810063003,0.3333333333333333
1500000US360050016002,0.3333333333333333
1500000US360470596002,0.3333333333333333
1500000US360610236003,0.3333333333333333
1500000US360850134003,0.3333333333333333
1500000US360050098004,0.3333333333333333
1500000US360470290002,0.3333333333333333
1500000US360610134007,0.3333333333333333
1500000US360470264004,0.3333333333333333
1500000US360050413002,0.3333333333333333
1500000US360050484003,0.3333333333333333
1500000US360811159001,0.3333333333333333
1500000US360610060001,0.3333333333333333
1500000US360470510023,0.3333333333333333
1500000US360850170071,0.3333333333333333
1500000US360470518001,0.3333333333333333
1500000US360810560002,0.3333333333333333
1500000US360850017001,0.3333333333333333
1500000US360810437012,0.3333333333333333
1500000US360470232001,0.3333333333333333
1500000US360811159003,0.3333333333333333
1500000US360810505001,0.3333333333333333
1500000US360470160001,0.3333333333333333
1500000US360470060003,0.3333333333333333
1500000US360050130001,0.3333333333333333
1500000US360470284003,0.3333333333333333
1500000US360050135001,0.3333333333333333
1500000US360470045004,0.3333333333333333
1500000US360470289003,0.3333333333333333
1500000US360850138004,0.3333333333333333
1500000US360850132033,0.3333333333333333
1500000US360610036011,0.3333333333333333
1500000US360470472002,0.3333333333333333
1500000US360610098006,0.3333333333333333
1500000US360470165001,0.3333333333333333
1500000US360610093004,0.3333333333333333
1500000US360470824004,0.3333333333333333
1500000US360810220022,0.3333333333333333
1500000US360811571022,0.3333333333333333
1500000US360810981002,0.3333333333333333
1500000US360470184001,0.3333333333333333
1500000US360050147023,0.3333333333333333
1500000US360810485002,0.3333333333333333
1500000US360810097001,0.3333333333333333
1500000US360610169002,0.3333333333333333
1500000US360850277041,0.3333333333333333
1500000US360810169001,0.3333333333333333
1500000US360610277002,0.3333333333333333
1500000US360050398001,0.3333333333333333
1500000US360610187001,0.3333333333333333
1500000US360470954002,0.3333333333333333
1500000US360470140001,0.3333333333333333
1500000US360050096001,0.3333333333333333
1500000US360050205022,0.3333333333333333
1500000US360470966001,0.3333333333333333
1500000US360850097002,0.3333333333333333
1500000US360610265001,0.3333333333333333
1500000US360470416001,0.3333333333333333
1500000US360050399025,0.3333333333333333
1500000US360050210015,0.3333333333333333
1500000US360470204001,0.3333333333333333
1500000US360050281003,0.3333333333333333
1500000US360050289004,0.3333333333333333
1500000US360470760002,0.3333333333333333
1500000US360610247001,0.3333333333333333
1500000US360050419002,0.3333333333333333
1500000US360050373004,0.3333333333333333
1500000US360810398002,0.3333333333333333
1500000US360470688001,0.3333333333333333
1500000US360050225001,0.3333333333333333
1500000US360610089003,0.3333333333333333
1500000US360850251003,0.3333333333333333
1500000US360810443012,0.3333333333333333
1500000US360470286005,0.3333333333333333
1500000US360810400001,0.3333333333333333
1500000US360811059002,0.3333333333333333
1500000US360810088001,0.3333333333333333
1500000US360811159002,0.3333333333333333
1500000US360811141002,0.3333333333333333
1500000US360470373004,0.3333333333333333
1500000US360470171003,0.3333333333333333
1500000US360810437022,0.3333333333333333
1500000US360810105004,0.3333333333333333
1500000US360470508042,0.3333333333333333
1500000US360610140005,0.3333333333333333
1500000US360850303024,0.3333333333333333
1500000US360470890003,0.3333333333333333
1500000US360810334026,0.3333333333333333
1500000US360810007003,0.3333333333333333
1500000US360810558002,0.3333333333333333
1500000US360470598002,0.3333333333333333
1500000US360610144014,0.3333333333333333
1500000US360811367005,0.3333333333333333
1500000US360050415002,0.3333333333333333
1500000US360810779022,0.3333333333333333
1500000US360810407005,0.3333333333333333
1500000US360470482003,0.3333333333333333
1500000US360811459002,0.3333333333333333
1500000US360470472003,0.3333333333333333
1500000US360810522001,0.3333333333333333
1500000US360810176002,0.3333333333333333
1500000US360810134001,0.3333333333333333
1500000US360050370001,0.3333333333333333
1500000US360050381005,0.3333333333333333
1500000US360470370004,0.3333333333333333
1500000US360610152002,0.3333333333333333
1500000US360470431003,0.3333333333333333
1500000US360470232005,0.3333333333333333
1500000US360470149003,0.3333333333333333
1500000US360811147002,0.3333333333333333
1500000US360470049003,0.3333333333333333
1500000US360610241002,0.3333333333333333
1500000US360610090006,0.3333333333333333
1500000US360811059004,0.3333333333333333
1500000US360471162001,0.3333333333333333
1500000US360610108002,0.3333333333333333
1500000US360050340003,0.3333333333333333
1500000US360610181004,0.3333333333333333
1500000US360810156001,0.3333333333333333
1500000US360810632002,0.3333333333333333
1500000US360470167001,0.3333333333333333
1500000US360470138001,0.3333333333333333
1500000US360850050002,0.3333333333333333
1500000US360050318001,0.3333333333333333
1500000US360050210024,0.3333333333333333
1500000US360470560002,0.3333333333333333
1500000US360810814001,0.3333333333333333
1500000US360810660002,0.3333333333333333
1500000US360850132032,0.3333333333333333
1500000US360610086032,0.3333333333333333
1500000US360850059002,0.3333333333333333
1500000US360050157001,0.3333333333333333
1500000US360470411003,0.3333333333333333
1500000US360810697024,0.3333333333333333
1500000US360470565002,0.3333333333333333
1500000US360850070002,0.3333333333333333
1500000US360850291043,0.3333333333333333
1500000US360470314003,0.3333333333333333
1500000US360470782001,0.3333333333333333
1500000US360470476003,0.3333333333333333
1500000US360610279001,0.3333333333333333
1500000US360810667011,0.3333333333333333
1500000US360810493011,0.3333333333333333
1500000US360050098002,0.3333333333333333
1500000US360470054001,0.3333333333333333
1500000US360610012002,0.3333333333333333
1500000US360810621001,0.3333333333333333
1500000US360470610045,0.3333333333333333
1500000US360810058003,0.3333333333333333
1500000US360850147003,0.3333333333333333
1500000US360050415004,0.3333333333333333
1500000US360050328003,0.3333333333333333
1500000US360470516013,0.3333333333333333
1500000US360810657033,0.3333333333333333
1500000US360050516004,0.3333333333333333
1500000US360610136008,0.3333333333333333
1500000US360050041003,0.3333333333333333
1500000US360470472001,0.3333333333333333
1500000US360050403033,0.3333333333333333
1500000US360470155003,0.3333333333333333
1500000US360470444002,0.3333333333333333
1500000US360811097003,0.3333333333333333
1500000US360810803021,0.3333333333333333
1500000US360470339004,0.3333333333333333
1500000US360810707001,0.3333333333333333
1500000US360470301002,0.3333333333333333
1500000US360810363001,0.3333333333333333
1500000US360850170092,0.3333333333333333
1500000US360610167002,0.3333333333333333
1500000US360810204002,0.3333333333333333
1500000US360470045003,0.3333333333333333
1500000US360610210002,0.3333333333333333
1500000US360810043002,0.3333333333333333
1500000US360810220014,0.3333333333333333
1500000US360610188001,0.3333333333333333
1500000US360050028000,0.3333333333333333
1500000US360470539001,0.3333333333333333
1500000US360810840001,0.3333333333333333
1500000US360810198002,0.3333333333333333
1500000US360050426004,0.3333333333333333
1500000US360810695002,0.3333333333333333
1500000US360470064003,0.3333333333333333
1500000US360470266002,0.3333333333333333
1500000US360470418002,0.3333333333333333
1500000US360470557001,0.3333333333333333
1500000US360810358004,0.3333333333333333
1500000US360810939002,0.3333333333333333
1500000US360810291003,0.3333333333333333
1500000US360811227017,0.3333333333333333
1500000US360050151001,0.3333333333333333
1500000US360470523003,0.3333333333333333
1500000US360610269006,0.3333333333333333
1500000US360811377003,0.3333333333333333
1500000US360810132001,0.3333333333333333
1500000US360810645002,0.3333333333333333
1500000US360610269002,0.3333333333333333
1500000US360610128002,0.3333333333333333
1500000US360050227013,0.3333333333333333
1500000US360811347003,0.3333333333333333
1500000US360050340001,0.3333333333333333
1500000US360610040002,0.3333333333333333
1500000US360470066003,0.3333333333333333
1500000US360470563003,0.3333333333333333
1500000US360850177004,0.3333333333333333
1500000US360811072020,0.3333333333333333
1500000US360050183012,0.3333333333333333
1500000US360810499001,0.3333333333333333
1500000US360470329004,0.3333333333333333
1500000US360850170102,0.3333333333333333
1500000US360050087004,0.3333333333333333
1500000US360810485003,0.3333333333333333
1500000US360050181024,0.3333333333333333
1500000US360810934011,0.3333333333333333
1500000US360810859001,0.3333333333333333
1500000US360810179001,0.3333333333333333
1500000US360810814002,0.3333333333333333
1500000US360470572001,0.3333333333333333
1500000US360050205021,0.3333333333333333
1500000US360470702012,0.3333333333333333
1500000US360810558001,0.3333333333333333
1500000US360810637003,0.3333333333333333
1500000US360810259001,0.3333333333333333
1500000US360810142012,0.3333333333333333
1500000US360470416002,0.3333333333333333
1500000US360810331001,0.3333333333333333
1500000US360810928002,0.3333333333333333
1500000US360810635002,0.3333333333333333
1500000US360810616021,0.3333333333333333
1500000US360810108002,0.3333333333333333
1500000US360810279002,0.3333333333333333
1500000US360810997042,0.3333333333333333
1500000US360850146051,0.3333333333333333
1500000US360050132001,0.3333333333333333
1500000US360810134004,0.3333333333333333
1500000US360810594001,0.3333333333333333
1500000US360610247004,0.3333333333333333
1500000US360470744002,0.3333333333333333
1500000US360810071002,0.3333333333333333
1500000US360810973000,0.3333333333333333
1500000US360810840002,0.3333333333333333
1500000US360610134004,0.3333333333333333
1500000US360470342004,0.3333333333333333
1500000US360050436002,0.3333333333333333
1500000US360610016002,0.3333333333333333
1500000US360050074002,0.3333333333333333
1500000US360811039003,0.3333333333333333
1500000US360610106012,0.3333333333333333
1500000US360811571011,0.3333333333333333
1500000US360810664006,0.3333333333333333
