AFFGEOID,count
1500000US360471164001,528.6666666666666
1500000US360050039003,349.3333333333333
1500000US360050424001,321.0
1500000US360470363001,298.0
1500000US360050046001,275.3333333333333
1500000US360810871002,268.6666666666667
1500000US360050425003,252.33333333333334
1500000US360810334021,249.0
1500000US360050381003,247.66666666666666
1500000US360050221013,240.66666666666666
1500000US360850007004,236.66666666666666
1500000US360810460003,231.0
1500000US360470824003,230.0
1500000US360050089002,224.66666666666666
1500000US360050165001,209.0
1500000US360050141003,203.33333333333334
1500000US360810560001,198.66666666666666
1500000US360810351001,181.0
1500000US360810125001,173.33333333333334
1500000US360470263001,171.66666666666666
1500000US360810465002,170.66666666666666
1500000US360050093006,164.66666666666666
1500000US360470309002,163.33333333333334
1500000US360470511001,161.0
1500000US360050296002,160.33333333333334
1500000US360811010014,160.0
1500000US360470433002,155.33333333333334
1500000US360470354002,149.0
1500000US360610228003,148.66666666666666
1500000US360470480001,142.33333333333334
1500000US360470307003,139.0
1500000US360470397003,137.66666666666666
1500000US360470331003,132.66666666666666
1500000US360610166002,132.33333333333334
1500000US360610196002,131.33333333333334
1500000US360810112002,128.33333333333334
1500000US360811227022,127.33333333333333
1500000US360470101003,127.0
1500000US360050127012,126.33333333333333
1500000US360810581001,125.0
1500000US360810122001,120.0
1500000US360470584002,120.0
1500000US360610061003,115.0
1500000US360610271003,111.33333333333333
1500000US360810711002,108.0
1500000US360610012001,106.33333333333333
1500000US360050166001,104.0
1500000US360470015001,100.33333333333333
1500000US360610029001,100.0
1500000US360471098002,95.33333333333333
1500000US360610257001,93.33333333333333
1500000US360470282002,91.33333333333333
1500000US360610253003,91.0
1500000US360610073001,86.33333333333333
1500000US360470205003,85.66666666666667
1500000US360610064002,85.66666666666667
1500000US360470740001,83.66666666666667
1500000US360470350002,82.0
1500000US360610189006,81.66666666666667
1500000US360610219004,80.0
1500000US360050287001,78.33333333333333
1500000US360810007004,77.0
1500000US360610038005,76.0
1500000US360470233002,75.33333333333333
1500000US360610139004,74.66666666666667
1500000US360850303012,73.33333333333333
1500000US360610111001,72.0
1500000US360610031001,71.66666666666667
1500000US360470041001,69.33333333333333
1500000US360610235013,69.0
1500000US360470242001,67.66666666666667
1500000US360610087005,67.66666666666667
1500000US360610120001,65.66666666666667
1500000US360810942022,63.666666666666664
1500000US360050183021,57.666666666666664
1500000US360470070001,56.0
1500000US360610029003,56.0
1500000US360050229011,55.0
1500000US360610182002,54.666666666666664
1500000US360050220001,53.0
1500000US360610033003,51.666666666666664
1500000US360610115001,50.666666666666664
1500000US360610196003,45.333333333333336
1500000US360470063001,44.333333333333336
1500000US360470561003,44.0
1500000US360470808001,44.0
1500000US360470129021,43.666666666666664
1500000US360470037001,43.333333333333336
1500000US360810757011,41.0
1500000US360610101001,39.333333333333336
1500000US360610240001,38.333333333333336
1500000US360610169004,37.666666666666664
1500000US360470011001,36.0
1500000US360050065002,35.666666666666664
1500000US360850112021,34.333333333333336
1500000US360050071002,34.0
1500000US360811471002,31.0
1500000US360471164002,31.0
1500000US360470924001,30.666666666666668
1500000US360610100002,30.666666666666668
1500000US360810713052,30.333333333333332
1500000US360610196001,30.333333333333332
1500000US360050069002,27.666666666666668
1500000US360050284001,26.666666666666668
1500000US360850003002,26.333333333333332
1500000US360610194004,26.0
1500000US360050065004,25.0
1500000US360610066008,23.666666666666668
1500000US360610243021,23.0
1500000US360610033001,22.333333333333332
1500000US360610092001,22.333333333333332
1500000US360050435001,22.333333333333332
1500000US360850021003,22.0
1500000US360610109001,21.0
1500000US360610029004,20.666666666666668
1500000US360471134001,20.333333333333332
1500000US360810216001,20.333333333333332
1500000US360050221011,20.0
1500000US360470285021,20.0
1500000US360050051002,20.0
1500000US360470015002,19.666666666666668
1500000US360810964002,19.333333333333332
1500000US360610143001,19.0
1500000US360470315004,18.666666666666668
1500000US360050183022,18.0
1500000US360810405002,18.0
1500000US360050053001,18.0
1500000US360050385004,18.0
1500000US360610119002,18.0
1500000US360610133005,18.0
1500000US360470359003,17.666666666666668
1500000US360470389001,17.333333333333332
1500000US360610121001,17.333333333333332
1500000US360811032013,17.333333333333332
1500000US360050185001,17.333333333333332
1500000US360050381004,17.333333333333332
1500000US360811008021,17.0
1500000US360810212001,16.666666666666668
1500000US360610259001,16.666666666666668
1500000US360470908001,16.666666666666668
1500000US360050381006,16.666666666666668
1500000US360810142021,16.333333333333332
1500000US360810938003,16.333333333333332
1500000US360050265001,16.333333333333332
1500000US360810240002,16.0
1500000US360050334001,16.0
1500000US360610251001,16.0
1500000US360610219001,15.666666666666666
1500000US360470892003,15.333333333333334
1500000US360610212002,15.333333333333334
1500000US360470043001,15.333333333333334
1500000US360610222002,15.333333333333334
1500000US360610186001,15.0
1500000US360050065001,15.0
1500000US360811032024,14.666666666666666
1500000US360050039005,14.666666666666666
1500000US360610192001,14.666666666666666
1500000US360610066009,14.666666666666666
1500000US360810446021,14.666666666666666
1500000US360810865001,14.333333333333334
1500000US360050054002,14.333333333333334
1500000US360470908003,14.333333333333334
1500000US360050129012,14.333333333333334
1500000US360810446011,14.0
1500000US360610115002,14.0
1500000US360610210004,13.666666666666666
1500000US360610182001,13.666666666666666
1500000US360050063001,13.333333333333334
1500000US360850248001,13.333333333333334
1500000US360050063002,13.333333333333334
1500000US360810462002,13.333333333333334
1500000US360050185003,13.333333333333334
1500000US360810443023,13.0
1500000US360470033002,13.0
1500000US360470326005,13.0
1500000US360850006001,13.0
1500000US360610099001,12.666666666666666
1500000US360810267002,12.666666666666666
1500000US360610190001,12.666666666666666
1500000US360050041004,12.666666666666666
1500000US360610198001,12.666666666666666
1500000US360470326003,12.666666666666666
1500000US360470013001,12.666666666666666
1500000US360610030012,12.666666666666666
1500000US360050177022,12.333333333333334
1500000US360050043002,12.333333333333334
1500000US360850003001,12.333333333333334
1500000US360050394002,12.333333333333334
1500000US360050201001,12.333333333333334
1500000US360810998021,12.333333333333334
1500000US360470177001,12.333333333333334
1500000US360470974001,12.333333333333334
1500000US360470365021,12.0
1500000US360050399015,12.0
1500000US360810077001,12.0
1500000US360610162003,12.0
1500000US360470084003,12.0
1500000US360470794001,11.666666666666666
1500000US360050462011,11.666666666666666
1500000US360050145004,11.666666666666666
1500000US360050380003,11.666666666666666
1500000US360610166005,11.333333333333334
1500000US360050237031,11.333333333333334
1500000US360470217002,11.333333333333334
1500000US360810638002,11.333333333333334
1500000US360050048001,11.333333333333334
1500000US360610194001,11.333333333333334
1500000US360811032012,11.333333333333334
1500000US360610299002,11.333333333333334
1500000US360470924002,11.0
1500000US360050418001,11.0
1500000US360810214003,11.0
1500000US360471200002,11.0
1500000US360811008023,11.0
1500000US360810383021,11.0
1500000US360050063006,10.666666666666666
1500000US360810992001,10.666666666666666
1500000US360471144001,10.666666666666666
1500000US360610156021,10.666666666666666
1500000US360471208002,10.666666666666666
1500000US360810942021,10.666666666666666
1500000US360470572002,10.666666666666666
1500000US360470890006,10.666666666666666
1500000US360850207001,10.666666666666666
1500000US360470433001,10.333333333333334
1500000US360050395004,10.333333333333334
1500000US360050073002,10.333333333333334
1500000US360050239004,10.333333333333334
1500000US360050420002,10.333333333333334
1500000US360471034001,10.333333333333334
1500000US360850021002,10.333333333333334
1500000US360050147012,10.333333333333334
1500000US360050159001,10.333333333333334
1500000US360610265002,10.333333333333334
1500000US360810998013,10.333333333333334
1500000US360470022001,10.333333333333334
1500000US360610226003,10.333333333333334
1500000US360050155002,10.0
1500000US360050075002,10.0
1500000US360050239001,10.0
1500000US360810273004,10.0
1500000US360050062003,10.0
1500000US360470297002,10.0
1500000US360810972021,10.0
1500000US360811032011,10.0
1500000US360850323001,10.0
1500000US360050062004,10.0
1500000US360610071005,10.0
1500000US360850067001,10.0
1500000US360470491002,10.0
1500000US360470018001,10.0
1500000US360811227013,9.666666666666666
1500000US360470906002,9.666666666666666
1500000US360610209011,9.666666666666666
1500000US360470351002,9.666666666666666
1500000US360610081006,9.666666666666666
1500000US360811032021,9.666666666666666
1500000US360610135002,9.666666666666666
1500000US360470227004,9.666666666666666
1500000US360050219001,9.666666666666666
1500000US360610048005,9.333333333333334
1500000US360470085001,9.333333333333334
1500000US360610129002,9.333333333333334
1500000US360810275003,9.333333333333334
1500000US360610182003,9.333333333333334
1500000US360810454001,9.333333333333334
1500000US360810375002,9.333333333333334
1500000US360810446012,9.333333333333334
1500000US360050245011,9.333333333333334
1500000US360810964001,9.333333333333334
1500000US360471124002,9.333333333333334
1500000US360471196004,9.333333333333334
1500000US360810037001,9.333333333333334
1500000US360610052001,9.333333333333334
1500000US360810462003,9.333333333333334
1500000US360610076001,9.333333333333334
1500000US360610174021,9.333333333333334
1500000US360050079001,9.333333333333334
1500000US360050373003,9.333333333333334
1500000US360610188003,9.333333333333334
1500000US360470251003,9.333333333333334
1500000US360810065013,9.333333333333334
1500000US360610259002,9.0
1500000US360810465001,9.0
1500000US360050263001,9.0
1500000US360610113001,9.0
1500000US360470790002,9.0
1500000US360470035001,9.0
1500000US360470379003,9.0
1500000US360810100001,9.0
1500000US360810972034,9.0
1500000US360610242003,9.0
1500000US360050039002,9.0
1500000US360471104002,9.0
1500000US360050153001,9.0
1500000US360050054004,9.0
1500000US360050237032,9.0
1500000US360470029012,9.0
1500000US360610172002,8.666666666666666
1500000US360050073001,8.666666666666666
1500000US360610024001,8.666666666666666
1500000US360610091001,8.666666666666666
1500000US360470015003,8.666666666666666
1500000US360470796022,8.666666666666666
1500000US360050265003,8.666666666666666
1500000US360471220002,8.666666666666666
1500000US360470002001,8.666666666666666
1500000US360050050013,8.666666666666666
1500000US360810155002,8.666666666666666
1500000US360050380004,8.666666666666666
1500000US360610229003,8.666666666666666
1500000US360610237003,8.666666666666666
1500000US360050070001,8.666666666666666
1500000US360810871001,8.666666666666666
1500000US360470249004,8.666666666666666
1500000US360810087001,8.666666666666666
1500000US360050027023,8.666666666666666
1500000US360050199004,8.666666666666666
1500000US360470508012,8.666666666666666
1500000US360610172001,8.666666666666666
1500000US360610231003,8.666666666666666
1500000US360810463001,8.666666666666666
1500000US360050225004,8.666666666666666
1500000US360050019001,8.666666666666666
1500000US360610129001,8.666666666666666
1500000US360850133022,8.333333333333334
1500000US360810444002,8.333333333333334
1500000US360050387001,8.333333333333334
1500000US360050231001,8.333333333333334
1500000US360810285004,8.333333333333334
1500000US360610079001,8.333333333333334
1500000US360610235021,8.333333333333334
1500000US360610232001,8.333333333333334
1500000US360050110001,8.333333333333334
1500000US360610103001,8.333333333333334
1500000US360470247001,8.333333333333334
1500000US360610217031,8.333333333333334
1500000US360470485002,8.333333333333334
1500000US360470255001,8.333333333333334
1500000US360471122001,8.0
1500000US360811567001,8.0
1500000US360610172003,8.0
1500000US360610216001,8.0
1500000US360050153003,8.0
1500000US360810972032,8.0
1500000US360610010023,8.0
1500000US360050041002,8.0
1500000US360610299001,8.0
1500000US360050019003,8.0
1500000US360470572001,8.0
1500000US360810375001,8.0
1500000US360610223012,8.0
1500000US360470387002,8.0
1500000US360610030011,8.0
1500000US360470512001,8.0
1500000US360050240001,8.0
1500000US360050255001,8.0
1500000US360850319011,8.0
1500000US360470489001,8.0
1500000US360810208001,8.0
1500000US360610172004,8.0
1500000US360610230004,8.0
1500000US360050393002,8.0
1500000US360050374002,8.0
1500000US360050484002,8.0
1500000US360050151003,8.0
1500000US360050405011,8.0
1500000US360610245006,8.0
1500000US360810452001,8.0
1500000US360610018005,8.0
1500000US360470367001,8.0
1500000US360610263001,8.0
1500000US360610188002,7.666666666666667
1500000US360471156001,7.666666666666667
1500000US360050429021,7.666666666666667
1500000US360810500002,7.666666666666667
1500000US360610182005,7.666666666666667
1500000US360050239003,7.666666666666667
1500000US360471134003,7.666666666666667
1500000US360050173004,7.666666666666667
1500000US360050408004,7.666666666666667
1500000US360050141001,7.666666666666667
1500000US360050241003,7.666666666666667
1500000US360470247002,7.666666666666667
1500000US360610018002,7.666666666666667
1500000US360810043001,7.666666666666667
1500000US360470810002,7.666666666666667
1500000US360050035001,7.666666666666667
1500000US360470259021,7.666666666666667
1500000US360050151004,7.666666666666667
1500000US360470908002,7.666666666666667
1500000US360050043001,7.666666666666667
1500000US360470367002,7.666666666666667
1500000US360050239002,7.666666666666667
1500000US360050336001,7.666666666666667
1500000US360050390002,7.666666666666667
1500000US360050392002,7.666666666666667
1500000US360810444001,7.666666666666667
1500000US360470129011,7.666666666666667
1500000US360610224002,7.666666666666667
1500000US360050283001,7.666666666666667
1500000US360050421001,7.666666666666667
1500000US360471152002,7.666666666666667
1500000US360050025001,7.666666666666667
1500000US360810403001,7.666666666666667
1500000US360050375041,7.666666666666667
1500000US360050255002,7.666666666666667
1500000US360471104004,7.666666666666667
1500000US360050183011,7.666666666666667
1500000US360471144003,7.666666666666667
1500000US360050067002,7.333333333333333
1500000US360810401002,7.333333333333333
1500000US360050193004,7.333333333333333
1500000US360050401002,7.333333333333333
1500000US360810087002,7.333333333333333
1500000US360470031003,7.333333333333333
1500000US360050407022,7.333333333333333
1500000US360810460002,7.333333333333333
1500000US360610184001,7.333333333333333
1500000US360470357001,7.333333333333333
1500000US360810992002,7.333333333333333
1500000US360610049001,7.333333333333333
1500000US360810942011,7.333333333333333
1500000US360470325003,7.333333333333333
1500000US360050431005,7.333333333333333
1500000US360470508031,7.333333333333333
1500000US360610026011,7.333333333333333
1500000US360610236003,7.333333333333333
1500000US360610009001,7.333333333333333
1500000US360810287003,7.333333333333333
1500000US360610013001,7.333333333333333
1500000US360810033001,7.333333333333333
1500000US360610235012,7.333333333333333
1500000US360050458002,7.333333333333333
1500000US360470029011,7.333333333333333
1500000US360610232004,7.333333333333333
1500000US360471174002,7.333333333333333
1500000US360610237001,7.333333333333333
1500000US360470820001,7.333333333333333
1500000US360470920002,7.333333333333333
1500000US360470114003,7.333333333333333
1500000US360470912003,7.333333333333333
1500000US360050243001,7.333333333333333
1500000US360610225001,7.333333333333333
1500000US360050401005,7.0
1500000US360610219003,7.0
1500000US360610014022,7.0
1500000US360610026022,7.0
1500000US360470439003,7.0
1500000US360610293004,7.0
1500000US360470074001,7.0
1500000US360850207004,7.0
1500000US360050462021,7.0
1500000US360810401001,7.0
1500000US360470076003,7.0
1500000US360050287003,7.0
1500000US360050167002,7.0
1500000US360610166001,7.0
1500000US360610022012,7.0
1500000US360050224012,7.0
1500000US360050385001,7.0
1500000US360050020003,7.0
1500000US360610229005,7.0
1500000US360471156004,7.0
1500000US360470916004,7.0
1500000US360810633011,7.0
1500000US360050421002,7.0
1500000US360610183004,7.0
1500000US360610119001,7.0
1500000US360810405001,7.0
1500000US360610211005,7.0
1500000US360471070001,7.0
1500000US360850303024,7.0
1500000US360050420001,7.0
1500000US360050195002,7.0
1500000US360050143001,6.666666666666667
1500000US360470886002,6.666666666666667
1500000US360050157002,6.666666666666667
1500000US360610242001,6.666666666666667
1500000US360810047002,6.666666666666667
1500000US360470868003,6.666666666666667
1500000US360470185012,6.666666666666667
1500000US360050391004,6.666666666666667
1500000US360471126002,6.666666666666667
1500000US360850007001,6.666666666666667
1500000US360810972033,6.666666666666667
1500000US360610121004,6.666666666666667
1500000US360610271002,6.666666666666667
1500000US360470563002,6.666666666666667
1500000US360050067001,6.666666666666667
1500000US360050067004,6.666666666666667
1500000US360050087001,6.666666666666667
1500000US360471116002,6.666666666666667
1500000US360811010022,6.666666666666667
1500000US360610125001,6.666666666666667
1500000US360050227021,6.666666666666667
1500000US360470381002,6.666666666666667
1500000US360810289003,6.666666666666667
1500000US360610208002,6.666666666666667
1500000US360610072004,6.666666666666667
1500000US360810098001,6.666666666666667
1500000US360610066001,6.666666666666667
1500000US360470510012,6.666666666666667
1500000US360471146002,6.333333333333333
1500000US360610062001,6.333333333333333
1500000US360050149002,6.333333333333333
1500000US360810889016,6.333333333333333
1500000US360050077001,6.333333333333333
1500000US360470303003,6.333333333333333
1500000US360610221022,6.333333333333333
1500000US360610222001,6.333333333333333
1500000US360850198004,6.333333333333333
1500000US360470309001,6.333333333333333
1500000US360610022014,6.333333333333333
1500000US360610188001,6.333333333333333
1500000US360850231001,6.333333333333333
1500000US360050048002,6.333333333333333
1500000US360050125001,6.333333333333333
1500000US360050050023,6.333333333333333
1500000US360850077001,6.333333333333333
1500000US360610226001,6.333333333333333
1500000US360050216011,6.333333333333333
1500000US360470792003,6.333333333333333
1500000US360050068003,6.333333333333333
1500000US360050403041,6.333333333333333
1500000US360810240001,6.333333333333333
1500000US360810972041,6.333333333333333
1500000US360470311001,6.333333333333333
1500000US360050265004,6.333333333333333
1500000US360050229012,6.333333333333333
1500000US360471106001,6.333333333333333
1500000US360050371002,6.333333333333333
1500000US360610151002,6.333333333333333
1500000US360810273003,6.333333333333333
1500000US360470084002,6.333333333333333
1500000US360471194001,6.333333333333333
1500000US360470506001,6.333333333333333
1500000US360810379001,6.333333333333333
1500000US360610147001,6.333333333333333
1500000US360810379002,6.333333333333333
1500000US360050399012,6.333333333333333
1500000US360050251003,6.333333333333333
1500000US360470910001,6.333333333333333
1500000US360050076004,6.333333333333333
1500000US360610168002,6.333333333333333
1500000US360810440003,6.333333333333333
1500000US360610073004,6.333333333333333
1500000US360470912002,6.333333333333333
1500000US360471128002,6.333333333333333
1500000US360471208003,6.333333333333333
1500000US360470876001,6.333333333333333
1500000US360050221023,6.333333333333333
1500000US360050147013,6.333333333333333
1500000US360810365002,6.333333333333333
1500000US360610006001,6.333333333333333
1500000US360050062002,6.333333333333333
1500000US360610090001,6.333333333333333
1500000US360810463002,6.333333333333333
1500000US360810458001,6.333333333333333
1500000US360050230001,6.0
1500000US360470393003,6.0
1500000US360470122001,6.0
1500000US360050375042,6.0
1500000US360610215002,6.0
1500000US360470265002,6.0
1500000US360610016001,6.0
1500000US360471180001,6.0
1500000US360050141002,6.0
1500000US360470401003,6.0
1500000US360050195001,6.0
1500000US360850239001,6.0
1500000US360050144003,6.0
1500000US360050129011,6.0
1500000US360470359002,6.0
1500000US360610018003,6.0
1500000US360050123001,6.0
1500000US360050119001,6.0
1500000US360610083003,6.0
1500000US360610087002,6.0
1500000US360810549004,6.0
1500000US360810869001,6.0
1500000US360050027012,6.0
1500000US360050431004,6.0
1500000US360050215023,6.0
1500000US360470283001,6.0
1500000US360610114021,6.0
1500000US360470287001,6.0
1500000US360471124003,6.0
1500000US360470330003,6.0
1500000US360810683002,6.0
1500000US360470326001,6.0
1500000US360050399011,6.0
1500000US360850070001,6.0
1500000US360050189001,6.0
1500000US360050225002,6.0
1500000US360471182022,6.0
1500000US360610038001,6.0
1500000US360050177012,6.0
1500000US360810942031,6.0
1500000US360050041001,6.0
1500000US360470342001,6.0
1500000US360610026021,6.0
1500000US360810158023,6.0
1500000US360610065001,6.0
1500000US360050378003,6.0
1500000US360470326002,6.0
1500000US360610187005,6.0
1500000US360610007001,6.0
1500000US360810283004,6.0
1500000US360470355001,6.0
1500000US360850207002,6.0
1500000US360470403002,6.0
1500000US360050171001,6.0
1500000US360050043004,6.0
1500000US360610283002,6.0
1500000US360470826003,6.0
1500000US360610184004,6.0
1500000US360610194003,6.0
1500000US360050050021,6.0
1500000US360050338001,6.0
1500000US360470794002,6.0
1500000US360610036013,5.666666666666667
1500000US360810143002,5.666666666666667
1500000US360610127003,5.666666666666667
1500000US360610228001,5.666666666666667
1500000US360810809007,5.666666666666667
1500000US360850008001,5.666666666666667
1500000US360850213002,5.666666666666667
1500000US360050042004,5.666666666666667
1500000US360050076005,5.666666666666667
1500000US360610083002,5.666666666666667
1500000US360050035002,5.666666666666667
1500000US360810853002,5.666666666666667
1500000US360050235011,5.666666666666667
1500000US360050348001,5.666666666666667
1500000US360610231001,5.666666666666667
1500000US360610174013,5.666666666666667
1500000US360050224032,5.666666666666667
1500000US360050253002,5.666666666666667
1500000US360470507001,5.666666666666667
1500000US360050179011,5.666666666666667
1500000US360470786002,5.666666666666667
1500000US360810266001,5.666666666666667
1500000US360050033003,5.666666666666667
1500000US360610203002,5.666666666666667
1500000US360050090003,5.666666666666667
1500000US360610293005,5.666666666666667
1500000US360050405022,5.666666666666667
1500000US360610191006,5.666666666666667
1500000US360610224001,5.666666666666667
1500000US360470886001,5.666666666666667
1500000US360470878003,5.666666666666667
1500000US360050023001,5.666666666666667
1500000US360810208002,5.666666666666667
1500000US360470308001,5.666666666666667
1500000US360050235021,5.666666666666667
1500000US360050239006,5.666666666666667
1500000US360470374013,5.666666666666667
1500000US360471172012,5.666666666666667
1500000US360810254003,5.666666666666667
1500000US360471214001,5.666666666666667
1500000US360050217004,5.666666666666667
1500000US360050119004,5.666666666666667
1500000US360610243013,5.666666666666667
1500000US360610050003,5.666666666666667
1500000US360050233021,5.666666666666667
1500000US360471128003,5.666666666666667
1500000US360810163003,5.666666666666667
1500000US360050062001,5.666666666666667
1500000US360810269022,5.666666666666667
1500000US360470912001,5.666666666666667
1500000US360050414001,5.666666666666667
1500000US360471156003,5.666666666666667
1500000US360050179013,5.666666666666667
1500000US360050383021,5.333333333333333
1500000US360810954003,5.333333333333333
1500000US360850011002,5.333333333333333
1500000US360850040003,5.333333333333333
1500000US360470884002,5.333333333333333
1500000US360610164004,5.333333333333333
1500000US360610261005,5.333333333333333
1500000US360850128041,5.333333333333333
1500000US360470149002,5.333333333333333
1500000US360810845003,5.333333333333333
1500000US360471104001,5.333333333333333
1500000US360810194002,5.333333333333333
1500000US360610245007,5.333333333333333
1500000US360850040002,5.333333333333333
1500000US360810184011,5.333333333333333
1500000US360610212001,5.333333333333333
1500000US360470798023,5.333333333333333
1500000US360050363006,5.333333333333333
1500000US360610025002,5.333333333333333
1500000US360810283003,5.333333333333333
1500000US360050373004,5.333333333333333
1500000US360050197003,5.333333333333333
1500000US360470291001,5.333333333333333
1500000US360470269003,5.333333333333333
1500000US360050216012,5.333333333333333
1500000US360810407001,5.333333333333333
1500000US360050363004,5.333333333333333
1500000US360050404001,5.333333333333333
1500000US360471237003,5.333333333333333
1500000US360050189003,5.333333333333333
1500000US360610309001,5.333333333333333
1500000US360470425003,5.333333333333333
1500000US360610058001,5.333333333333333
1500000US360050373002,5.333333333333333
1500000US360810479002,5.333333333333333
1500000US360050397002,5.333333333333333
1500000US360811010011,5.333333333333333
1500000US360470076001,5.333333333333333
1500000US360470078001,5.333333333333333
1500000US360810357001,5.333333333333333
1500000US360050216022,5.333333333333333
1500000US360610183001,5.333333333333333
1500000US360471126001,5.333333333333333
1500000US360850027001,5.333333333333333
1500000US360050133001,5.333333333333333
1500000US360050383011,5.333333333333333
1500000US360050232002,5.333333333333333
1500000US360050421004,5.333333333333333
1500000US360470235001,5.333333333333333
1500000US360050368001,5.333333333333333
1500000US360810277004,5.333333333333333
1500000US360811551023,5.333333333333333
1500000US360470271001,5.333333333333333
1500000US360470892002,5.333333333333333
1500000US360610180001,5.333333333333333
1500000US360050133002,5.333333333333333
1500000US360470241002,5.333333333333333
1500000US360050227013,5.333333333333333
1500000US360050253004,5.333333333333333
1500000US360050225001,5.333333333333333
1500000US360810470002,5.333333333333333
1500000US360471166002,5.333333333333333
1500000US360610028004,5.333333333333333
1500000US360810399003,5.333333333333333
1500000US360470362001,5.333333333333333
1500000US360050369022,5.333333333333333
1500000US360810271001,5.333333333333333
1500000US360610218003,5.333333333333333
1500000US360050403021,5.333333333333333
1500000US360050083004,5.333333333333333
1500000US360050177013,5.0
1500000US360470570004,5.0
1500000US360810278002,5.0
1500000US360810925002,5.0
1500000US360470910003,5.0
1500000US360470340001,5.0
1500000US360470349002,5.0
1500000US360050462013,5.0
1500000US360470437002,5.0
1500000US360050235024,5.0
1500000US360850029001,5.0
1500000US360810954001,5.0
1500000US360610233003,5.0
1500000US360610131002,5.0
1500000US360470698002,5.0
1500000US360610200002,5.0
1500000US360470449001,5.0
1500000US360470351003,5.0
1500000US360470505003,5.0
1500000US360050421003,5.0
1500000US360470273003,5.0
1500000US360470429001,5.0
1500000US360610121005,5.0
1500000US360050073003,5.0
1500000US360470301003,5.0
1500000US360050163001,5.0
1500000US360470511002,5.0
1500000US360050023002,5.0
1500000US360050149003,5.0
1500000US360050245021,5.0
1500000US360050123002,5.0
1500000US360610223013,5.0
1500000US360850064003,5.0
1500000US360050431003,5.0
1500000US360050221012,5.0
1500000US360811010013,5.0
1500000US360050145001,5.0
1500000US360470545005,5.0
1500000US360610010022,5.0
1500000US360470353001,5.0
1500000US360610164003,5.0
1500000US360470085003,5.0
1500000US360810799001,5.0
1500000US360811227021,5.0
1500000US360050237021,5.0
1500000US360470525001,5.0
1500000US360050121021,5.0
1500000US360471202001,5.0
1500000US360810363002,5.0
1500000US360470493001,5.0
1500000US360050044004,5.0
1500000US360610159005,5.0
1500000US360050407023,5.0
1500000US360050157003,5.0
1500000US360610233001,5.0
1500000US360850029002,5.0
1500000US360050135003,5.0
1500000US360470082002,5.0
1500000US360470213001,5.0
1500000US360470527003,5.0
1500000US360050195003,5.0
1500000US360470958002,5.0
1500000US360610239002,5.0
1500000US360810444003,5.0
1500000US360470330001,5.0
1500000US360850009002,5.0
1500000US360050406003,5.0
1500000US360810409001,5.0
1500000US360810156002,5.0
1500000US360050243004,5.0
1500000US360050233013,5.0
1500000US360050373001,5.0
1500000US360610253004,5.0
1500000US360610179006,5.0
1500000US360470277001,5.0
1500000US360470864002,5.0
1500000US360470552003,5.0
1500000US360610016003,5.0
1500000US360470311002,5.0
1500000US360810019001,5.0
1500000US360470299002,5.0
1500000US360810853001,4.666666666666667
1500000US360470896003,4.666666666666667
1500000US360810267003,4.666666666666667
1500000US360470271002,4.666666666666667
1500000US360470104003,4.666666666666667
1500000US360610215001,4.666666666666667
1500000US360470393002,4.666666666666667
1500000US360050065003,4.666666666666667
1500000US360610097002,4.666666666666667
1500000US360610251002,4.666666666666667
1500000US360810277005,4.666666666666667
1500000US360610297001,4.666666666666667
1500000US360050285004,4.666666666666667
1500000US360810088001,4.666666666666667
1500000US360050359001,4.666666666666667
1500000US360050406001,4.666666666666667
1500000US360050197001,4.666666666666667
1500000US360610197011,4.666666666666667
1500000US360610008006,4.666666666666667
1500000US360610197021,4.666666666666667
1500000US360050383022,4.666666666666667
1500000US360470862003,4.666666666666667
1500000US360050269001,4.666666666666667
1500000US360610232003,4.666666666666667
1500000US360050374001,4.666666666666667
1500000US360050330003,4.666666666666667
1500000US360610052002,4.666666666666667
1500000US360050064004,4.666666666666667
1500000US360050173003,4.666666666666667
1500000US360050267012,4.666666666666667
1500000US360470241001,4.666666666666667
1500000US360610245003,4.666666666666667
1500000US360810166001,4.666666666666667
1500000US360810279003,4.666666666666667
1500000US360810954002,4.666666666666667
1500000US360850105005,4.666666666666667
1500000US360470351001,4.666666666666667
1500000US360610104001,4.666666666666667
1500000US360050361003,4.666666666666667
1500000US360610228002,4.666666666666667
1500000US360470802002,4.666666666666667
1500000US360471152003,4.666666666666667
1500000US360810403002,4.666666666666667
1500000US360050403032,4.666666666666667
1500000US360471104003,4.666666666666667
1500000US360050069001,4.666666666666667
1500000US360050233022,4.666666666666667
1500000US360610170002,4.666666666666667
1500000US360810246001,4.666666666666667
1500000US360050379005,4.666666666666667
1500000US360810236002,4.666666666666667
1500000US360050205011,4.666666666666667
1500000US360610245001,4.666666666666667
1500000US360470828003,4.666666666666667
1500000US360610027001,4.666666666666667
1500000US360470375002,4.666666666666667
1500000US360610291006,4.666666666666667
1500000US360050386007,4.666666666666667
1500000US360610253006,4.666666666666667
1500000US360050115021,4.666666666666667
1500000US360610077001,4.666666666666667
1500000US360470278002,4.666666666666667
1500000US360610125002,4.666666666666667
1500000US360810258001,4.666666666666667
1500000US360050201002,4.666666666666667
1500000US360810096001,4.666666666666667
1500000US360470187001,4.666666666666667
1500000US360050389003,4.666666666666667
1500000US360810058001,4.666666666666667
1500000US360610047002,4.666666666666667
1500000US360470076002,4.666666666666667
1500000US360811267002,4.666666666666667
1500000US360610164002,4.666666666666667
1500000US360610245004,4.666666666666667
1500000US360610201021,4.666666666666667
1500000US360470495002,4.666666666666667
1500000US360610218004,4.666666666666667
1500000US360470307001,4.666666666666667
1500000US360470072001,4.666666666666667
1500000US360610224003,4.666666666666667
1500000US360470956002,4.666666666666667
1500000US360050442002,4.666666666666667
1500000US360610269003,4.666666666666667
1500000US360050221021,4.666666666666667
1500000US360610191005,4.666666666666667
1500000US360050218002,4.666666666666667
1500000US360610135001,4.666666666666667
1500000US360610170004,4.666666666666667
1500000US360610271004,4.666666666666667
1500000US360470788001,4.666666666666667
1500000US360810204001,4.666666666666667
1500000US360050399021,4.666666666666667
1500000US360470355003,4.666666666666667
1500000US360610249001,4.666666666666667
1500000US360050253001,4.666666666666667
1500000US360050217002,4.666666666666667
1500000US360810263001,4.666666666666667
1500000US360470520002,4.666666666666667
1500000US360470363003,4.666666666666667
1500000US360050161004,4.666666666666667
1500000US360610293001,4.333333333333333
1500000US360610236001,4.333333333333333
1500000US360050434002,4.333333333333333
1500000US360810282001,4.333333333333333
1500000US360471196001,4.333333333333333
1500000US360610054003,4.333333333333333
1500000US360050399023,4.333333333333333
1500000US360810110002,4.333333333333333
1500000US360610168001,4.333333333333333
1500000US360050426001,4.333333333333333
1500000US360610152002,4.333333333333333
1500000US360470982002,4.333333333333333
1500000US360810001001,4.333333333333333
1500000US360050401003,4.333333333333333
1500000US360470880001,4.333333333333333
1500000US360050403043,4.333333333333333
1500000US360050035003,4.333333333333333
1500000US360470179002,4.333333333333333
1500000US360610022021,4.333333333333333
1500000US360811301003,4.333333333333333
1500000US360050389005,4.333333333333333
1500000US360470127001,4.333333333333333
1500000US360810528001,4.333333333333333
1500000US360610219002,4.333333333333333
1500000US360810414003,4.333333333333333
1500000US360810464001,4.333333333333333
1500000US360050042007,4.333333333333333
1500000US360470362002,4.333333333333333
1500000US360470555001,4.333333333333333
1500000US360471130003,4.333333333333333
1500000US360471174001,4.333333333333333
1500000US360610234002,4.333333333333333
1500000US360610223014,4.333333333333333
1500000US360050365011,4.333333333333333
1500000US360810446022,4.333333333333333
1500000US360050330004,4.333333333333333
1500000US360050363003,4.333333333333333
1500000US360810158021,4.333333333333333
1500000US360810025006,4.333333333333333
1500000US360470900003,4.333333333333333
1500000US360050239005,4.333333333333333
1500000US360470892001,4.333333333333333
1500000US360470441001,4.333333333333333
1500000US360610293002,4.333333333333333
1500000US360050378001,4.333333333333333
1500000US360810025002,4.333333333333333
1500000US360610066002,4.333333333333333
1500000US360810263002,4.333333333333333
1500000US360610139001,4.333333333333333
1500000US360050265002,4.333333333333333
1500000US360610098001,4.333333333333333
1500000US360810632002,4.333333333333333
1500000US360810270001,4.333333333333333
1500000US360610006002,4.333333333333333
1500000US360470281003,4.333333333333333
1500000US360810259002,4.333333333333333
1500000US360471146001,4.333333333333333
1500000US360610279002,4.333333333333333
1500000US360050181011,4.333333333333333
1500000US360050399025,4.333333333333333
1500000US360050414004,4.333333333333333
1500000US360810998011,4.333333333333333
1500000US360810164002,4.333333333333333
1500000US360470802003,4.333333333333333
1500000US360470299001,4.333333333333333
1500000US360050218003,4.333333333333333
1500000US360050287002,4.333333333333333
1500000US360810260001,4.333333333333333
1500000US360610232002,4.333333333333333
1500000US360050409002,4.333333333333333
1500000US360810086001,4.333333333333333
1500000US360471144002,4.333333333333333
1500000US360471126003,4.333333333333333
1500000US360850277022,4.333333333333333
1500000US360050358006,4.333333333333333
1500000US360050245023,4.333333333333333
1500000US360050451012,4.333333333333333
1500000US360810287002,4.333333333333333
1500000US360810254005,4.333333333333333
1500000US360470453001,4.333333333333333
1500000US360810254004,4.333333333333333
1500000US360810500001,4.333333333333333
1500000US360850128063,4.333333333333333
1500000US360050033002,4.333333333333333
1500000US360810328001,4.333333333333333
1500000US360050210011,4.333333333333333
1500000US360610198002,4.333333333333333
1500000US360610229002,4.333333333333333
1500000US360610020002,4.333333333333333
1500000US360050414002,4.333333333333333
1500000US360050458004,4.333333333333333
1500000US360050389001,4.333333333333333
1500000US360050020001,4.333333333333333
1500000US360470395003,4.333333333333333
1500000US360470285011,4.333333333333333
1500000US360610263003,4.333333333333333
1500000US360050202002,4.333333333333333
1500000US360050052002,4.333333333333333
1500000US360470830004,4.333333333333333
1500000US360610148022,4.333333333333333
1500000US360050381005,4.333333333333333
1500000US360610120004,4.333333333333333
1500000US360610206001,4.333333333333333
1500000US360470347003,4.333333333333333
1500000US360050135001,4.333333333333333
1500000US360470039001,4.333333333333333
1500000US360050054001,4.333333333333333
1500000US360810353001,4.333333333333333
1500000US360811227025,4.333333333333333
1500000US360471106002,4.333333333333333
1500000US360610164001,4.333333333333333
1500000US360471124001,4.333333333333333
1500000US360470389003,4.333333333333333
1500000US360471120001,4.333333333333333
1500000US360470284002,4.0
1500000US360610038003,4.0
1500000US360050222001,4.0
1500000US360050205012,4.0
1500000US360470437003,4.0
1500000US360470449003,4.0
1500000US360810309041,4.0
1500000US360610042001,4.0
1500000US360850011001,4.0
1500000US360470916003,4.0
1500000US360050087005,4.0
1500000US360050189004,4.0
1500000US360050386008,4.0
1500000US360050237033,4.0
1500000US360470269002,4.0
1500000US360471150003,4.0
1500000US360610182004,4.0
1500000US360810265001,4.0
1500000US360050383013,4.0
1500000US360470491004,4.0
1500000US360470874012,4.0
1500000US360471208005,4.0
1500000US360810288002,4.0
1500000US360810414002,4.0
1500000US360470399001,4.0
1500000US360470255002,4.0
1500000US360610279004,4.0
1500000US360610083001,4.0
1500000US360050179022,4.0
1500000US360050399024,4.0
1500000US360610048006,4.0
1500000US360050079005,4.0
1500000US360050289003,4.0
1500000US360050458001,4.0
1500000US360050425005,4.0
1500000US360610291004,4.0
1500000US360050210014,4.0
1500000US360050181022,4.0
1500000US360810468002,4.0
1500000US360470343001,4.0
1500000US360050379001,4.0
1500000US360610231002,4.0
1500000US360470290003,4.0
1500000US360470666001,4.0
1500000US360471118002,4.0
1500000US360810972042,4.0
1500000US360050016004,4.0
1500000US360050421005,4.0
1500000US360470369003,4.0
1500000US360610112011,4.0
1500000US360050133003,4.0
1500000US360610074001,4.0
1500000US360810094001,4.0
1500000US360050025005,4.0
1500000US360810411002,4.0
1500000US360810254001,4.0
1500000US360470443002,4.0
1500000US360810440001,4.0
1500000US360470098002,4.0
1500000US360470906001,4.0
1500000US360050067006,4.0
1500000US360470321002,4.0
1500000US360610146022,4.0
1500000US360610016005,4.0
1500000US360470954003,4.0
1500000US360471128001,4.0
1500000US360470382002,4.0
1500000US360810540001,4.0
1500000US360810849001,4.0
1500000US360810044011,4.0
1500000US360470920003,4.0
1500000US360050385003,4.0
1500000US360610230001,4.0
1500000US360470516011,4.0
1500000US360050079006,4.0
1500000US360050131003,4.0
1500000US360050390001,4.0
1500000US360471198003,4.0
1500000US360470074003,4.0
1500000US360470508043,4.0
1500000US360050061003,4.0
1500000US360810846021,4.0
1500000US360050330001,4.0
1500000US360470023003,4.0
1500000US360050328003,4.0
1500000US360470491003,4.0
1500000US360470493005,4.0
1500000US360470520001,4.0
1500000US360050224031,4.0
1500000US360470820002,4.0
1500000US360470820003,4.0
1500000US360471118001,4.0
1500000US360610187006,4.0
1500000US360810100002,4.0
1500000US360470337003,4.0
1500000US360050399013,4.0
1500000US360470986001,4.0
1500000US360471176012,4.0
1500000US360470185011,4.0
1500000US360810275002,4.0
1500000US360050051001,4.0
1500000US360050147021,4.0
1500000US360050039001,4.0
1500000US360470998001,4.0
1500000US360470108003,4.0
1500000US360610151004,4.0
1500000US360810437011,4.0
1500000US360050372002,4.0
1500000US360470880003,4.0
1500000US360470078002,4.0
1500000US360050391001,4.0
1500000US360050368002,4.0
1500000US360811551024,4.0
1500000US360470982001,4.0
1500000US360050289001,4.0
1500000US360810427002,4.0
1500000US360050382001,4.0
1500000US360610084002,4.0
1500000US360050175002,4.0
1500000US360050093001,4.0
1500000US360610002024,4.0
1500000US360050028001,4.0
1500000US360471194003,4.0
1500000US360850133023,4.0
1500000US360610242002,4.0
1500000US360050177011,4.0
1500000US360610216003,4.0
1500000US360470932001,4.0
1500000US360610100001,4.0
1500000US360470287003,4.0
1500000US360050068002,4.0
1500000US360050361005,4.0
1500000US360610094001,4.0
1500000US360050215011,4.0
1500000US360470423002,4.0
1500000US360810264002,4.0
1500000US360470916001,4.0
1500000US360610183002,4.0
1500000US360050043003,4.0
1500000US360810534011,3.6666666666666665
1500000US360610277001,3.6666666666666665
1500000US360810469001,3.6666666666666665
1500000US360470379001,3.6666666666666665
1500000US360810849003,3.6666666666666665
1500000US360470379002,3.6666666666666665
1500000US360810334011,3.6666666666666665
1500000US360610195004,3.6666666666666665
1500000US360810054004,3.6666666666666665
1500000US360471176022,3.6666666666666665
1500000US360610218002,3.6666666666666665
1500000US360050063005,3.6666666666666665
1500000US360050193002,3.6666666666666665
1500000US360470053001,3.6666666666666665
1500000US360050151002,3.6666666666666665
1500000US360050027021,3.6666666666666665
1500000US360050197005,3.6666666666666665
1500000US360470361003,3.6666666666666665
1500000US360470275001,3.6666666666666665
1500000US360050403031,3.6666666666666665
1500000US360610015011,3.6666666666666665
1500000US360810869002,3.6666666666666665
1500000US360050121012,3.6666666666666665
1500000US360050086002,3.6666666666666665
1500000US360470020001,3.6666666666666665
1500000US360470108001,3.6666666666666665
1500000US360610040003,3.6666666666666665
1500000US360850319022,3.6666666666666665
1500000US360470078003,3.6666666666666665
1500000US360470510021,3.6666666666666665
1500000US360470359001,3.6666666666666665
1500000US360810471001,3.6666666666666665
1500000US360050434001,3.6666666666666665
1500000US360610208001,3.6666666666666665
1500000US360610180004,3.6666666666666665
1500000US360810779061,3.6666666666666665
1500000US360850213001,3.6666666666666665
1500000US360810025001,3.6666666666666665
1500000US360470009001,3.6666666666666665
1500000US360050044003,3.6666666666666665
1500000US360050408002,3.6666666666666665
1500000US360610074003,3.6666666666666665
1500000US360050072003,3.6666666666666665
1500000US360610269005,3.6666666666666665
1500000US360810281003,3.6666666666666665
1500000US360610087001,3.6666666666666665
1500000US360610166004,3.6666666666666665
1500000US360470818001,3.6666666666666665
1500000US360050093002,3.6666666666666665
1500000US360610229001,3.6666666666666665
1500000US360470860001,3.6666666666666665
1500000US360470796021,3.6666666666666665
1500000US360810196001,3.6666666666666665
1500000US360050336002,3.6666666666666665
1500000US360610195003,3.6666666666666665
1500000US360470082001,3.6666666666666665
1500000US360470910004,3.6666666666666665
1500000US360470670002,3.6666666666666665
1500000US360610253002,3.6666666666666665
1500000US360850033002,3.6666666666666665
1500000US360470303002,3.6666666666666665
1500000US360050237041,3.6666666666666665
1500000US360470387001,3.6666666666666665
1500000US360810269011,3.6666666666666665
1500000US360050144002,3.6666666666666665
1500000US360470356023,3.6666666666666665
1500000US360471156002,3.6666666666666665
1500000US360050223001,3.6666666666666665
1500000US360610285001,3.6666666666666665
1500000US360050361001,3.6666666666666665
1500000US360810972031,3.6666666666666665
1500000US360610045001,3.6666666666666665
1500000US360470964001,3.6666666666666665
1500000US360470401002,3.6666666666666665
1500000US360470828002,3.6666666666666665
1500000US360810814002,3.6666666666666665
1500000US360610213034,3.6666666666666665
1500000US360470289004,3.6666666666666665
1500000US360810238002,3.6666666666666665
1500000US360050177024,3.6666666666666665
1500000US360050123003,3.6666666666666665
1500000US360050157001,3.6666666666666665
1500000US360810455005,3.6666666666666665
1500000US360610243023,3.6666666666666665
1500000US360810998015,3.6666666666666665
1500000US360471098001,3.6666666666666665
1500000US360470431001,3.6666666666666665
1500000US360810413001,3.6666666666666665
1500000US360810260002,3.6666666666666665
1500000US360810180001,3.6666666666666665
1500000US360811167001,3.6666666666666665
1500000US360050185005,3.6666666666666665
1500000US360470720001,3.6666666666666665
1500000US360810347001,3.6666666666666665
1500000US360050086003,3.6666666666666665
1500000US360470342003,3.6666666666666665
1500000US360610063001,3.6666666666666665
1500000US360610006005,3.6666666666666665
1500000US360050023003,3.6666666666666665
1500000US360850133011,3.6666666666666665
1500000US360470902001,3.6666666666666665
1500000US360050074001,3.6666666666666665
1500000US360810339002,3.6666666666666665
1500000US360610077004,3.6666666666666665
1500000US360610211006,3.6666666666666665
1500000US360050251001,3.6666666666666665
1500000US360470606001,3.6666666666666665
1500000US360470283002,3.6666666666666665
1500000US360470672001,3.6666666666666665
1500000US360610236004,3.6666666666666665
1500000US360810098002,3.6666666666666665
1500000US360471194002,3.6666666666666665
1500000US360810198001,3.6666666666666665
1500000US360610180003,3.6666666666666665
1500000US360050223002,3.6666666666666665
1500000US360470510022,3.6666666666666665
1500000US360050389004,3.6666666666666665
1500000US360471164003,3.6666666666666665
1500000US360810199002,3.6666666666666665
1500000US360050328002,3.6666666666666665
1500000US360610069001,3.6666666666666665
1500000US360610271001,3.6666666666666665
1500000US360050221022,3.6666666666666665
1500000US360610218001,3.6666666666666665
1500000US360610162005,3.6666666666666665
1500000US360610014021,3.6666666666666665
1500000US360850114012,3.6666666666666665
1500000US360050405013,3.6666666666666665
1500000US360810158012,3.6666666666666665
1500000US360050422001,3.6666666666666665
1500000US360050195004,3.6666666666666665
1500000US360810281004,3.6666666666666665
1500000US360610065005,3.6666666666666665
1500000US360050093003,3.6666666666666665
1500000US360810363001,3.6666666666666665
1500000US360470399002,3.6666666666666665
1500000US360850070003,3.6666666666666665
1500000US360610247002,3.6666666666666665
1500000US360810484002,3.6666666666666665
1500000US360470329002,3.6666666666666665
1500000US360810099001,3.6666666666666665
1500000US360810031002,3.6666666666666665
1500000US360610245005,3.6666666666666665
1500000US360610193004,3.6666666666666665
1500000US360050393006,3.6666666666666665
1500000US360050241002,3.6666666666666665
1500000US360050409001,3.6666666666666665
1500000US360610230002,3.6666666666666665
1500000US360471196002,3.6666666666666665
1500000US360470381003,3.3333333333333335
1500000US360610216005,3.3333333333333335
1500000US360850075001,3.3333333333333335
1500000US360050393001,3.3333333333333335
1500000US360810284001,3.3333333333333335
1500000US360470549002,3.3333333333333335
1500000US360050079003,3.3333333333333335
1500000US360610026012,3.3333333333333335
1500000US360610269002,3.3333333333333335
1500000US360050383023,3.3333333333333335
1500000US360610174011,3.3333333333333335
1500000US360050365022,3.3333333333333335
1500000US360050025003,3.3333333333333335
1500000US360610076002,3.3333333333333335
1500000US360810656003,3.3333333333333335
1500000US360810158013,3.3333333333333335
1500000US360610183005,3.3333333333333335
1500000US360610153004,3.3333333333333335
1500000US360810065021,3.3333333333333335
1500000US360470505001,3.3333333333333335
1500000US360050179021,3.3333333333333335
1500000US360850223001,3.3333333333333335
1500000US360050240003,3.3333333333333335
1500000US360050364001,3.3333333333333335
1500000US360810117003,3.3333333333333335
1500000US360470257001,3.3333333333333335
1500000US360610230005,3.3333333333333335
1500000US360470245004,3.3333333333333335
1500000US360610038007,3.3333333333333335
1500000US360470382003,3.3333333333333335
1500000US360471170002,3.3333333333333335
1500000US360471208001,3.3333333333333335
1500000US360810294006,3.3333333333333335
1500000US360470192002,3.3333333333333335
1500000US360050161001,3.3333333333333335
1500000US360050062005,3.3333333333333335
1500000US360610096001,3.3333333333333335
1500000US360470313003,3.3333333333333335
1500000US360471158002,3.3333333333333335
1500000US360470838001,3.3333333333333335
1500000US360050212001,3.3333333333333335
1500000US360050209004,3.3333333333333335
1500000US360810539003,3.3333333333333335
1500000US360050442001,3.3333333333333335
1500000US360471192001,3.3333333333333335
1500000US360810414001,3.3333333333333335
1500000US360610020001,3.3333333333333335
1500000US360470080001,3.3333333333333335
1500000US360050167001,3.3333333333333335
1500000US360810409002,3.3333333333333335
1500000US360610137003,3.3333333333333335
1500000US360470642001,3.3333333333333335
1500000US360470740002,3.3333333333333335
1500000US360470337001,3.3333333333333335
1500000US360050386004,3.3333333333333335
1500000US360810033004,3.3333333333333335
1500000US360470782002,3.3333333333333335
1500000US360810381003,3.3333333333333335
1500000US360810366001,3.3333333333333335
1500000US360850029003,3.3333333333333335
1500000US360610166003,3.3333333333333335
1500000US360470417004,3.3333333333333335
1500000US360050133004,3.3333333333333335
1500000US360470866001,3.3333333333333335
1500000US360470441003,3.3333333333333335
1500000US360470355002,3.3333333333333335
1500000US360050419004,3.3333333333333335
1500000US360470512002,3.3333333333333335
1500000US360050031001,3.3333333333333335
1500000US360470185014,3.3333333333333335
1500000US360810288004,3.3333333333333335
1500000US360470328002,3.3333333333333335
1500000US360050460001,3.3333333333333335
1500000US360050420003,3.3333333333333335
1500000US360470021003,3.3333333333333335
1500000US360610121002,3.3333333333333335
1500000US360050356002,3.3333333333333335
1500000US360470321001,3.3333333333333335
1500000US360470898002,3.3333333333333335
1500000US360810347002,3.3333333333333335
1500000US360810407002,3.3333333333333335
1500000US360050516003,3.3333333333333335
1500000US360610034004,3.3333333333333335
1500000US360050216021,3.3333333333333335
1500000US360610223021,3.3333333333333335
1500000US360810467003,3.3333333333333335
1500000US360470878002,3.3333333333333335
1500000US360470888002,3.3333333333333335
1500000US360050369021,3.3333333333333335
1500000US360471198001,3.3333333333333335
1500000US360050204002,3.3333333333333335
1500000US360810337002,3.3333333333333335
1500000US360610174012,3.3333333333333335
1500000US360610093002,3.3333333333333335
1500000US360810792002,3.3333333333333335
1500000US360810401003,3.3333333333333335
1500000US360810454002,3.3333333333333335
1500000US360610206002,3.3333333333333335
1500000US360810582002,3.3333333333333335
1500000US360050205014,3.3333333333333335
1500000US360050389002,3.3333333333333335
1500000US360810265002,3.3333333333333335
1500000US360050222003,3.3333333333333335
1500000US360471168002,3.3333333333333335
1500000US360050336005,3.3333333333333335
1500000US360810373002,3.3333333333333335
1500000US360610303002,3.3333333333333335
1500000US360610117001,3.3333333333333335
1500000US360470742002,3.3333333333333335
1500000US360050425007,3.3333333333333335
1500000US360050348003,3.3333333333333335
1500000US360470213002,3.3333333333333335
1500000US360470349003,3.3333333333333335
1500000US360470516013,3.3333333333333335
1500000US360470538003,3.3333333333333335
1500000US360810096002,3.3333333333333335
1500000US360610261001,3.3333333333333335
1500000US360470395002,3.3333333333333335
1500000US360470281002,3.3333333333333335
1500000US360610037003,3.3333333333333335
1500000US360810411001,3.3333333333333335
1500000US360810803021,3.3333333333333335
1500000US360050217001,3.3333333333333335
1500000US360810680003,3.3333333333333335
1500000US360050222004,3.3333333333333335
1500000US360850112022,3.3333333333333335
1500000US360470840001,3.3333333333333335
1500000US360610167005,3.3333333333333335
1500000US360050125002,3.3333333333333335
1500000US360050092005,3.3333333333333335
1500000US360471162001,3.3333333333333335
1500000US360850247001,3.3333333333333335
1500000US360471220001,3.3333333333333335
1500000US360470369004,3.3333333333333335
1500000US360610241004,3.3333333333333335
1500000US360850081003,3.3333333333333335
1500000US360050210012,3.3333333333333335
1500000US360050269002,3.3333333333333335
1500000US360470579002,3.3333333333333335
1500000US360470298002,3.3333333333333335
1500000US360050348002,3.3333333333333335
1500000US360610269004,3.3333333333333335
1500000US360050336003,3.3333333333333335
1500000US360810473002,3.3333333333333335
1500000US360610214001,3.3333333333333335
1500000US360470427001,3.3333333333333335
1500000US360850020021,3.3333333333333335
1500000US360810087003,3.3333333333333335
1500000US360470348001,3.3333333333333335
1500000US360050396002,3.3333333333333335
1500000US360050200002,3.3333333333333335
1500000US360050056001,3.3333333333333335
1500000US360050358002,3.3333333333333335
1500000US360470228001,3.3333333333333335
1500000US360050407024,3.3333333333333335
1500000US360470319003,3.3333333333333335
1500000US360810170002,3.3333333333333335
1500000US360810328002,3.0
1500000US360470329001,3.0
1500000US360471020001,3.0
1500000US360610055022,3.0
1500000US360050200001,3.0
1500000US360050177023,3.0
1500000US360810291004,3.0
1500000US360810158022,3.0
1500000US360610291005,3.0
1500000US360470137003,3.0
1500000US360470401001,3.0
1500000US360050085001,3.0
1500000US360610037001,3.0
1500000US360050215025,3.0
1500000US360050263005,3.0
1500000US360850047001,3.0
1500000US360470892004,3.0
1500000US360050205023,3.0
1500000US360610295003,3.0
1500000US360050382002,3.0
1500000US360610036022,3.0
1500000US360470766001,3.0
1500000US360470882001,3.0
1500000US360610293003,3.0
1500000US360610223011,3.0
1500000US360050158001,3.0
1500000US360610229004,3.0
1500000US360610089002,3.0
1500000US360810849002,3.0
1500000US360050419005,3.0
1500000US360470432003,3.0
1500000US360470501003,3.0
1500000US360470119001,3.0
1500000US360050451011,3.0
1500000US360810294003,3.0
1500000US360610233002,3.0
1500000US360470900006,3.0
1500000US360050429011,3.0
1500000US360610145004,3.0
1500000US360470449002,3.0
1500000US360050230002,3.0
1500000US360610255001,3.0
1500000US360050462018,3.0
1500000US360470153002,3.0
1500000US360470085002,3.0
1500000US360050379002,3.0
1500000US360050248002,3.0
1500000US360810151001,3.0
1500000US360050215022,3.0
1500000US360470409001,3.0
1500000US360810654002,3.0
1500000US360050131002,3.0
1500000US360470542002,3.0
1500000US360470429004,3.0
1500000US360050199001,3.0
1500000US360050185004,3.0
1500000US360810182001,3.0
1500000US360471130004,3.0
1500000US360810467004,3.0
1500000US360470348002,3.0
1500000US360610225003,3.0
1500000US360810106002,3.0
1500000US360470326004,3.0
1500000US360470387003,3.0
1500000US360610211004,3.0
1500000US360810284002,3.0
1500000US360810034001,3.0
1500000US360610018001,3.0
1500000US360810327002,3.0
1500000US360610034003,3.0
1500000US360610075001,3.0
1500000US360610028002,3.0
1500000US360470074002,3.0
1500000US360470896002,3.0
1500000US360470352001,3.0
1500000US360470077003,3.0
1500000US360610179004,3.0
1500000US360470127002,3.0
1500000US360810293001,3.0
1500000US360471120002,3.0
1500000US360470201003,3.0
1500000US360610188004,3.0
1500000US360470245001,3.0
1500000US360050376002,3.0
1500000US360810460001,3.0
1500000US360050216025,3.0
1500000US360810142022,3.0
1500000US360470868001,3.0
1500000US360470088001,3.0
1500000US360810157001,3.0
1500000US360810330001,3.0
1500000US360050244001,3.0
1500000US360050215021,3.0
1500000US360810280001,3.0
1500000US360470878001,3.0
1500000US360050332013,3.0
1500000US360470854002,3.0
1500000US360050375043,3.0
1500000US360470219003,3.0
1500000US360470080002,3.0
1500000US360810366002,3.0
1500000US360470100003,3.0
1500000US360050209002,3.0
1500000US360810625002,3.0
1500000US360810184022,3.0
1500000US360471116001,3.0
1500000US360610137004,3.0
1500000US360610237002,3.0
1500000US360610067001,3.0
1500000US360470884003,3.0
1500000US360470513003,3.0
1500000US360050425001,3.0
1500000US360811227023,3.0
1500000US360470796012,3.0
1500000US360050199003,3.0
1500000US360810174001,3.0
1500000US360050326001,3.0
1500000US360470876002,3.0
1500000US360810094002,3.0
1500000US360610187004,3.0
1500000US360810409003,3.0
1500000US360470553003,3.0
1500000US360050074002,3.0
1500000US360810306004,3.0
1500000US360470278001,3.0
1500000US360050093005,3.0
1500000US360050267013,3.0
1500000US360470193002,3.0
1500000US360470936002,3.0
1500000US360470339003,3.0
1500000US360810240003,3.0
1500000US360470662001,3.0
1500000US360050175001,3.0
1500000US360470514004,3.0
1500000US360050399014,3.0
1500000US360050396003,3.0
1500000US360050071001,3.0
1500000US360050175006,3.0
1500000US360470798012,3.0
1500000US360810939001,3.0
1500000US360470329003,3.0
1500000US360471184002,3.0
1500000US360610036021,3.0
1500000US360050193001,3.0
1500000US360470888003,3.0
1500000US360471122002,3.0
1500000US360050051003,3.0
1500000US360470890002,3.0
1500000US360470846002,3.0
1500000US360470071004,3.0
1500000US360810320001,3.0
1500000US360470814001,3.0
1500000US360050193003,3.0
1500000US360810206001,3.0
1500000US360470345001,3.0
1500000US360810613012,3.0
1500000US360050257001,3.0
1500000US360050197002,3.0
1500000US360471202002,3.0
1500000US360470453002,3.0
1500000US360470800001,3.0
1500000US360811257001,3.0
1500000US360610253005,3.0
1500000US360050131001,3.0
1500000US360810377001,3.0
1500000US360050394004,3.0
1500000US360610080002,2.6666666666666665
1500000US360050052001,2.6666666666666665
1500000US360810083002,2.6666666666666665
1500000US360810929002,2.6666666666666665
1500000US360810283005,2.6666666666666665
1500000US360610225004,2.6666666666666665
1500000US360470822004,2.6666666666666665
1500000US360050330002,2.6666666666666665
1500000US360470526002,2.6666666666666665
1500000US360470514003,2.6666666666666665
1500000US360470445002,2.6666666666666665
1500000US360810337001,2.6666666666666665
1500000US360810443012,2.6666666666666665
1500000US360050404003,2.6666666666666665
1500000US360610148025,2.6666666666666665
1500000US360810297002,2.6666666666666665
1500000US360050213024,2.6666666666666665
1500000US360050252001,2.6666666666666665
1500000US360610112031,2.6666666666666665
1500000US360470277004,2.6666666666666665
1500000US360810607011,2.6666666666666665
1500000US360810485001,2.6666666666666665
1500000US360050092003,2.6666666666666665
1500000US360610208003,2.6666666666666665
1500000US360470386002,2.6666666666666665
1500000US360810555002,2.6666666666666665
1500000US360050261001,2.6666666666666665
1500000US360850112023,2.6666666666666665
1500000US360050149001,2.6666666666666665
1500000US360470557002,2.6666666666666665
1500000US360810857001,2.6666666666666665
1500000US360810334025,2.6666666666666665
1500000US360050183023,2.6666666666666665
1500000US360810273001,2.6666666666666665
1500000US360470802001,2.6666666666666665
1500000US360470518002,2.6666666666666665
1500000US360610165004,2.6666666666666665
1500000US360610131001,2.6666666666666665
1500000US360811185002,2.6666666666666665
1500000US360470890004,2.6666666666666665
1500000US360610199002,2.6666666666666665
1500000US360050423002,2.6666666666666665
1500000US360050227011,2.6666666666666665
1500000US360050235013,2.6666666666666665
1500000US360810294002,2.6666666666666665
1500000US360050218005,2.6666666666666665
1500000US360810482001,2.6666666666666665
1500000US360610307001,2.6666666666666665
1500000US360470399003,2.6666666666666665
1500000US360471134002,2.6666666666666665
1500000US360810306003,2.6666666666666665
1500000US360470894004,2.6666666666666665
1500000US360050251005,2.6666666666666665
1500000US360470353002,2.6666666666666665
1500000US360470485001,2.6666666666666665
1500000US360050371001,2.6666666666666665
1500000US360810552001,2.6666666666666665
1500000US360470918002,2.6666666666666665
1500000US360470970001,2.6666666666666665
1500000US360470069002,2.6666666666666665
1500000US360810534012,2.6666666666666665
1500000US360610243011,2.6666666666666665
1500000US360050302005,2.6666666666666665
1500000US360050215024,2.6666666666666665
1500000US360810295002,2.6666666666666665
1500000US360610068005,2.6666666666666665
1500000US360610095001,2.6666666666666665
1500000US360470836002,2.6666666666666665
1500000US360471200001,2.6666666666666665
1500000US360610151003,2.6666666666666665
1500000US360850097001,2.6666666666666665
1500000US360471182021,2.6666666666666665
1500000US360471176021,2.6666666666666665
1500000US360470830003,2.6666666666666665
1500000US360810526001,2.6666666666666665
1500000US360471182012,2.6666666666666665
1500000US360050444003,2.6666666666666665
1500000US360610214002,2.6666666666666665
1500000US360470786001,2.6666666666666665
1500000US360470161003,2.6666666666666665
1500000US360470192001,2.6666666666666665
1500000US360610303001,2.6666666666666665
1500000US360050395002,2.6666666666666665
1500000US360050430002,2.6666666666666665
1500000US360050462022,2.6666666666666665
1500000US360050256002,2.6666666666666665
1500000US360810595003,2.6666666666666665
1500000US360470383001,2.6666666666666665
1500000US360050085005,2.6666666666666665
1500000US360050115022,2.6666666666666665
1500000US360471178001,2.6666666666666665
1500000US360810033002,2.6666666666666665
1500000US360810277002,2.6666666666666665
1500000US360050235023,2.6666666666666665
1500000US360810426001,2.6666666666666665
1500000US360050300001,2.6666666666666665
1500000US360050462017,2.6666666666666665
1500000US360610255003,2.6666666666666665
1500000US360810381002,2.6666666666666665
1500000US360610133002,2.6666666666666665
1500000US360050042005,2.6666666666666665
1500000US360810861002,2.6666666666666665
1500000US360470447001,2.6666666666666665
1500000US360470790001,2.6666666666666665
1500000US360470305001,2.6666666666666665
1500000US360810568004,2.6666666666666665
1500000US360610238011,2.6666666666666665
1500000US360470321004,2.6666666666666665
1500000US360470402002,2.6666666666666665
1500000US360470363002,2.6666666666666665
1500000US360050050012,2.6666666666666665
1500000US360610168003,2.6666666666666665
1500000US360471188003,2.6666666666666665
1500000US360610236002,2.6666666666666665
1500000US360810377002,2.6666666666666665
1500000US360470023002,2.6666666666666665
1500000US360471152001,2.6666666666666665
1500000US360810510002,2.6666666666666665
1500000US360810040021,2.6666666666666665
1500000US360470227001,2.6666666666666665
1500000US360810071004,2.6666666666666665
1500000US360610173005,2.6666666666666665
1500000US360810934023,2.6666666666666665
1500000US360050340001,2.6666666666666665
1500000US360810272001,2.6666666666666665
1500000US360810461001,2.6666666666666665
1500000US360470938002,2.6666666666666665
1500000US360470264003,2.6666666666666665
1500000US360050072002,2.6666666666666665
1500000US360470391002,2.6666666666666665
1500000US360471166003,2.6666666666666665
1500000US360610226002,2.6666666666666665
1500000US360610279003,2.6666666666666665
1500000US360610127002,2.6666666666666665
1500000US360470828001,2.6666666666666665
1500000US360850319023,2.6666666666666665
1500000US360850105004,2.6666666666666665
1500000US360050340003,2.6666666666666665
1500000US360470307002,2.6666666666666665
1500000US360470259011,2.6666666666666665
1500000US360050050014,2.6666666666666665
1500000US360050462025,2.6666666666666665
1500000US360610227002,2.6666666666666665
1500000US360050075001,2.6666666666666665
1500000US360810166002,2.6666666666666665
1500000US360050227012,2.6666666666666665
1500000US360050202001,2.6666666666666665
1500000US360470354001,2.6666666666666665
1500000US360610183007,2.6666666666666665
1500000US360050431008,2.6666666666666665
1500000US360050002003,2.6666666666666665
1500000US360810254006,2.6666666666666665
1500000US360810309031,2.6666666666666665
1500000US360470294001,2.6666666666666665
1500000US360470445001,2.6666666666666665
1500000US360050089001,2.6666666666666665
1500000US360610295001,2.6666666666666665
1500000US360610228004,2.6666666666666665
1500000US360810196002,2.6666666666666665
1500000US360810352001,2.6666666666666665
1500000US360810365001,2.6666666666666665
1500000US360810184021,2.6666666666666665
1500000US360470249001,2.6666666666666665
1500000US360810257001,2.6666666666666665
1500000US360050213021,2.6666666666666665
1500000US360610032001,2.6666666666666665
1500000US360470514001,2.6666666666666665
1500000US360470084001,2.6666666666666665
1500000US360050387003,2.6666666666666665
1500000US360470101001,2.6666666666666665
1500000US360050426006,2.6666666666666665
1500000US360610241005,2.6666666666666665
1500000US360610025001,2.6666666666666665
1500000US360470373001,2.6666666666666665
1500000US360050423001,2.6666666666666665
1500000US360470818003,2.6666666666666665
1500000US360610162004,2.6666666666666665
1500000US360850009001,2.6666666666666665
1500000US360810859002,2.6666666666666665
1500000US360470022003,2.6666666666666665
1500000US360610166006,2.6666666666666665
1500000US360810115002,2.6666666666666665
1500000US360050238001,2.6666666666666665
1500000US360810258002,2.6666666666666665
1500000US360470106002,2.6666666666666665
1500000US360810502011,2.6666666666666665
1500000US360810549002,2.6666666666666665
1500000US360850187022,2.6666666666666665
1500000US360470385003,2.6666666666666665
1500000US360810489001,2.6666666666666665
1500000US360050060001,2.6666666666666665
1500000US360470391001,2.6666666666666665
1500000US360610184002,2.6666666666666665
1500000US360050218004,2.6666666666666665
1500000US360470946001,2.6666666666666665
1500000US360471196003,2.6666666666666665
1500000US360810398001,2.6666666666666665
1500000US360810274001,2.6666666666666665
1500000US360810466001,2.6666666666666665
1500000US360470900004,2.6666666666666665
1500000US360470364001,2.6666666666666665
1500000US360610021001,2.6666666666666665
1500000US360810450001,2.6666666666666665
1500000US360470059002,2.6666666666666665
1500000US360470594021,2.6666666666666665
1500000US360050229022,2.6666666666666665
1500000US360811008012,2.6666666666666665
1500000US360050152002,2.6666666666666665
1500000US360810551004,2.6666666666666665
1500000US360470890001,2.6666666666666665
1500000US360050155001,2.6666666666666665
1500000US360610184003,2.6666666666666665
1500000US360610088002,2.6666666666666665
1500000US360470517002,2.6666666666666665
1500000US360610172005,2.6666666666666665
1500000US360050358007,2.6666666666666665
1500000US360470292001,2.6666666666666665
1500000US360810085002,2.6666666666666665
1500000US360470816002,2.6666666666666665
1500000US360810855002,2.6666666666666665
1500000US360470590001,2.6666666666666665
1500000US360050245012,2.6666666666666665
1500000US360810152002,2.6666666666666665
1500000US360610030022,2.6666666666666665
1500000US360810357002,2.6666666666666665
1500000US360810469004,2.6666666666666665
1500000US360050200003,2.6666666666666665
1500000US360050224042,2.6666666666666665
1500000US360470527007,2.6666666666666665
1500000US360610287003,2.6666666666666665
1500000US360470523002,2.6666666666666665
1500000US360471188001,2.6666666666666665
1500000US360610263002,2.6666666666666665
1500000US360050462014,2.6666666666666665
1500000US360810466002,2.6666666666666665
1500000US360810062023,2.6666666666666665
1500000US360810163002,2.6666666666666665
1500000US360470918001,2.6666666666666665
1500000US360470203001,2.6666666666666665
1500000US360610227003,2.3333333333333335
1500000US360050367001,2.3333333333333335
1500000US360470293001,2.3333333333333335
1500000US360850151001,2.3333333333333335
1500000US360050398002,2.3333333333333335
1500000US360810367002,2.3333333333333335
1500000US360811347001,2.3333333333333335
1500000US360471058012,2.3333333333333335
1500000US360810214001,2.3333333333333335
1500000US360810061001,2.3333333333333335
1500000US360050211001,2.3333333333333335
1500000US360470086001,2.3333333333333335
1500000US360610127004,2.3333333333333335
1500000US360470516012,2.3333333333333335
1500000US360470213003,2.3333333333333335
1500000US360470413001,2.3333333333333335
1500000US360470231002,2.3333333333333335
1500000US360470261004,2.3333333333333335
1500000US360470418001,2.3333333333333335
1500000US360470281001,2.3333333333333335
1500000US360471184003,2.3333333333333335
1500000US360050364003,2.3333333333333335
1500000US360810059003,2.3333333333333335
1500000US360050462016,2.3333333333333335
1500000US360050215012,2.3333333333333335
1500000US360470884001,2.3333333333333335
1500000US360470297001,2.3333333333333335
1500000US360810202001,2.3333333333333335
1500000US360610185002,2.3333333333333335
1500000US360050213012,2.3333333333333335
1500000US360610032002,2.3333333333333335
1500000US360470862002,2.3333333333333335
1500000US360050223004,2.3333333333333335
1500000US360050020002,2.3333333333333335
1500000US360470503002,2.3333333333333335
1500000US360810618002,2.3333333333333335
1500000US360470078004,2.3333333333333335
1500000US360471237001,2.3333333333333335
1500000US360610170001,2.3333333333333335
1500000US360050336006,2.3333333333333335
1500000US360810083001,2.3333333333333335
1500000US360610102001,2.3333333333333335
1500000US360050039004,2.3333333333333335
1500000US360810320003,2.3333333333333335
1500000US360050285001,2.3333333333333335
1500000US360470342002,2.3333333333333335
1500000US360470866003,2.3333333333333335
1500000US360810479001,2.3333333333333335
1500000US360470329004,2.3333333333333335
1500000US360470339002,2.3333333333333335
1500000US360470345002,2.3333333333333335
1500000US360810054003,2.3333333333333335
1500000US360470600003,2.3333333333333335
1500000US360471132002,2.3333333333333335
1500000US360810680002,2.3333333333333335
1500000US360470327003,2.3333333333333335
1500000US360050428001,2.3333333333333335
1500000US360470383002,2.3333333333333335
1500000US360810151002,2.3333333333333335
1500000US360810204002,2.3333333333333335
1500000US360471142021,2.3333333333333335
1500000US360470068002,2.3333333333333335
1500000US360811529023,2.3333333333333335
1500000US360050365013,2.3333333333333335
1500000US360050365012,2.3333333333333335
1500000US360810309025,2.3333333333333335
1500000US360470315003,2.3333333333333335
1500000US360470900001,2.3333333333333335
1500000US360470258003,2.3333333333333335
1500000US360810329003,2.3333333333333335
1500000US360470397001,2.3333333333333335
1500000US360050224011,2.3333333333333335
1500000US360810589002,2.3333333333333335
1500000US360050413005,2.3333333333333335
1500000US360470804001,2.3333333333333335
1500000US360810236001,2.3333333333333335
1500000US360810278001,2.3333333333333335
1500000US360050405025,2.3333333333333335
1500000US360810306001,2.3333333333333335
1500000US360610194002,2.3333333333333335
1500000US360810214002,2.3333333333333335
1500000US360470251002,2.3333333333333335
1500000US360470608001,2.3333333333333335
1500000US360050266023,2.3333333333333335
1500000US360810693001,2.3333333333333335
1500000US360470822002,2.3333333333333335
1500000US360050396001,2.3333333333333335
1500000US360610186002,2.3333333333333335
1500000US360470118002,2.3333333333333335
1500000US360470896001,2.3333333333333335
1500000US360810492001,2.3333333333333335
1500000US360050404002,2.3333333333333335
1500000US360050484004,2.3333333333333335
1500000US360050020005,2.3333333333333335
1500000US360810638003,2.3333333333333335
1500000US360470409003,2.3333333333333335
1500000US360610220002,2.3333333333333335
1500000US360810437022,2.3333333333333335
1500000US360470441002,2.3333333333333335
1500000US360050388001,2.3333333333333335
1500000US360470412001,2.3333333333333335
1500000US360050401004,2.3333333333333335
1500000US360850040006,2.3333333333333335
1500000US360050391003,2.3333333333333335
1500000US360050418002,2.3333333333333335
1500000US360471022001,2.3333333333333335
1500000US360850021001,2.3333333333333335
1500000US360471188002,2.3333333333333335
1500000US360810156001,2.3333333333333335
1500000US360470275002,2.3333333333333335
1500000US360470516022,2.3333333333333335
1500000US360610075003,2.3333333333333335
1500000US360810267001,2.3333333333333335
1500000US360050185002,2.3333333333333335
1500000US360470233003,2.3333333333333335
1500000US360810212002,2.3333333333333335
1500000US360471168001,2.3333333333333335
1500000US360610068001,2.3333333333333335
1500000US360610133003,2.3333333333333335
1500000US360050431002,2.3333333333333335
1500000US360470478003,2.3333333333333335
1500000US360050001001,2.3333333333333335
1500000US360810283001,2.3333333333333335
1500000US360470199004,2.3333333333333335
1500000US360810022002,2.3333333333333335
1500000US360610291007,2.3333333333333335
1500000US360470153001,2.3333333333333335
1500000US360470182002,2.3333333333333335
1500000US360610030013,2.3333333333333335
1500000US360050237042,2.3333333333333335
1500000US360470882002,2.3333333333333335
1500000US360610073006,2.3333333333333335
1500000US360050395001,2.3333333333333335
1500000US360050406002,2.3333333333333335
1500000US360470130004,2.3333333333333335
1500000US360470305004,2.3333333333333335
1500000US360470249003,2.3333333333333335
1500000US360470526001,2.3333333333333335
1500000US360470301001,2.3333333333333335
1500000US360810837001,2.3333333333333335
1500000US360850040001,2.3333333333333335
1500000US360050413007,2.3333333333333335
1500000US360470373004,2.3333333333333335
1500000US360610158021,2.3333333333333335
1500000US360050324001,2.3333333333333335
1500000US360470191001,2.3333333333333335
1500000US360050462023,2.3333333333333335
1500000US360050217003,2.3333333333333335
1500000US360810238003,2.3333333333333335
1500000US360471172021,2.3333333333333335
1500000US360810998014,2.3333333333333335
1500000US360471184001,2.3333333333333335
1500000US360470898001,2.3333333333333335
1500000US360610016002,2.3333333333333335
1500000US360610216002,2.3333333333333335
1500000US360050367002,2.3333333333333335
1500000US360050042001,2.3333333333333335
1500000US360470856001,2.3333333333333335
1500000US360811159003,2.3333333333333335
1500000US360470534003,2.3333333333333335
1500000US360470780002,2.3333333333333335
1500000US360610295002,2.3333333333333335
1500000US360810357003,2.3333333333333335
1500000US360470515001,2.3333333333333335
1500000US360610055011,2.3333333333333335
1500000US360470443004,2.3333333333333335
1500000US360470429003,2.3333333333333335
1500000US360810508002,2.3333333333333335
1500000US360470856003,2.3333333333333335
1500000US360810271005,2.3333333333333335
1500000US360050204001,2.3333333333333335
1500000US360050264002,2.3333333333333335
1500000US360470222003,2.3333333333333335
1500000US360470818002,2.3333333333333335
1500000US360050380002,2.3333333333333335
1500000US360470126001,2.3333333333333335
1500000US360470692001,2.3333333333333335
1500000US360050273001,2.3333333333333335
1500000US360471110001,2.3333333333333335
1500000US360610220001,2.3333333333333335
1500000US360470020002,2.3333333333333335
1500000US360471014001,2.3333333333333335
1500000US360471192002,2.3333333333333335
1500000US360470866002,2.3333333333333335
1500000US360610285004,2.3333333333333335
1500000US360810593002,2.3333333333333335
1500000US360470415003,2.3333333333333335
1500000US360610295004,2.3333333333333335
1500000US360470850001,2.3333333333333335
1500000US360470964002,2.3333333333333335
1500000US360610108007,2.3333333333333335
1500000US360610028001,2.3333333333333335
1500000US360810120002,2.3333333333333335
1500000US360470868002,2.3333333333333335
1500000US360610156014,2.3333333333333335
1500000US360470994001,2.3333333333333335
1500000US360610126001,2.3333333333333335
1500000US360610022011,2.3333333333333335
1500000US360810818001,2.3333333333333335
1500000US360470508011,2.3333333333333335
1500000US360811163005,2.3333333333333335
1500000US360810232002,2.3333333333333335
1500000US360470493004,2.3333333333333335
1500000US360810467002,2.3333333333333335
1500000US360470772002,2.3333333333333335
1500000US360050085002,2.3333333333333335
1500000US360610263005,2.3333333333333335
1500000US360810664007,2.3333333333333335
1500000US360610213032,2.3333333333333335
1500000US360470814002,2.3333333333333335
1500000US360470060001,2.3333333333333335
1500000US360810711004,2.3333333333333335
1500000US360050075003,2.3333333333333335
1500000US360050199006,2.3333333333333335
1500000US360810857003,2.3333333333333335
1500000US360610220005,2.3333333333333335
1500000US360470477001,2.3333333333333335
1500000US360050418004,2.3333333333333335
1500000US360610050004,2.3333333333333335
1500000US360470373002,2.3333333333333335
1500000US360610148011,2.3333333333333335
1500000US360050173001,2.3333333333333335
1500000US360810277003,2.3333333333333335
1500000US360610221021,2.3333333333333335
1500000US360471010002,2.3333333333333335
1500000US360470313001,2.3333333333333335
1500000US360470523005,2.3333333333333335
1500000US360850011003,2.3333333333333335
1500000US360850228001,2.3333333333333335
1500000US360470317011,2.3333333333333335
1500000US360610253001,2.3333333333333335
1500000US360610064006,2.3333333333333335
1500000US360050209003,2.3333333333333335
1500000US360810439002,2.3333333333333335
1500000US360610066005,2.3333333333333335
1500000US360470160003,2.3333333333333335
1500000US360470872003,2.3333333333333335
1500000US360610121006,2.3333333333333335
1500000US360471110002,2.3333333333333335
1500000US360050216024,2.3333333333333335
1500000US360470074004,2.3333333333333335
1500000US360050204003,2.3333333333333335
1500000US360810481003,2.3333333333333335
1500000US360470610042,2.3333333333333335
1500000US360050083005,2.3333333333333335
1500000US360470082003,2.3333333333333335
1500000US360050153002,2.3333333333333335
1500000US360470261003,2.3333333333333335
1500000US360470133002,2.3333333333333335
1500000US360470386001,2.3333333333333335
1500000US360050090001,2.3333333333333335
1500000US360810998022,2.3333333333333335
1500000US360470496001,2.3333333333333335
1500000US360610114022,2.3333333333333335
1500000US360810553001,2.3333333333333335
1500000US360470489002,2.3333333333333335
1500000US360610013002,2.3333333333333335
1500000US360470519002,2.3333333333333335
1500000US360850291044,2.3333333333333335
1500000US360811161001,2.0
1500000US360470092001,2.0
1500000US360810261004,2.0
1500000US360610133001,2.0
1500000US360470279004,2.0
1500000US360610093001,2.0
1500000US360471150001,2.0
1500000US360810269014,2.0
1500000US360810376005,2.0
1500000US360471158003,2.0
1500000US360810407005,2.0
1500000US360050342001,2.0
1500000US360810399001,2.0
1500000US360610127005,2.0
1500000US360470962001,2.0
1500000US360470900005,2.0
1500000US360470830001,2.0
1500000US360610030014,2.0
1500000US360610189005,2.0
1500000US360850277063,2.0
1500000US360470065007,2.0
1500000US360470343003,2.0
1500000US360470626002,2.0
1500000US360050042002,2.0
1500000US360471150002,2.0
1500000US360811029002,2.0
1500000US360470389002,2.0
1500000US360471144004,2.0
1500000US360810522001,2.0
1500000US360810415001,2.0
1500000US360810555001,2.0
1500000US360810525002,2.0
1500000US360810327001,2.0
1500000US360610201011,2.0
1500000US360470527005,2.0
1500000US360470328001,2.0
1500000US360810650002,2.0
1500000US360850291033,2.0
1500000US360050092001,2.0
1500000US360610072003,2.0
1500000US360470804003,2.0
1500000US360810102001,2.0
1500000US360050222002,2.0
1500000US360810008002,2.0
1500000US360470678002,2.0
1500000US360050279002,2.0
1500000US360810457001,2.0
1500000US360050211002,2.0
1500000US360610015022,2.0
1500000US360470098001,2.0
1500000US360050179023,2.0
1500000US360610059001,2.0
1500000US360810352002,2.0
1500000US360470036002,2.0
1500000US360810448001,2.0
1500000US360471214002,2.0
1500000US360050067005,2.0
1500000US360810002002,2.0
1500000US360810190002,2.0
1500000US360610002011,2.0
1500000US360810505001,2.0
1500000US360470578002,2.0
1500000US360470377001,2.0
1500000US360470482002,2.0
1500000US360050411002,2.0
1500000US360050370003,2.0
1500000US360470262001,2.0
1500000US360810518002,2.0
1500000US360810493021,2.0
1500000US360050255003,2.0
1500000US360810788001,2.0
1500000US360050175003,2.0
1500000US360050229021,2.0
1500000US360810591001,2.0
1500000US360050228001,2.0
1500000US360050484003,2.0
1500000US360810656002,2.0
1500000US360471186001,2.0
1500000US360610159007,2.0
1500000US360050431006,2.0
1500000US360850081002,2.0
1500000US360810178001,2.0
1500000US360050413001,2.0
1500000US360610189003,2.0
1500000US360810394001,2.0
1500000US360050025002,2.0
1500000US360050376001,2.0
1500000US360850208012,2.0
1500000US360050369011,2.0
1500000US360810638005,2.0
1500000US360470319002,2.0
1500000US360471182011,2.0
1500000US360470366002,2.0
1500000US360050078002,2.0
1500000US360471006001,2.0
1500000US360470586001,2.0
1500000US360810178002,2.0
1500000US360471166001,2.0
1500000US360470928002,2.0
1500000US360470356011,2.0
1500000US360470221002,2.0
1500000US360471130001,2.0
1500000US360470798021,2.0
1500000US360470477002,2.0
1500000US360811032023,2.0
1500000US360050042006,2.0
1500000US360050169001,2.0
1500000US360810409004,2.0
1500000US360470317022,2.0
1500000US360810291002,2.0
1500000US360810050001,2.0
1500000US360050241005,2.0
1500000US360810148001,2.0
1500000US360610041005,2.0
1500000US360470806001,2.0
1500000US360470990001,2.0
1500000US360470934002,2.0
1500000US360470421003,2.0
1500000US360050004001,2.0
1500000US360470906003,2.0
1500000US360810273002,2.0
1500000US360811123002,2.0
1500000US360810863004,2.0
1500000US360470529001,2.0
1500000US360470822001,2.0
1500000US360470427003,2.0
1500000US360810849004,2.0
1500000US360050408003,2.0
1500000US360610195001,2.0
1500000US360471142022,2.0
1500000US360810079002,2.0
1500000US360810198003,2.0
1500000US360470730001,2.0
1500000US360610245002,2.0
1500000US360470190002,2.0
1500000US360810600001,2.0
1500000US360810437023,2.0
1500000US360810582001,2.0
1500000US360470141003,2.0
1500000US360610077002,2.0
1500000US360810945002,2.0
1500000US360610072002,2.0
1500000US360050324002,2.0
1500000US360810508001,2.0
1500000US360470954001,2.0
1500000US360050175004,2.0
1500000US360050419001,2.0
1500000US360050233014,2.0
1500000US360470722002,2.0
1500000US360050224041,2.0
1500000US360610180002,2.0
1500000US360810462001,2.0
1500000US360470762001,2.0
1500000US360610273001,2.0
1500000US360610255004,2.0
1500000US360810168002,2.0
1500000US360610064004,2.0
1500000US360470062002,2.0
1500000US360050422002,2.0
1500000US360810797021,2.0
1500000US360470022002,2.0
1500000US360610159006,2.0
1500000US360610072005,2.0
1500000US360610189002,2.0
1500000US360470327001,2.0
1500000US360050286001,2.0
1500000US360810264001,2.0
1500000US360811467001,2.0
1500000US360470421001,2.0
1500000US360810493022,2.0
1500000US360610224004,2.0
1500000US360470100002,2.0
1500000US360471130002,2.0
1500000US360610095002,2.0
1500000US360610279006,2.0
1500000US360470870002,2.0
1500000US360610082001,2.0
1500000US360050087002,2.0
1500000US360050423003,2.0
1500000US360850226001,2.0
1500000US360050401001,2.0
1500000US360470826004,2.0
1500000US360810580003,2.0
1500000US360470944021,2.0
1500000US360610261007,2.0
1500000US360470874011,2.0
1500000US360050365021,2.0
1500000US360810591004,2.0
1500000US360050228003,2.0
1500000US360470341001,2.0
1500000US360470610041,2.0
1500000US360810192001,2.0
1500000US360471198002,2.0
1500000US360610212003,2.0
1500000US360470323002,2.0
1500000US360470335002,2.0
1500000US360610170003,2.0
1500000US360811157003,2.0
1500000US360470437004,2.0
1500000US360470860003,2.0
1500000US360811291044,2.0
1500000US360470303001,2.0
1500000US360610241001,2.0
1500000US360610065003,2.0
1500000US360610309004,2.0
1500000US360810404003,2.0
1500000US360810120001,2.0
1500000US360470295001,2.0
1500000US360470276003,2.0
1500000US360610265003,2.0
1500000US360610189004,2.0
1500000US360850146042,2.0
1500000US360470371005,2.0
1500000US360810317003,2.0
1500000US360470161001,2.0
1500000US360610227001,2.0
1500000US360050069003,2.0
1500000US360810358003,2.0
1500000US360470610022,2.0
1500000US360810339001,2.0
1500000US360810152001,2.0
1500000US360470506003,2.0
1500000US360050434003,2.0
1500000US360470305003,2.0
1500000US360810061004,2.0
1500000US360811385011,2.0
1500000US360810006003,2.0
1500000US360050211003,2.0
1500000US360470900007,2.0
1500000US360810551002,2.0
1500000US360810531003,2.0
1500000US360610033002,2.0
1500000US360050395003,2.0
1500000US360050251006,2.0
1500000US360471172022,2.0
1500000US360470527004,2.0
1500000US360470992001,2.0
1500000US360470724001,2.0
1500000US360810124001,2.0
1500000US360810358001,2.0
1500000US360810054001,2.0
1500000US360810358002,2.0
1500000US360470289002,2.0
1500000US360810330005,2.0
1500000US360810540003,2.0
1500000US360470792001,2.0
1500000US360610261003,2.0
1500000US360810415002,2.0
1500000US360471058013,2.0
1500000US360470423001,2.0
1500000US360610065002,2.0
1500000US360610002012,2.0
1500000US360810542003,2.0
1500000US360810144001,2.0
1500000US360050394001,2.0
1500000US360050027022,2.0
1500000US360810553002,2.0
1500000US360610187001,2.0
1500000US360610247004,2.0
1500000US360850074002,2.0
1500000US360470315001,2.0
1500000US360610032003,2.0
1500000US360610025003,2.0
1500000US360470321003,2.0
1500000US360470443001,2.0
1500000US360850303021,2.0
1500000US360470336002,2.0
1500000US360470788002,2.0
1500000US360470101002,2.0
1500000US360610247005,2.0
1500000US360810033003,2.0
1500000US360810334012,2.0
1500000US360850239002,2.0
1500000US360610139005,2.0
1500000US360850213004,2.0
1500000US360050004002,2.0
1500000US360050364002,2.0
1500000US360050229023,2.0
1500000US360610121003,2.0
1500000US360050144004,2.0
1500000US360050181023,2.0
1500000US360050381002,2.0
1500000US360610081004,2.0
1500000US360470996002,2.0
1500000US360810540002,2.0
1500000US360610002025,2.0
1500000US360810153001,2.0
1500000US360810779051,2.0
1500000US360470405001,2.0
1500000US360810376002,2.0
1500000US360810188001,2.0
1500000US360810164001,2.0
1500000US360470341002,2.0
1500000US360470298003,2.0
1500000US360810655011,2.0
1500000US360810934021,2.0
1500000US360471522002,2.0
1500000US360810361001,2.0
1500000US360050235022,2.0
1500000US360050310002,2.0
1500000US360810025005,2.0
1500000US360470910002,2.0
1500000US360810432001,2.0
1500000US360470102003,2.0
1500000US360050004003,2.0
1500000US360470449004,2.0
1500000US360050398003,2.0
1500000US360810865002,2.0
1500000US360050054003,2.0
1500000US360470323003,2.0
1500000US360050098002,2.0
1500000US360810403003,2.0
1500000US360810062022,2.0
1500000US360610093006,2.0
1500000US360050405023,2.0
1500000US360470293003,2.0
1500000US360050344002,2.0
1500000US360810683001,2.0
1500000US360050145003,2.0
1500000US360610079002,2.0
1500000US360810069002,2.0
1500000US360470291003,2.0
1500000US360470296002,2.0
1500000US360050044001,2.0
1500000US360050213022,2.0
1500000US360810055001,2.0
1500000US360471192003,2.0
1500000US360810289001,2.0
1500000US360810539001,2.0
1500000US360610205001,2.0
1500000US360470397002,2.0
1500000US360050098005,2.0
1500000US360050363001,1.6666666666666667
1500000US360050431007,1.6666666666666667
1500000US360470150002,1.6666666666666667
1500000US360810855004,1.6666666666666667
1500000US360610193005,1.6666666666666667
1500000US360471160003,1.6666666666666667
1500000US360810269021,1.6666666666666667
1500000US360610255002,1.6666666666666667
1500000US360810381001,1.6666666666666667
1500000US360850319021,1.6666666666666667
1500000US360050189002,1.6666666666666667
1500000US360470180001,1.6666666666666667
1500000US360470944013,1.6666666666666667
1500000US360050288002,1.6666666666666667
1500000US360610056001,1.6666666666666667
1500000US360470411001,1.6666666666666667
1500000US360810172001,1.6666666666666667
1500000US360050386002,1.6666666666666667
1500000US360470395001,1.6666666666666667
1500000US360050238003,1.6666666666666667
1500000US360610291003,1.6666666666666667
1500000US360050056003,1.6666666666666667
1500000US360850303011,1.6666666666666667
1500000US360850007003,1.6666666666666667
1500000US360470826001,1.6666666666666667
1500000US360050216013,1.6666666666666667
1500000US360050223003,1.6666666666666667
1500000US360470385004,1.6666666666666667
1500000US360471190002,1.6666666666666667
1500000US360470415001,1.6666666666666667
1500000US360610034002,1.6666666666666667
1500000US360470680002,1.6666666666666667
1500000US360810516002,1.6666666666666667
1500000US360470894003,1.6666666666666667
1500000US360470265003,1.6666666666666667
1500000US360610024002,1.6666666666666667
1500000US360050053002,1.6666666666666667
1500000US360471170001,1.6666666666666667
1500000US360050147022,1.6666666666666667
1500000US360810552002,1.6666666666666667
1500000US360470824001,1.6666666666666667
1500000US360470297003,1.6666666666666667
1500000US360470360022,1.6666666666666667
1500000US360810532001,1.6666666666666667
1500000US360810443011,1.6666666666666667
1500000US360810330004,1.6666666666666667
1500000US360470117003,1.6666666666666667
1500000US360470551003,1.6666666666666667
1500000US360050210021,1.6666666666666667
1500000US360471058042,1.6666666666666667
1500000US360810279002,1.6666666666666667
1500000US360610138004,1.6666666666666667
1500000US360050504001,1.6666666666666667
1500000US360470009002,1.6666666666666667
1500000US360470183002,1.6666666666666667
1500000US360470062003,1.6666666666666667
1500000US360470480002,1.6666666666666667
1500000US360810480002,1.6666666666666667
1500000US360810235004,1.6666666666666667
1500000US360470924003,1.6666666666666667
1500000US360470400001,1.6666666666666667
1500000US360050212003,1.6666666666666667
1500000US360470428003,1.6666666666666667
1500000US360810172002,1.6666666666666667
1500000US360050251004,1.6666666666666667
1500000US360810147003,1.6666666666666667
1500000US360811571022,1.6666666666666667
1500000US360470784002,1.6666666666666667
1500000US360610177004,1.6666666666666667
1500000US360470722001,1.6666666666666667
1500000US360810682002,1.6666666666666667
1500000US360470328003,1.6666666666666667
1500000US360810633022,1.6666666666666667
1500000US360470535004,1.6666666666666667
1500000US360810660001,1.6666666666666667
1500000US360610087004,1.6666666666666667
1500000US360470289001,1.6666666666666667
1500000US360810542004,1.6666666666666667
1500000US360811185001,1.6666666666666667
1500000US360810047001,1.6666666666666667
1500000US360050205013,1.6666666666666667
1500000US360470728002,1.6666666666666667
1500000US360810004001,1.6666666666666667
1500000US360470431004,1.6666666666666667
1500000US360610155006,1.6666666666666667
1500000US360471026001,1.6666666666666667
1500000US360810183005,1.6666666666666667
1500000US360470058001,1.6666666666666667
1500000US360470280001,1.6666666666666667
1500000US360610212004,1.6666666666666667
1500000US360810154002,1.6666666666666667
1500000US360810140001,1.6666666666666667
1500000US360470433003,1.6666666666666667
1500000US360470021002,1.6666666666666667
1500000US360810561001,1.6666666666666667
1500000US360470622001,1.6666666666666667
1500000US360811347005,1.6666666666666667
1500000US360810039001,1.6666666666666667
1500000US360470301002,1.6666666666666667
1500000US360470265004,1.6666666666666667
1500000US360470385002,1.6666666666666667
1500000US360050233012,1.6666666666666667
1500000US360470110002,1.6666666666666667
1500000US360810627002,1.6666666666666667
1500000US360470001001,1.6666666666666667
1500000US360470748001,1.6666666666666667
1500000US360610070001,1.6666666666666667
1500000US360050462024,1.6666666666666667
1500000US360471186002,1.6666666666666667
1500000US360470102001,1.6666666666666667
1500000US360050448001,1.6666666666666667
1500000US360470726001,1.6666666666666667
1500000US360810557003,1.6666666666666667
1500000US360810741002,1.6666666666666667
1500000US360470118001,1.6666666666666667
1500000US360610056002,1.6666666666666667
1500000US360470768001,1.6666666666666667
1500000US360050151001,1.6666666666666667
1500000US360810081001,1.6666666666666667
1500000US360470253003,1.6666666666666667
1500000US360811385013,1.6666666666666667
1500000US360471160002,1.6666666666666667
1500000US360471078001,1.6666666666666667
1500000US360050238002,1.6666666666666667
1500000US360050209001,1.6666666666666667
1500000US360810038002,1.6666666666666667
1500000US360050144006,1.6666666666666667
1500000US360470445003,1.6666666666666667
1500000US360810104001,1.6666666666666667
1500000US360050425006,1.6666666666666667
1500000US360470363004,1.6666666666666667
1500000US360610043001,1.6666666666666667
1500000US360610071001,1.6666666666666667
1500000US360470207001,1.6666666666666667
1500000US360050127011,1.6666666666666667
1500000US360470031002,1.6666666666666667
1500000US360470796011,1.6666666666666667
1500000US360050371004,1.6666666666666667
1500000US360850146081,1.6666666666666667
1500000US360471058044,1.6666666666666667
1500000US360050084002,1.6666666666666667
1500000US360850223002,1.6666666666666667
1500000US360471210002,1.6666666666666667
1500000US360470954002,1.6666666666666667
1500000US360810399002,1.6666666666666667
1500000US360470339001,1.6666666666666667
1500000US360050458003,1.6666666666666667
1500000US360050144005,1.6666666666666667
1500000US360810713044,1.6666666666666667
1500000US360610230003,1.6666666666666667
1500000US360050264004,1.6666666666666667
1500000US360470579001,1.6666666666666667
1500000US360610181006,1.6666666666666667
1500000US360470438002,1.6666666666666667
1500000US360811008011,1.6666666666666667
1500000US360470840002,1.6666666666666667
1500000US360810034002,1.6666666666666667
1500000US360850128062,1.6666666666666667
1500000US360810837004,1.6666666666666667
1500000US360610006004,1.6666666666666667
1500000US360810062024,1.6666666666666667
1500000US360470870001,1.6666666666666667
1500000US360811267001,1.6666666666666667
1500000US360050263003,1.6666666666666667
1500000US360470288002,1.6666666666666667
1500000US360470122002,1.6666666666666667
1500000US360050328001,1.6666666666666667
1500000US360610291001,1.6666666666666667
1500000US360610200001,1.6666666666666667
1500000US360470670001,1.6666666666666667
1500000US360470315002,1.6666666666666667
1500000US360470497003,1.6666666666666667
1500000US360850039002,1.6666666666666667
1500000US360470252003,1.6666666666666667
1500000US360470132002,1.6666666666666667
1500000US360610065004,1.6666666666666667
1500000US360811451022,1.6666666666666667
1500000US360470409002,1.6666666666666667
1500000US360810434001,1.6666666666666667
1500000US360810147001,1.6666666666666667
1500000US360810051002,1.6666666666666667
1500000US360610193001,1.6666666666666667
1500000US360470361002,1.6666666666666667
1500000US360470317021,1.6666666666666667
1500000US360470361001,1.6666666666666667
1500000US360810531002,1.6666666666666667
1500000US360610110003,1.6666666666666667
1500000US360050405024,1.6666666666666667
1500000US360050436001,1.6666666666666667
1500000US360470280002,1.6666666666666667
1500000US360470435003,1.6666666666666667
1500000US360470246003,1.6666666666666667
1500000US360610133004,1.6666666666666667
1500000US360050425002,1.6666666666666667
1500000US360050361002,1.6666666666666667
1500000US360050064001,1.6666666666666667
1500000US360050456002,1.6666666666666667
1500000US360470510011,1.6666666666666667
1500000US360610098002,1.6666666666666667
1500000US360470371001,1.6666666666666667
1500000US360470319001,1.6666666666666667
1500000US360610140004,1.6666666666666667
1500000US360470427002,1.6666666666666667
1500000US360470249002,1.6666666666666667
1500000US360610073002,1.6666666666666667
1500000US360470069004,1.6666666666666667
1500000US360470030002,1.6666666666666667
1500000US360810058003,1.6666666666666667
1500000US360470059001,1.6666666666666667
1500000US360850081001,1.6666666666666667
1500000US360810484004,1.6666666666666667
1500000US360470365012,1.6666666666666667
1500000US360850146044,1.6666666666666667
1500000US360810271002,1.6666666666666667
1500000US360610273004,1.6666666666666667
1500000US360610235011,1.6666666666666667
1500000US360470936001,1.6666666666666667
1500000US360470696012,1.6666666666666667
1500000US360050229013,1.6666666666666667
1500000US360471008001,1.6666666666666667
1500000US360610169003,1.6666666666666667
1500000US360050200004,1.6666666666666667
1500000US360470886003,1.6666666666666667
1500000US360810126011,1.6666666666666667
1500000US360470922001,1.6666666666666667
1500000US360810512001,1.6666666666666667
1500000US360850248003,1.6666666666666667
1500000US360050386001,1.6666666666666667
1500000US360470902002,1.6666666666666667
1500000US360050075004,1.6666666666666667
1500000US360470575003,1.6666666666666667
1500000US360810884006,1.6666666666666667
1500000US360470100001,1.6666666666666667
1500000US360610043002,1.6666666666666667
1500000US360470696022,1.6666666666666667
1500000US360810061002,1.6666666666666667
1500000US360810158011,1.6666666666666667
1500000US360610281002,1.6666666666666667
1500000US360810475001,1.6666666666666667
1500000US360470427004,1.6666666666666667
1500000US360470578001,1.6666666666666667
1500000US360810427001,1.6666666666666667
1500000US360470545006,1.6666666666666667
1500000US360610067003,1.6666666666666667
1500000US360050345002,1.6666666666666667
1500000US360470882004,1.6666666666666667
1500000US360610183006,1.6666666666666667
1500000US360810108002,1.6666666666666667
1500000US360810713042,1.6666666666666667
1500000US360810320002,1.6666666666666667
1500000US360470163001,1.6666666666666667
1500000US360050379004,1.6666666666666667
1500000US360471522001,1.6666666666666667
1500000US360610040001,1.6666666666666667
1500000US360810646001,1.6666666666666667
1500000US360050241001,1.6666666666666667
1500000US360810690001,1.6666666666666667
1500000US360470331001,1.6666666666666667
1500000US360850319012,1.6666666666666667
1500000US360610008003,1.6666666666666667
1500000US360810179002,1.6666666666666667
1500000US360050363005,1.6666666666666667
1500000US360810254002,1.6666666666666667
1500000US360610042002,1.6666666666666667
1500000US360470776002,1.6666666666666667
1500000US360050426005,1.6666666666666667
1500000US360050393003,1.6666666666666667
1500000US360470834002,1.6666666666666667
1500000US360470347002,1.6666666666666667
1500000US360050229015,1.6666666666666667
1500000US360050419006,1.6666666666666667
1500000US360850201002,1.6666666666666667
1500000US360810598002,1.6666666666666667
1500000US360810972043,1.6666666666666667
1500000US360850170103,1.6666666666666667
1500000US360850075003,1.6666666666666667
1500000US360610139002,1.6666666666666667
1500000US360050063003,1.6666666666666667
1500000US360470591003,1.6666666666666667
1500000US360610020003,1.6666666666666667
1500000US360050430001,1.6666666666666667
1500000US360050358003,1.6666666666666667
1500000US360050405026,1.6666666666666667
1500000US360610002021,1.6666666666666667
1500000US360470523003,1.6666666666666667
1500000US360811215002,1.6666666666666667
1500000US360810339003,1.6666666666666667
1500000US360810071003,1.6666666666666667
1500000US360850207003,1.6666666666666667
1500000US360470251001,1.6666666666666667
1500000US360850187024,1.6666666666666667
1500000US360810559001,1.6666666666666667
1500000US360610175005,1.6666666666666667
1500000US360470462012,1.6666666666666667
1500000US360850122002,1.6666666666666667
1500000US360470486001,1.6666666666666667
1500000US360610064001,1.6666666666666667
1500000US360810199001,1.6666666666666667
1500000US360470938001,1.6666666666666667
1500000US360810285002,1.6666666666666667
1500000US360810467001,1.6666666666666667
1500000US360610178003,1.6666666666666667
1500000US360610067004,1.6666666666666667
1500000US360610173002,1.6666666666666667
1500000US360810513001,1.6666666666666667
1500000US360810539002,1.6666666666666667
1500000US360470373003,1.6666666666666667
1500000US360470970002,1.6666666666666667
1500000US360810547001,1.6666666666666667
1500000US360050411003,1.6666666666666667
1500000US360810560002,1.6666666666666667
1500000US360470360012,1.6666666666666667
1500000US360810309033,1.6666666666666667
1500000US360470696011,1.6666666666666667
1500000US360810043002,1.6666666666666667
1500000US360810938001,1.6666666666666667
1500000US360050369012,1.6666666666666667
1500000US360810837002,1.6666666666666667
1500000US360810478003,1.6666666666666667
1500000US360811205001,1.6666666666666667
1500000US360050210016,1.6666666666666667
1500000US360610089004,1.6666666666666667
1500000US360470490003,1.6666666666666667
1500000US360050274022,1.6666666666666667
1500000US360810137001,1.6666666666666667
1500000US360810524002,1.6666666666666667
1500000US360610269001,1.6666666666666667
1500000US360810155001,1.6666666666666667
1500000US360810504001,1.6666666666666667
1500000US360470161002,1.6666666666666667
1500000US360610008001,1.6666666666666667
1500000US360470394001,1.6666666666666667
1500000US360811227015,1.6666666666666667
1500000US360050273003,1.6666666666666667
1500000US360610177003,1.6666666666666667
1500000US360470112001,1.6666666666666667
1500000US360050277004,1.6666666666666667
1500000US360850008003,1.6666666666666667
1500000US360050267026,1.6666666666666667
1500000US360470792002,1.6666666666666667
1500000US360470100004,1.6666666666666667
1500000US360470922002,1.6666666666666667
1500000US360850226004,1.6666666666666667
1500000US360810262001,1.6666666666666667
1500000US360810273005,1.6666666666666667
1500000US360050078001,1.6666666666666667
1500000US360471158001,1.6666666666666667
1500000US360470075005,1.6666666666666667
1500000US360610199006,1.6666666666666667
1500000US360810394003,1.6666666666666667
1500000US360810567003,1.6666666666666667
1500000US360810330003,1.6666666666666667
1500000US360470584001,1.6666666666666667
1500000US360610243012,1.6666666666666667
1500000US360050426002,1.6666666666666667
1500000US360470090002,1.6666666666666667
1500000US360470219001,1.6666666666666667
1500000US360610225005,1.6666666666666667
1500000US360610132007,1.6666666666666667
1500000US360610041003,1.6666666666666667
1500000US360850231002,1.6666666666666667
1500000US360470822003,1.6666666666666667
1500000US360810568002,1.6666666666666667
1500000US360610145003,1.6666666666666667
1500000US360470181003,1.6666666666666667
1500000US360050236001,1.6666666666666667
1500000US360470364002,1.6666666666666667
1500000US360810859003,1.6666666666666667
1500000US360610189001,1.6666666666666667
1500000US360470064003,1.6666666666666667
1500000US360810437012,1.6666666666666667
1500000US360470370001,1.6666666666666667
1500000US360610077003,1.6666666666666667
1500000US360810551003,1.6666666666666667
1500000US360470110001,1.6666666666666667
1500000US360470211002,1.6666666666666667
1500000US360610028003,1.6666666666666667
1500000US360810803013,1.6666666666666667
1500000US360850303022,1.6666666666666667
1500000US360810590001,1.6666666666666667
1500000US360610145001,1.6666666666666667
1500000US360810745001,1.6666666666666667
1500000US360470377003,1.6666666666666667
1500000US360811072011,1.6666666666666667
1500000US360610211001,1.3333333333333333
1500000US360810603001,1.3333333333333333
1500000US360610112032,1.3333333333333333
1500000US360811010012,1.3333333333333333
1500000US360810719001,1.3333333333333333
1500000US360050310001,1.3333333333333333
1500000US360810530001,1.3333333333333333
1500000US360470139002,1.3333333333333333
1500000US360470069001,1.3333333333333333
1500000US360810864002,1.3333333333333333
1500000US360050429022,1.3333333333333333
1500000US360470551001,1.3333333333333333
1500000US360610014011,1.3333333333333333
1500000US360810108001,1.3333333333333333
1500000US360810622001,1.3333333333333333
1500000US360810220013,1.3333333333333333
1500000US360470060003,1.3333333333333333
1500000US360470594013,1.3333333333333333
1500000US360810276001,1.3333333333333333
1500000US360810554002,1.3333333333333333
1500000US360470244001,1.3333333333333333
1500000US360610158014,1.3333333333333333
1500000US360810044012,1.3333333333333333
1500000US360050215013,1.3333333333333333
1500000US360470135002,1.3333333333333333
1500000US360470592002,1.3333333333333333
1500000US360810036002,1.3333333333333333
1500000US360810557002,1.3333333333333333
1500000US360850189021,1.3333333333333333
1500000US360470122003,1.3333333333333333
1500000US360050038001,1.3333333333333333
1500000US360470493003,1.3333333333333333
1500000US360610066004,1.3333333333333333
1500000US360810269012,1.3333333333333333
1500000US360050240002,1.3333333333333333
1500000US360610016004,1.3333333333333333
1500000US360810088002,1.3333333333333333
1500000US360470930002,1.3333333333333333
1500000US360470561001,1.3333333333333333
1500000US360050444004,1.3333333333333333
1500000US360470462022,1.3333333333333333
1500000US360810287001,1.3333333333333333
1500000US360610061001,1.3333333333333333
1500000US360610015013,1.3333333333333333
1500000US360050211004,1.3333333333333333
1500000US360610179005,1.3333333333333333
1500000US360610175004,1.3333333333333333
1500000US360610043003,1.3333333333333333
1500000US360810291001,1.3333333333333333
1500000US360470528002,1.3333333333333333
1500000US360050411001,1.3333333333333333
1500000US360610216004,1.3333333333333333
1500000US360810113001,1.3333333333333333
1500000US360811621002,1.3333333333333333
1500000US360810568003,1.3333333333333333
1500000US360610078006,1.3333333333333333
1500000US360470153003,1.3333333333333333
1500000US360810187001,1.3333333333333333
1500000US360470227003,1.3333333333333333
1500000US360810130002,1.3333333333333333
1500000US360810530002,1.3333333333333333
1500000US360470317012,1.3333333333333333
1500000US360610201024,1.3333333333333333
1500000US360470508042,1.3333333333333333
1500000US360471190001,1.3333333333333333
1500000US360610173003,1.3333333333333333
1500000US360470058002,1.3333333333333333
1500000US360470077004,1.3333333333333333
1500000US360050276001,1.3333333333333333
1500000US360050385002,1.3333333333333333
1500000US360470138003,1.3333333333333333
1500000US360610111003,1.3333333333333333
1500000US360810664002,1.3333333333333333
1500000US360810892005,1.3333333333333333
1500000US360050064002,1.3333333333333333
1500000US360050070002,1.3333333333333333
1500000US360850007002,1.3333333333333333
1500000US360610193003,1.3333333333333333
1500000US360050212004,1.3333333333333333
1500000US360470360021,1.3333333333333333
1500000US360810626001,1.3333333333333333
1500000US360810619001,1.3333333333333333
1500000US360050264003,1.3333333333333333
1500000US360810779043,1.3333333333333333
1500000US360470422002,1.3333333333333333
1500000US360050413006,1.3333333333333333
1500000US360810102002,1.3333333333333333
1500000US360810030001,1.3333333333333333
1500000US360610183003,1.3333333333333333
1500000US360810079001,1.3333333333333333
1500000US360470790004,1.3333333333333333
1500000US360610140001,1.3333333333333333
1500000US360610201022,1.3333333333333333
1500000US360050338004,1.3333333333333333
1500000US360610080001,1.3333333333333333
1500000US360470724002,1.3333333333333333
1500000US360610317041,1.3333333333333333
1500000US360470198001,1.3333333333333333
1500000US360050415006,1.3333333333333333
1500000US360470984001,1.3333333333333333
1500000US360050266022,1.3333333333333333
1500000US360470493002,1.3333333333333333
1500000US360470190003,1.3333333333333333
1500000US360810062027,1.3333333333333333
1500000US360610082002,1.3333333333333333
1500000US360811483001,1.3333333333333333
1500000US360610279005,1.3333333333333333
1500000US360810907001,1.3333333333333333
1500000US360810585001,1.3333333333333333
1500000US360050159002,1.3333333333333333
1500000US360610177007,1.3333333333333333
1500000US360470447002,1.3333333333333333
1500000US360470176002,1.3333333333333333
1500000US360610057002,1.3333333333333333
1500000US360470421004,1.3333333333333333
1500000US360050393004,1.3333333333333333
1500000US360470419001,1.3333333333333333
1500000US360471162003,1.3333333333333333
1500000US360050426003,1.3333333333333333
1500000US360810892003,1.3333333333333333
1500000US360050179012,1.3333333333333333
1500000US360610171003,1.3333333333333333
1500000US360810113002,1.3333333333333333
1500000US360470190001,1.3333333333333333
1500000US360610257002,1.3333333333333333
1500000US360050358001,1.3333333333333333
1500000US360850125003,1.3333333333333333
1500000US360811377001,1.3333333333333333
1500000US360610173007,1.3333333333333333
1500000US360470494002,1.3333333333333333
1500000US360610162001,1.3333333333333333
1500000US360470311003,1.3333333333333333
1500000US360850244012,1.3333333333333333
1500000US360470798022,1.3333333333333333
1500000US360470573003,1.3333333333333333
1500000US360811193002,1.3333333333333333
1500000US360470257003,1.3333333333333333
1500000US360811377004,1.3333333333333333
1500000US360470549001,1.3333333333333333
1500000US360810997033,1.3333333333333333
1500000US360610072006,1.3333333333333333
1500000US360470608003,1.3333333333333333
1500000US360050085004,1.3333333333333333
1500000US360810194001,1.3333333333333333
1500000US360810294001,1.3333333333333333
1500000US360470106003,1.3333333333333333
1500000US360811227014,1.3333333333333333
1500000US360810271004,1.3333333333333333
1500000US360610130001,1.3333333333333333
1500000US360811047005,1.3333333333333333
1500000US360470610032,1.3333333333333333
1500000US360470690002,1.3333333333333333
1500000US360610128001,1.3333333333333333
1500000US360811199001,1.3333333333333333
1500000US360610239001,1.3333333333333333
1500000US360810614001,1.3333333333333333
1500000US360471058011,1.3333333333333333
1500000US360610151001,1.3333333333333333
1500000US360610238021,1.3333333333333333
1500000US360610132006,1.3333333333333333
1500000US360810024001,1.3333333333333333
1500000US360610068006,1.3333333333333333
1500000US360470393001,1.3333333333333333
1500000US360470328004,1.3333333333333333
1500000US360610032004,1.3333333333333333
1500000US360810317004,1.3333333333333333
1500000US360610161003,1.3333333333333333
1500000US360850201001,1.3333333333333333
1500000US360470260003,1.3333333333333333
1500000US360810317001,1.3333333333333333
1500000US360810126012,1.3333333333333333
1500000US360470508041,1.3333333333333333
1500000US360470116001,1.3333333333333333
1500000US360470126003,1.3333333333333333
1500000US360610171001,1.3333333333333333
1500000US360050391006,1.3333333333333333
1500000US360470894001,1.3333333333333333
1500000US360610078005,1.3333333333333333
1500000US360810404002,1.3333333333333333
1500000US360050002001,1.3333333333333333
1500000US360470558002,1.3333333333333333
1500000US360610148021,1.3333333333333333
1500000US360470141002,1.3333333333333333
1500000US360811010021,1.3333333333333333
1500000US360810220012,1.3333333333333333
1500000US360050079002,1.3333333333333333
1500000US360810439001,1.3333333333333333
1500000US360471058043,1.3333333333333333
1500000US360050380001,1.3333333333333333
1500000US360810613011,1.3333333333333333
1500000US360810664004,1.3333333333333333
1500000US360050407013,1.3333333333333333
1500000US360610088004,1.3333333333333333
1500000US360470554001,1.3333333333333333
1500000US360050206012,1.3333333333333333
1500000US360470254001,1.3333333333333333
1500000US360810547003,1.3333333333333333
1500000US360811157002,1.3333333333333333
1500000US360850006002,1.3333333333333333
1500000US360470279002,1.3333333333333333
1500000US360470768003,1.3333333333333333
1500000US360470934001,1.3333333333333333
1500000US360470988001,1.3333333333333333
1500000US360470096001,1.3333333333333333
1500000US360810181022,1.3333333333333333
1500000US360470234001,1.3333333333333333
1500000US360810580002,1.3333333333333333
1500000US360470178002,1.3333333333333333
1500000US360050249001,1.3333333333333333
1500000US360470413003,1.3333333333333333
1500000US360610154003,1.3333333333333333
1500000US360850181003,1.3333333333333333
1500000US360470678001,1.3333333333333333
1500000US360850097003,1.3333333333333333
1500000US360470333001,1.3333333333333333
1500000US360810118001,1.3333333333333333
1500000US360810840005,1.3333333333333333
1500000US360810112001,1.3333333333333333
1500000US360050225003,1.3333333333333333
1500000US360810739004,1.3333333333333333
1500000US360050381001,1.3333333333333333
1500000US360610154001,1.3333333333333333
1500000US360811241003,1.3333333333333333
1500000US360050098003,1.3333333333333333
1500000US360811155002,1.3333333333333333
1500000US360470658002,1.3333333333333333
1500000US360610063002,1.3333333333333333
1500000US360610032007,1.3333333333333333
1500000US360470788003,1.3333333333333333
1500000US360610140002,1.3333333333333333
1500000US360470400003,1.3333333333333333
1500000US360050090002,1.3333333333333333
1500000US360470295002,1.3333333333333333
1500000US360810010002,1.3333333333333333
1500000US360470443003,1.3333333333333333
1500000US360470071003,1.3333333333333333
1500000US360470327002,1.3333333333333333
1500000US360470267003,1.3333333333333333
1500000US360610283003,1.3333333333333333
1500000US360610179002,1.3333333333333333
1500000US360810373001,1.3333333333333333
1500000US360050199002,1.3333333333333333
1500000US360470988002,1.3333333333333333
1500000US360050424002,1.3333333333333333
1500000US360811161002,1.3333333333333333
1500000US360470066002,1.3333333333333333
1500000US360050050024,1.3333333333333333
1500000US360810664008,1.3333333333333333
1500000US360050273002,1.3333333333333333
1500000US360470106001,1.3333333333333333
1500000US360050059022,1.3333333333333333
1500000US360470261001,1.3333333333333333
1500000US360610156012,1.3333333333333333
1500000US360470066003,1.3333333333333333
1500000US360610018006,1.3333333333333333
1500000US360610041006,1.3333333333333333
1500000US360810309023,1.3333333333333333
1500000US360810309022,1.3333333333333333
1500000US360810583001,1.3333333333333333
1500000US360470498003,1.3333333333333333
1500000US360810440002,1.3333333333333333
1500000US360470438001,1.3333333333333333
1500000US360810154001,1.3333333333333333
1500000US360471142012,1.3333333333333333
1500000US360470864001,1.3333333333333333
1500000US360610071003,1.3333333333333333
1500000US360470732001,1.3333333333333333
1500000US360050016002,1.3333333333333333
1500000US360470387004,1.3333333333333333
1500000US360470738001,1.3333333333333333
1500000US360810665014,1.3333333333333333
1500000US360050210026,1.3333333333333333
1500000US360050050011,1.3333333333333333
1500000US360471004001,1.3333333333333333
1500000US360810556001,1.3333333333333333
1500000US360050092004,1.3333333333333333
1500000US360470104001,1.3333333333333333
1500000US360610170005,1.3333333333333333
1500000US360050213023,1.3333333333333333
1500000US360470519003,1.3333333333333333
1500000US360050121011,1.3333333333333333
1500000US360810549001,1.3333333333333333
1500000US360610038004,1.3333333333333333
1500000US360810053004,1.3333333333333333
1500000US360050067003,1.3333333333333333
1500000US360610071002,1.3333333333333333
1500000US360470096002,1.3333333333333333
1500000US360471176011,1.3333333333333333
1500000US360470353003,1.3333333333333333
1500000US360050072001,1.3333333333333333
1500000US360470523001,1.3333333333333333
1500000US360810187003,1.3333333333333333
1500000US360810063001,1.3333333333333333
1500000US360050328004,1.3333333333333333
1500000US360811175004,1.3333333333333333
1500000US360470277003,1.3333333333333333
1500000US360610192002,1.3333333333333333
1500000US360470432001,1.3333333333333333
1500000US360470143001,1.3333333333333333
1500000US360050396004,1.3333333333333333
1500000US360810309032,1.3333333333333333
1500000US360810018001,1.3333333333333333
1500000US360610057001,1.3333333333333333
1500000US360050407011,1.3333333333333333
1500000US360810818003,1.3333333333333333
1500000US360470196002,1.3333333333333333
1500000US360810334026,1.3333333333333333
1500000US360470622002,1.3333333333333333
1500000US360050462015,1.3333333333333333
1500000US360810235002,1.3333333333333333
1500000US360050383012,1.3333333333333333
1500000US360850181002,1.3333333333333333
1500000US360470491001,1.3333333333333333
1500000US360050027011,1.3333333333333333
1500000US360050300002,1.3333333333333333
1500000US360470547003,1.3333333333333333
1500000US360470094001,1.3333333333333333
1500000US360810174002,1.3333333333333333
1500000US360470930001,1.3333333333333333
1500000US360050418003,1.3333333333333333
1500000US360050403023,1.3333333333333333
1500000US360470439002,1.3333333333333333
1500000US360850040005,1.3333333333333333
1500000US360810181021,1.3333333333333333
1500000US360610091003,1.3333333333333333
1500000US360470031001,1.3333333333333333
1500000US360050210022,1.3333333333333333
1500000US360470374021,1.3333333333333333
1500000US360810219001,1.3333333333333333
1500000US360810803011,1.3333333333333333
1500000US360470160004,1.3333333333333333
1500000US360470556001,1.3333333333333333
1500000US360610269006,1.3333333333333333
1500000US360470490002,1.3333333333333333
1500000US360470736003,1.3333333333333333
1500000US360470349004,1.3333333333333333
1500000US360810122002,1.3333333333333333
1500000US360810601001,1.3333333333333333
1500000US360810028001,1.3333333333333333
1500000US360470127003,1.3333333333333333
1500000US360050076003,1.3333333333333333
1500000US360810016002,1.3333333333333333
1500000US360811617004,1.3333333333333333
1500000US360470142002,1.3333333333333333
1500000US360050098001,1.3333333333333333
1500000US360850017002,1.3333333333333333
1500000US360470482001,1.3333333333333333
1500000US360810086002,1.3333333333333333
1500000US360610034001,1.3333333333333333
1500000US360470261002,1.3333333333333333
1500000US360050342002,1.3333333333333333
1500000US360050020004,1.3333333333333333
1500000US360810198002,1.3333333333333333
1500000US360470222001,1.3333333333333333
1500000US360050027024,1.3333333333333333
1500000US360811008022,1.3333333333333333
1500000US360810981002,1.3333333333333333
1500000US360610144024,1.3333333333333333
1500000US360470728001,1.3333333333333333
1500000US360470916002,1.3333333333333333
1500000US360610138006,1.3333333333333333
1500000US360810591003,1.3333333333333333
1500000US360470313004,1.3333333333333333
1500000US360810564001,1.3333333333333333
1500000US360810007003,1.3333333333333333
1500000US360810142012,1.3333333333333333
1500000US360810694001,1.3333333333333333
1500000US360810945001,1.3333333333333333
1500000US360470558001,1.3333333333333333
1500000US360050092002,1.3333333333333333
1500000US360470119002,1.3333333333333333
1500000US360810626002,1.3333333333333333
1500000US360810190001,1.3333333333333333
1500000US360810163001,1.3333333333333333
1500000US360470116002,1.3333333333333333
1500000US360610220004,1.3333333333333333
1500000US360470824004,1.3333333333333333
1500000US360850122003,1.3333333333333333
1500000US360811529021,1.3333333333333333
1500000US360470834001,1.3333333333333333
1500000US360810492003,1.3333333333333333
1500000US360810261003,1.3333333333333333
1500000US360810253022,1.3333333333333333
1500000US360470496002,1.3333333333333333
1500000US360610090002,1.3333333333333333
1500000US360050042003,1.3333333333333333
1500000US360810058002,1.3333333333333333
1500000US360470415002,1.3333333333333333
1500000US360050181024,1.3333333333333333
1500000US360850170083,1.3333333333333333
1500000US360810665013,1.3333333333333333
1500000US360810779071,1.3333333333333333
1500000US360050181021,1.3333333333333333
1500000US360610098006,1.3333333333333333
1500000US360810515002,1.3333333333333333
1500000US360610152005,1.3333333333333333
1500000US360470090001,1.3333333333333333
1500000US360810889015,1.3333333333333333
1500000US360470734002,1.3333333333333333
1500000US360850133021,1.3333333333333333
1500000US360050419007,1.3333333333333333
1500000US360050028002,1.3333333333333333
1500000US360811257003,1.3333333333333333
1500000US360810069001,1.3333333333333333
1500000US360610191002,1.3333333333333333
1500000US360050277002,1.3333333333333333
1500000US360810646002,1.3333333333333333
1500000US360050161003,1.3333333333333333
1500000US360810121001,1.3333333333333333
1500000US360470023001,1.3333333333333333
1500000US360470248002,1.3333333333333333
1500000US360810384001,1.3333333333333333
1500000US360470431003,1.3333333333333333
1500000US360610146021,1.3333333333333333
1500000US360810249001,1.3333333333333333
1500000US360810568001,1.3333333333333333
1500000US360810468001,1.3333333333333333
1500000US360810073001,1.3333333333333333
1500000US360470968001,1.3333333333333333
1500000US360470928001,1.3333333333333333
1500000US360810161002,1.3333333333333333
1500000US360470746002,1.3333333333333333
1500000US360470375001,1.3333333333333333
1500000US360050273004,1.3333333333333333
1500000US360050387002,1.3333333333333333
1500000US360470221001,1.3333333333333333
1500000US360850170051,1.3333333333333333
1500000US360810739003,1.3333333333333333
1500000US360470742001,1.3333333333333333
1500000US360050405012,1.3333333333333333
1500000US360050444001,1.3333333333333333
1500000US360470426001,1.3333333333333333
1500000US360470398001,1.3333333333333333
1500000US360470944014,1.3333333333333333
1500000US360850096011,1.3333333333333333
1500000US360470832002,1.3333333333333333
1500000US360810664001,1.3333333333333333
1500000US360050079004,1.3333333333333333
1500000US360810132002,1.3333333333333333
1500000US360810596002,1.3333333333333333
1500000US360810797013,1.3333333333333333
1500000US360810279001,1.3333333333333333
1500000US360470342004,1.3333333333333333
1500000US360610261002,1.3333333333333333
1500000US360850125002,1.3333333333333333
1500000US360610210002,1.3333333333333333
1500000US360470902004,1.3333333333333333
1500000US360470065006,1.3333333333333333
1500000US360470550003,1.3333333333333333
1500000US360810524001,1.3333333333333333
1500000US360050083001,1.3333333333333333
1500000US360470068001,1.3333333333333333
1500000US360470088002,1.3333333333333333
1500000US360050117001,1.3333333333333333
1500000US360470172001,1.3333333333333333
1500000US360811463002,1.3333333333333333
1500000US360810220024,1.3333333333333333
1500000US360610167004,1.3333333333333333
1500000US360810353002,1.3333333333333333
1500000US360610012002,1.3333333333333333
1500000US360470429002,1.3333333333333333
1500000US360050403033,1.3333333333333333
1500000US360610041001,1.3333333333333333
1500000US360470054003,1.3333333333333333
1500000US360470229002,1.3333333333333333
1500000US360610153007,1.3333333333333333
1500000US360810095002,1.3333333333333333
1500000US360610146013,1.3333333333333333
1500000US360470774001,1.3333333333333333
1500000US360811163001,1.3333333333333333
1500000US360610263004,1.3333333333333333
1500000US360470434003,1.3333333333333333
1500000US360470258001,1.3333333333333333
1500000US360810181011,1.3333333333333333
1500000US360470366003,1.3333333333333333
1500000US360810934012,1.3333333333333333
1500000US360470129012,1.3333333333333333
1500000US360470230003,1.3333333333333333
1500000US360810038001,1.3333333333333333
1500000US360470553002,1.3333333333333333
1500000US360610241003,1.3333333333333333
1500000US360470606002,1.3333333333333333
1500000US360050388002,1.3333333333333333
1500000US360810271003,1.3333333333333333
1500000US360810613013,1.3333333333333333
1500000US360470369002,1.3333333333333333
1500000US360810859001,1.3333333333333333
1500000US360050425004,1.3333333333333333
1500000US360810535001,1.3333333333333333
1500000US360470126002,1.3333333333333333
1500000US360810459002,1.3333333333333333
1500000US360610171005,1.3333333333333333
1500000US360470304001,1.3333333333333333
1500000US360470377002,1.3333333333333333
1500000US360471160001,1.3333333333333333
1500000US360470545003,1.3333333333333333
1500000US360470159001,1.3333333333333333
1500000US360470304002,1.3333333333333333
1500000US360850070002,1.3333333333333333
1500000US360470554003,1.3333333333333333
1500000US360470974002,1.3333333333333333
1500000US360810283002,1.3333333333333333
1500000US360470888001,1.3333333333333333
1500000US360850112011,1.3333333333333333
1500000US360610279007,1.3333333333333333
1500000US360810581002,1.0
1500000US360470417002,1.0
1500000US360810845002,1.0
1500000US360470268003,1.0
1500000US360470155004,1.0
1500000US360610225002,1.0
1500000US360470120001,1.0
1500000US360610048004,1.0
1500000US360810105001,1.0
1500000US360810757023,1.0
1500000US360810045001,1.0
1500000US360050076002,1.0
1500000US360610006003,1.0
1500000US360050267021,1.0
1500000US360470317023,1.0
1500000US360850291035,1.0
1500000US360850096012,1.0
1500000US360470576002,1.0
1500000US360470229001,1.0
1500000US360811367004,1.0
1500000US360470580002,1.0
1500000US360470054002,1.0
1500000US360470682001,1.0
1500000US360810545003,1.0
1500000US360470573002,1.0
1500000US360610171002,1.0
1500000US360810110001,1.0
1500000US360810713064,1.0
1500000US360610177001,1.0
1500000US360050247002,1.0
1500000US360471237002,1.0
1500000US360850146052,1.0
1500000US360850036001,1.0
1500000US360470770001,1.0
1500000US360810709001,1.0
1500000US360610145002,1.0
1500000US360850097002,1.0
1500000US360610114011,1.0
1500000US360470349001,1.0
1500000US360810707001,1.0
1500000US360470770002,1.0
1500000US360470405002,1.0
1500000US360850251001,1.0
1500000US360470832001,1.0
1500000US360810059002,1.0
1500000US360470289003,1.0
1500000US360610126005,1.0
1500000US360470486003,1.0
1500000US360470305002,1.0
1500000US360050442005,1.0
1500000US360470244002,1.0
1500000US360810185013,1.0
1500000US360470860002,1.0
1500000US360470369001,1.0
1500000US360810838001,1.0
1500000US360471024001,1.0
1500000US360470598002,1.0
1500000US360610156011,1.0
1500000US360810045002,1.0
1500000US360470804002,1.0
1500000US360050078003,1.0
1500000US360471078002,1.0
1500000US360470482004,1.0
1500000US360470043004,1.0
1500000US360810455001,1.0
1500000US360810625001,1.0
1500000US360610291002,1.0
1500000US360850187011,1.0
1500000US360470506004,1.0
1500000US360470690001,1.0
1500000US360810289002,1.0
1500000US360470786003,1.0
1500000US360470511003,1.0
1500000US360610036012,1.0
1500000US360810660002,1.0
1500000US360050181012,1.0
1500000US360610154002,1.0
1500000US360810717021,1.0
1500000US360810272002,1.0
1500000US360470245003,1.0
1500000US360610161006,1.0
1500000US360470224001,1.0
1500000US360470880002,1.0
1500000US360470275004,1.0
1500000US360811099002,1.0
1500000US360470489003,1.0
1500000US360810249003,1.0
1500000US360050020006,1.0
1500000US360470760002,1.0
1500000US360470169004,1.0
1500000US360470149003,1.0
1500000US360470550001,1.0
1500000US360810334022,1.0
1500000US360850112012,1.0
1500000US360810589003,1.0
1500000US360610175007,1.0
1500000US360470325001,1.0
1500000US360470798011,1.0
1500000US360470848002,1.0
1500000US360471018001,1.0
1500000US360050442003,1.0
1500000US360811339001,1.0
1500000US360470431002,1.0
1500000US360850244011,1.0
1500000US360810799002,1.0
1500000US360470848001,1.0
1500000US360470408003,1.0
1500000US360810562001,1.0
1500000US360050135002,1.0
1500000US360470132001,1.0
1500000US360810448002,1.0
1500000US360470145003,1.0
1500000US360470337002,1.0
1500000US360470306001,1.0
1500000US360810259001,1.0
1500000US360050162002,1.0
1500000US360470958001,1.0
1500000US360050332022,1.0
1500000US360050451022,1.0
1500000US360050338003,1.0
1500000US360810853003,1.0
1500000US360470950001,1.0
1500000US360810230002,1.0
1500000US360810583003,1.0
1500000US360810884008,1.0
1500000US360050147011,1.0
1500000US360470563004,1.0
1500000US360050251002,1.0
1500000US360610014012,1.0
1500000US360050246002,1.0
1500000US360050351003,1.0
1500000US360470406001,1.0
1500000US360811008024,1.0
1500000US360470392001,1.0
1500000US360810520001,1.0
1500000US360470360011,1.0
1500000US360050312002,1.0
1500000US360610067002,1.0
1500000US360470571002,1.0
1500000US360810295001,1.0
1500000US360470034001,1.0
1500000US360470267002,1.0
1500000US360810595002,1.0
1500000US360810059001,1.0
1500000US360810007002,1.0
1500000US360470504002,1.0
1500000US360810919003,1.0
1500000US360811163004,1.0
1500000US360810947001,1.0
1500000US360810939003,1.0
1500000US360470576001,1.0
1500000US360470495003,1.0
1500000US360810638001,1.0
1500000US360811039004,1.0
1500000US360610265004,1.0
1500000US360470003014,1.0
1500000US360050434004,1.0
1500000US360471210001,1.0
1500000US360470456001,1.0
1500000US360470408001,1.0
1500000US360850198001,1.0
1500000US360470142003,1.0
1500000US360470547001,1.0
1500000US360810235003,1.0
1500000US360470235002,1.0
1500000US360610055013,1.0
1500000US360470538002,1.0
1500000US360610277004,1.0
1500000US360470497002,1.0
1500000US360470481002,1.0
1500000US360810545001,1.0
1500000US360811017007,1.0
1500000US360850146041,1.0
1500000US360470131002,1.0
1500000US360810998012,1.0
1500000US360470331002,1.0
1500000US360470215001,1.0
1500000US360811227017,1.0
1500000US360470392002,1.0
1500000US360470960001,1.0
1500000US360050244002,1.0
1500000US360610080004,1.0
1500000US360470362003,1.0
1500000US360810149001,1.0
1500000US360470191002,1.0
1500000US360470261005,1.0
1500000US360470692002,1.0
1500000US360850059001,1.0
1500000US360810549003,1.0
1500000US360470553001,1.0
1500000US360470588001,1.0
1500000US360850279001,1.0
1500000US360050243003,1.0
1500000US360810567004,1.0
1500000US360050019004,1.0
1500000US360470403003,1.0
1500000US360470267001,1.0
1500000US360050074003,1.0
1500000US360050041003,1.0
1500000US360810517001,1.0
1500000US360470066001,1.0
1500000US360850273012,1.0
1500000US360050332023,1.0
1500000US360850067003,1.0
1500000US360050119005,1.0
1500000US360811277001,1.0
1500000US360470481001,1.0
1500000US360610158012,1.0
1500000US360810582003,1.0
1500000US360470243003,1.0
1500000US360470403001,1.0
1500000US360610155004,1.0
1500000US360470534002,1.0
1500000US360810007001,1.0
1500000US360810123011,1.0
1500000US360050160001,1.0
1500000US360470782001,1.0
1500000US360470734001,1.0
1500000US360050279006,1.0
1500000US360050419002,1.0
1500000US360610015021,1.0
1500000US360811341003,1.0
1500000US360810512002,1.0
1500000US360470359004,1.0
1500000US360050028004,1.0
1500000US360050175005,1.0
1500000US360810889011,1.0
1500000US360850050002,1.0
1500000US360050173002,1.0
1500000US360470130003,1.0
1500000US360610167002,1.0
1500000US360810407004,1.0
1500000US360470533001,1.0
1500000US360470460002,1.0
1500000US360470383004,1.0
1500000US360810183004,1.0
1500000US360050250002,1.0
1500000US360610165001,1.0
1500000US360610261006,1.0
1500000US360470872002,1.0
1500000US360810329001,1.0
1500000US360850156032,1.0
1500000US360470437001,1.0
1500000US360850248002,1.0
1500000US360810171001,1.0
1500000US360470188001,1.0
1500000US360810128002,1.0
1500000US360050460002,1.0
1500000US360470530001,1.0
1500000US360811039001,1.0
1500000US360470996001,1.0
1500000US360811033001,1.0
1500000US360810291003,1.0
1500000US360470806002,1.0
1500000US360810892007,1.0
1500000US360811099001,1.0
1500000US360850134001,1.0
1500000US360470092002,1.0
1500000US360810599002,1.0
1500000US360811529012,1.0
1500000US360050251007,1.0
1500000US360470506002,1.0
1500000US360470746001,1.0
1500000US360470517001,1.0
1500000US360610111002,1.0
1500000US360810111001,1.0
1500000US360610167001,1.0
1500000US360470053002,1.0
1500000US360470183001,1.0
1500000US360850189012,1.0
1500000US360470205002,1.0
1500000US360470385001,1.0
1500000US360810635002,1.0
1500000US360610071004,1.0
1500000US360810814001,1.0
1500000US360470098004,1.0
1500000US360850114022,1.0
1500000US360470492002,1.0
1500000US360810657031,1.0
1500000US360810656001,1.0
1500000US360470178001,1.0
1500000US360050205022,1.0
1500000US360850170121,1.0
1500000US360850040004,1.0
1500000US360050407021,1.0
1500000US360811171001,1.0
1500000US360810361002,1.0
1500000US360610066007,1.0
1500000US360050063004,1.0
1500000US360810484001,1.0
1500000US360810664005,1.0
1500000US360810057001,1.0
1500000US360810513002,1.0
1500000US360610041004,1.0
1500000US360050277001,1.0
1500000US360610154004,1.0
1500000US360470104002,1.0
1500000US360050456001,1.0
1500000US360610287002,1.0
1500000US360470546002,1.0
1500000US360810525001,1.0
1500000US360810243002,1.0
1500000US360810595004,1.0
1500000US360050004004,1.0
1500000US360470183003,1.0
1500000US360470776001,1.0
1500000US360810577001,1.0
1500000US360810042001,1.0
1500000US360470163002,1.0
1500000US360470481003,1.0
1500000US360610041002,1.0
1500000US360050442004,1.0
1500000US360050386006,1.0
1500000US360050516001,1.0
1500000US360470589001,1.0
1500000US360050227031,1.0
1500000US360811417002,1.0
1500000US360470336005,1.0
1500000US360810667011,1.0
1500000US360050360002,1.0
1500000US360050119003,1.0
1500000US360810566001,1.0
1500000US360050225006,1.0
1500000US360610157002,1.0
1500000US360050392001,1.0
1500000US360470220002,1.0
1500000US360610277003,1.0
1500000US360810998023,1.0
1500000US360610089005,1.0
1500000US360810371001,1.0
1500000US360050449021,1.0
1500000US360470580001,1.0
1500000US360050372001,1.0
1500000US360470537002,1.0
1500000US360610138002,1.0
1500000US360610126003,1.0
1500000US360470335001,1.0
1500000US360050093004,1.0
1500000US360050358005,1.0
1500000US360810545002,1.0
1500000US360610234001,1.0
1500000US360470314004,1.0
1500000US360050216023,1.0
1500000US360050429012,1.0
1500000US360810929001,1.0
1500000US360811417001,1.0
1500000US360050232001,1.0
1500000US360810384002,1.0
1500000US360470288003,1.0
1500000US360050281003,1.0
1500000US360811471001,1.0
1500000US360810383011,1.0
1500000US360050456003,1.0
1500000US360470824002,1.0
1500000US360810026001,1.0
1500000US360810459001,1.0
1500000US360470534004,1.0
1500000US360050233011,1.0
1500000US360811113001,1.0
1500000US360810919002,1.0
1500000US360470700002,1.0
1500000US360050241004,1.0
1500000US360850189023,1.0
1500000US360810142011,1.0
1500000US360610073003,1.0
1500000US360810608001,1.0
1500000US360470551004,1.0
1500000US360470830002,1.0
1500000US360470286005,1.0
1500000US360050340004,1.0
1500000US360470374024,1.0
1500000US360050374003,1.0
1500000US360850146062,1.0
1500000US360810721003,1.0
1500000US360470620002,1.0
1500000US360470894002,1.0
1500000US360470388002,1.0
1500000US360810020001,1.0
1500000US360811571021,1.0
1500000US360470484001,1.0
1500000US360810398002,1.0
1500000US360050002002,1.0
1500000US360850213005,1.0
1500000US360470501002,1.0
1500000US360050415001,1.0
1500000US360470472002,1.0
1500000US360470426002,1.0
1500000US360810253013,1.0
1500000US360470411002,1.0
1500000US360470402001,1.0
1500000US360470484003,1.0
1500000US360050040011,1.0
1500000US360470440003,1.0
1500000US360810621001,1.0
1500000US360810150001,1.0
1500000US360050130001,1.0
1500000US360470419003,1.0
1500000US360810583002,1.0
1500000US360470810001,1.0
1500000US360470416001,1.0
1500000US360050378002,1.0
1500000US360810071002,1.0
1500000US360810116002,1.0
1500000US360471006002,1.0
1500000US360810040011,1.0
1500000US360050210015,1.0
1500000US360470596003,1.0
1500000US360470071002,1.0
1500000US360811479003,1.0
1500000US360610081005,1.0
1500000US360050201003,1.0
1500000US360810176001,1.0
1500000US360470569001,1.0
1500000US360470435001,1.0
1500000US360810008001,1.0
1500000US360810840003,1.0
1500000US360810884002,1.0
1500000US360850070004,1.0
1500000US360470226001,1.0
1500000US360050237043,1.0
1500000US360810073003,1.0
1500000US360610165005,1.0
1500000US360810320004,1.0
1500000US360810863001,1.0
1500000US360470417003,1.0
1500000US360810939002,1.0
1500000US360610118008,1.0
1500000US360470314001,1.0
1500000US360810329002,1.0
1500000US360811579024,1.0
1500000US360470696023,1.0
1500000US360810288003,1.0
1500000US360050413002,1.0
1500000US360610118004,1.0
1500000US360810255001,1.0
1500000US360050083003,1.0
1500000US360810330002,1.0
1500000US360810186001,1.0
1500000US360810779044,1.0
1500000US360810230001,1.0
1500000US360810987002,1.0
1500000US360810138002,1.0
1500000US360810987001,1.0
1500000US360850291031,1.0
1500000US360810475002,1.0
1500000US360610213033,1.0
1500000US360610063005,1.0
1500000US360810042002,1.0
1500000US360850105003,1.0
1500000US360470500002,1.0
1500000US360811621005,1.0
1500000US360810472003,1.0
1500000US360470250001,1.0
1500000US360470128011,1.0
1500000US360050414003,1.0
1500000US360811191001,1.0
1500000US360610154006,1.0
1500000US360810797014,1.0
1500000US360050210025,1.0
1500000US360610148023,1.0
1500000US360050090005,1.0
1500000US360810147002,1.0
1500000US360470253001,1.0
1500000US360050145002,1.0
1500000US360470197003,1.0
1500000US360810925003,1.0
1500000US360811047003,1.0
1500000US360470196001,1.0
1500000US360050087003,1.0
1500000US360470046001,1.0
1500000US360810334024,1.0
1500000US360850132043,1.0
1500000US360810506002,1.0
1500000US360610193006,1.0
1500000US360050279005,1.0
1500000US360470266002,1.0
1500000US360610012003,1.0
1500000US360810502021,1.0
1500000US360810557001,1.0
1500000US360050332012,1.0
1500000US360050119002,1.0
1500000US360470435002,1.0
1500000US360470245002,1.0
1500000US360610210003,1.0
1500000US360850040007,1.0
1500000US360050245014,1.0
1500000US360810042003,1.0
1500000US360470108002,1.0
1500000US360470131001,1.0
1500000US360610002023,1.0
1500000US360470003015,1.0
1500000US360610167003,1.0
1500000US360610187002,1.0
1500000US360850291022,1.0
1500000US360610068002,1.0
1500000US360810531001,1.0
1500000US360610091002,1.0
1500000US360050132004,1.0
1500000US360470292002,1.0
1500000US360470575002,1.0
1500000US360470112004,1.0
1500000US360610158011,1.0
1500000US360050286002,1.0
1500000US360470920001,1.0
1500000US360850277051,1.0
1500000US360810182002,1.0
1500000US360810857002,1.0
1500000US360850134003,1.0
1500000US360050096002,1.0
1500000US360810547002,1.0
1500000US360610163003,1.0
1500000US360610158022,1.0
1500000US360470421002,1.0
1500000US360610175006,1.0
1500000US360610273003,1.0
1500000US360470636001,1.0
1500000US360470233001,1.0
1500000US360610163005,1.0
1500000US360850151005,1.0
1500000US360470222002,1.0
1500000US360470902005,1.0
1500000US360470375003,1.0
1500000US360470535003,1.0
1500000US360810379003,1.0
1500000US360810809004,1.0
1500000US360810159001,1.0
1500000US360470816001,1.0
1500000US360810471002,1.0
1500000US360470565001,1.0
1500000US360810596001,1.0
1500000US360810105003,1.0
1500000US360811171003,1.0
1500000US360610177008,1.0
1500000US360850138005,1.0
1500000US360470096004,1.0
1500000US360811301004,1.0
1500000US360810721001,0.6666666666666666
1500000US360850132033,0.6666666666666666
1500000US360470232002,0.6666666666666666
1500000US360810650001,0.6666666666666666
1500000US360810506001,0.6666666666666666
1500000US360810063002,0.6666666666666666
1500000US360470136003,0.6666666666666666
1500000US360811333004,0.6666666666666666
1500000US360050407012,0.6666666666666666
1500000US360810663003,0.6666666666666666
1500000US360470199002,0.6666666666666666
1500000US360810413002,0.6666666666666666
1500000US360470598001,0.6666666666666666
1500000US360810925001,0.6666666666666666
1500000US360470674001,0.6666666666666666
1500000US360810402001,0.6666666666666666
1500000US360811507012,0.6666666666666666
1500000US360810809006,0.6666666666666666
1500000US360470021001,0.6666666666666666
1500000US360810143001,0.6666666666666666
1500000US360470586002,0.6666666666666666
1500000US360470181001,0.6666666666666666
1500000US360810779072,0.6666666666666666
1500000US360050326002,0.6666666666666666
1500000US360810863003,0.6666666666666666
1500000US360470650002,0.6666666666666666
1500000US360470420002,0.6666666666666666
1500000US360470193001,0.6666666666666666
1500000US360050177021,0.6666666666666666
1500000US360850050003,0.6666666666666666
1500000US360470170001,0.6666666666666666
1500000US360050267023,0.6666666666666666
1500000US360470530003,0.6666666666666666
1500000US360050210027,0.6666666666666666
1500000US360610138007,0.6666666666666666
1500000US360610144025,0.6666666666666666
1500000US360810402002,0.6666666666666666
1500000US360850291042,0.6666666666666666
1500000US360850189011,0.6666666666666666
1500000US360810062012,0.6666666666666666
1500000US360610091004,0.6666666666666666
1500000US360810176002,0.6666666666666666
1500000US360470252002,0.6666666666666666
1500000US360810285003,0.6666666666666666
1500000US360470313002,0.6666666666666666
1500000US360470436003,0.6666666666666666
1500000US360470204001,0.6666666666666666
1500000US360810521002,0.6666666666666666
1500000US360470436002,0.6666666666666666
1500000US360610078004,0.6666666666666666
1500000US360810481001,0.6666666666666666
1500000US360810261002,0.6666666666666666
1500000US360610108005,0.6666666666666666
1500000US360610063004,0.6666666666666666
1500000US360470513004,0.6666666666666666
1500000US360810838002,0.6666666666666666
1500000US360050318001,0.6666666666666666
1500000US360470282001,0.6666666666666666
1500000US360050068001,0.6666666666666666
1500000US360810065011,0.6666666666666666
1500000US360850064002,0.6666666666666666
1500000US360050326003,0.6666666666666666
1500000US360470495001,0.6666666666666666
1500000US360610054002,0.6666666666666666
1500000US360850146082,0.6666666666666666
1500000US360610044007,0.6666666666666666
1500000US360610127001,0.6666666666666666
1500000US360050332024,0.6666666666666666
1500000US360470682002,0.6666666666666666
1500000US360810368001,0.6666666666666666
1500000US360811267003,0.6666666666666666
1500000US360470530002,0.6666666666666666
1500000US360470758001,0.6666666666666666
1500000US360850177002,0.6666666666666666
1500000US360811333001,0.6666666666666666
1500000US360470552002,0.6666666666666666
1500000US360810683003,0.6666666666666666
1500000US360810075001,0.6666666666666666
1500000US360470007003,0.6666666666666666
1500000US360470268001,0.6666666666666666
1500000US360810606002,0.6666666666666666
1500000US360050264001,0.6666666666666666
1500000US360470279001,0.6666666666666666
1500000US360050183013,0.6666666666666666
1500000US360470071001,0.6666666666666666
1500000US360810052002,0.6666666666666666
1500000US360810478002,0.6666666666666666
1500000US360811377002,0.6666666666666666
1500000US360470552001,0.6666666666666666
1500000US360470130001,0.6666666666666666
1500000US360470227002,0.6666666666666666
1500000US360470706002,0.6666666666666666
1500000US360470138001,0.6666666666666666
1500000US360810840004,0.6666666666666666
1500000US360810057003,0.6666666666666666
1500000US360470574002,0.6666666666666666
1500000US360050379003,0.6666666666666666
1500000US360470200001,0.6666666666666666
1500000US360810594002,0.6666666666666666
1500000US360470838002,0.6666666666666666
1500000US360470444003,0.6666666666666666
1500000US360810443021,0.6666666666666666
1500000US360470276001,0.6666666666666666
1500000US360810004002,0.6666666666666666
1500000US360050302002,0.6666666666666666
1500000US360050336004,0.6666666666666666
1500000US360810624001,0.6666666666666666
1500000US360850170102,0.6666666666666666
1500000US360810309024,0.6666666666666666
1500000US360050248001,0.6666666666666666
1500000US360050274023,0.6666666666666666
1500000US360050300003,0.6666666666666666
1500000US360811215003,0.6666666666666666
1500000US360050370002,0.6666666666666666
1500000US360470986002,0.6666666666666666
1500000US360470062001,0.6666666666666666
1500000US360610079003,0.6666666666666666
1500000US360810542002,0.6666666666666666
1500000US360810803023,0.6666666666666666
1500000US360470283003,0.6666666666666666
1500000US360470284003,0.6666666666666666
1500000US360470594023,0.6666666666666666
1500000US360811347004,0.6666666666666666
1500000US360610049002,0.6666666666666666
1500000US360610161001,0.6666666666666666
1500000US360810713031,0.6666666666666666
1500000US360810661001,0.6666666666666666
1500000US360470041002,0.6666666666666666
1500000US360810532002,0.6666666666666666
1500000US360470063002,0.6666666666666666
1500000US360470858001,0.6666666666666666
1500000US360810499001,0.6666666666666666
1500000US360050194001,0.6666666666666666
1500000US360050393005,0.6666666666666666
1500000US360810721005,0.6666666666666666
1500000US360810518001,0.6666666666666666
1500000US360470287002,0.6666666666666666
1500000US360810483001,0.6666666666666666
1500000US360810053003,0.6666666666666666
1500000US360050405021,0.6666666666666666
1500000US360810104002,0.6666666666666666
1500000US360470544002,0.6666666666666666
1500000US360050033001,0.6666666666666666
1500000US360470291002,0.6666666666666666
1500000US360810797022,0.6666666666666666
1500000US360470774002,0.6666666666666666
1500000US360471058041,0.6666666666666666
1500000US360470370002,0.6666666666666666
1500000US360470513002,0.6666666666666666
1500000US360610205003,0.6666666666666666
1500000US360610089001,0.6666666666666666
1500000US360610139003,0.6666666666666666
1500000US360610070004,0.6666666666666666
1500000US360470488003,0.6666666666666666
1500000US360810287004,0.6666666666666666
1500000US360810125002,0.6666666666666666
1500000US360810493011,0.6666666666666666
1500000US360810469002,0.6666666666666666
1500000US360470117001,0.6666666666666666
1500000US360470498002,0.6666666666666666
1500000US360850303023,0.6666666666666666
1500000US360810299001,0.6666666666666666
1500000US360610205002,0.6666666666666666
1500000US360470594014,0.6666666666666666
1500000US360050061002,0.6666666666666666
1500000US360810845001,0.6666666666666666
1500000US360810476001,0.6666666666666666
1500000US360050117002,0.6666666666666666
1500000US360810309042,0.6666666666666666
1500000US360470168001,0.6666666666666666
1500000US360850147002,0.6666666666666666
1500000US360810253011,0.6666666666666666
1500000US360470430003,0.6666666666666666
1500000US360810065012,0.6666666666666666
1500000US360050444002,0.6666666666666666
1500000US360811507011,0.6666666666666666
1500000US360810664003,0.6666666666666666
1500000US360610309002,0.6666666666666666
1500000US360810612001,0.6666666666666666
1500000US360810680001,0.6666666666666666
1500000US360470258002,0.6666666666666666
1500000US360610126008,0.6666666666666666
1500000US360810168001,0.6666666666666666
1500000US360470784001,0.6666666666666666
1500000US360610311001,0.6666666666666666
1500000US360050356001,0.6666666666666666
1500000US360610044005,0.6666666666666666
1500000US360470426003,0.6666666666666666
1500000US360810757013,0.6666666666666666
1500000US360470371003,0.6666666666666666
1500000US360810790002,0.6666666666666666
1500000US360810492002,0.6666666666666666
1500000US360610159004,0.6666666666666666
1500000US360850208013,0.6666666666666666
1500000US360471502003,0.6666666666666666
1500000US360470053004,0.6666666666666666
1500000US360610209012,0.6666666666666666
1500000US360810103004,0.6666666666666666
1500000US360470610021,0.6666666666666666
1500000US360810294005,0.6666666666666666
1500000US360811133002,0.6666666666666666
1500000US360610039004,0.6666666666666666
1500000US360810456001,0.6666666666666666
1500000US360470612001,0.6666666666666666
1500000US360470534001,0.6666666666666666
1500000US360470377004,0.6666666666666666
1500000US360610271005,0.6666666666666666
1500000US360810159002,0.6666666666666666
1500000US360050332021,0.6666666666666666
1500000US360050216014,0.6666666666666666
1500000US360810928001,0.6666666666666666
1500000US360470800003,0.6666666666666666
1500000US360810713062,0.6666666666666666
1500000US360470343002,0.6666666666666666
1500000US360470191003,0.6666666666666666
1500000US360810512003,0.6666666666666666
1500000US360470780001,0.6666666666666666
1500000US360610195002,0.6666666666666666
1500000US360470646001,0.6666666666666666
1500000US360470772001,0.6666666666666666
1500000US360810889013,0.6666666666666666
1500000US360470243002,0.6666666666666666
1500000US360810630002,0.6666666666666666
1500000US360810126021,0.6666666666666666
1500000US360810185023,0.6666666666666666
1500000US360470484002,0.6666666666666666
1500000US360470288001,0.6666666666666666
1500000US360811187002,0.6666666666666666
1500000US360850047002,0.6666666666666666
1500000US360050072004,0.6666666666666666
1500000US360810942033,0.6666666666666666
1500000US360811029001,0.6666666666666666
1500000US360470051001,0.6666666666666666
1500000US360810769012,0.6666666666666666
1500000US360810016001,0.6666666666666666
1500000US360050096001,0.6666666666666666
1500000US360594043003,0.6666666666666666
1500000US360470509001,0.6666666666666666
1500000US360470608002,0.6666666666666666
1500000US360470529003,0.6666666666666666
1500000US360610038006,0.6666666666666666
1500000US360470140002,0.6666666666666666
1500000US360610140003,0.6666666666666666
1500000US360610309003,0.6666666666666666
1500000US360850020012,0.6666666666666666
1500000US360470325002,0.6666666666666666
1500000US360850128064,0.6666666666666666
1500000US360811247002,0.6666666666666666
1500000US360470738002,0.6666666666666666
1500000US360810243001,0.6666666666666666
1500000US360470267004,0.6666666666666666
1500000US360050164001,0.6666666666666666
1500000US360811463001,0.6666666666666666
1500000US360850132042,0.6666666666666666
1500000US360810006002,0.6666666666666666
1500000US360470419002,0.6666666666666666
1500000US360470302003,0.6666666666666666
1500000US360810592001,0.6666666666666666
1500000US360470428001,0.6666666666666666
1500000US360470956001,0.6666666666666666
1500000US360470513001,0.6666666666666666
1500000US360610060002,0.6666666666666666
1500000US360050279003,0.6666666666666666
1500000US360470340002,0.6666666666666666
1500000US360470075001,0.6666666666666666
1500000US360811159002,0.6666666666666666
1500000US360050037001,0.6666666666666666
1500000US360850169012,0.6666666666666666
1500000US360050019002,0.6666666666666666
1500000US360610037002,0.6666666666666666
1500000US360470551002,0.6666666666666666
1500000US360470542001,0.6666666666666666
1500000US360470523004,0.6666666666666666
1500000US360810654003,0.6666666666666666
1500000US360810622002,0.6666666666666666
1500000US360610110005,0.6666666666666666
1500000US360810036001,0.6666666666666666
1500000US360850251002,0.6666666666666666
1500000US360610146012,0.6666666666666666
1500000US360470854001,0.6666666666666666
1500000US360470520003,0.6666666666666666
1500000US360610132004,0.6666666666666666
1500000US360810577002,0.6666666666666666
1500000US360470286003,0.6666666666666666
1500000US360470215003,0.6666666666666666
1500000US360810159003,0.6666666666666666
1500000US360050085003,0.6666666666666666
1500000US360050323002,0.6666666666666666
1500000US360470007002,0.6666666666666666
1500000US360810279004,0.6666666666666666
1500000US360610137006,0.6666666666666666
1500000US360050206011,0.6666666666666666
1500000US360810002001,0.6666666666666666
1500000US360470077002,0.6666666666666666
1500000US360810232003,0.6666666666666666
1500000US360810117004,0.6666666666666666
1500000US360810253012,0.6666666666666666
1500000US360470764001,0.6666666666666666
1500000US360810437021,0.6666666666666666
1500000US360810135001,0.6666666666666666
1500000US360470067001,0.6666666666666666
1500000US360811385012,0.6666666666666666
1500000US360810116001,0.6666666666666666
1500000US360470260002,0.6666666666666666
1500000US360810058004,0.6666666666666666
1500000US360470242002,0.6666666666666666
1500000US360470296004,0.6666666666666666
1500000US360470593001,0.6666666666666666
1500000US360810358004,0.6666666666666666
1500000US360470129022,0.6666666666666666
1500000US360610070002,0.6666666666666666
1500000US360050403042,0.6666666666666666
1500000US360470005021,0.6666666666666666
1500000US360470336004,0.6666666666666666
1500000US360050183012,0.6666666666666666
1500000US360470195004,0.6666666666666666
1500000US360470060002,0.6666666666666666
1500000US360470068004,0.6666666666666666
1500000US360811227012,0.6666666666666666
1500000US360470486002,0.6666666666666666
1500000US360610136002,0.6666666666666666
1500000US360470051003,0.6666666666666666
1500000US360850096021,0.6666666666666666
1500000US360610086012,0.6666666666666666
1500000US360470548001,0.6666666666666666
1500000US360810376003,0.6666666666666666
1500000US360470270002,0.6666666666666666
1500000US360850020022,0.6666666666666666
1500000US360470500003,0.6666666666666666
1500000US360610068004,0.6666666666666666
1500000US360470950002,0.6666666666666666
1500000US360050338002,0.6666666666666666
1500000US360470946002,0.6666666666666666
1500000US360810669001,0.6666666666666666
1500000US360050363002,0.6666666666666666
1500000US360610283004,0.6666666666666666
1500000US360470944011,0.6666666666666666
1500000US360050370001,0.6666666666666666
1500000US360050162001,0.6666666666666666
1500000US360610178001,0.6666666666666666
1500000US360810769021,0.6666666666666666
1500000US360810693002,0.6666666666666666
1500000US360470160001,0.6666666666666666
1500000US360810140002,0.6666666666666666
1500000US360470600005,0.6666666666666666
1500000US360470569002,0.6666666666666666
1500000US360470210003,0.6666666666666666
1500000US360850050001,0.6666666666666666
1500000US360850036002,0.6666666666666666
1500000US360470542003,0.6666666666666666
1500000US360470575001,0.6666666666666666
1500000US360470256002,0.6666666666666666
1500000US360050428002,0.6666666666666666
1500000US360810367001,0.6666666666666666
1500000US360470231001,0.6666666666666666
1500000US360810510001,0.6666666666666666
1500000US360850170111,0.6666666666666666
1500000US360810040012,0.6666666666666666
1500000US360470424003,0.6666666666666666
1500000US360850277041,0.6666666666666666
1500000US360470068003,0.6666666666666666
1500000US360470566001,0.6666666666666666
1500000US360470171004,0.6666666666666666
1500000US360810054002,0.6666666666666666
1500000US360470277002,0.6666666666666666
1500000US360850173002,0.6666666666666666
1500000US360470509002,0.6666666666666666
1500000US360610090005,0.6666666666666666
1500000US360811507013,0.6666666666666666
1500000US360850146063,0.6666666666666666
1500000US360810216003,0.6666666666666666
1500000US360810840002,0.6666666666666666
1500000US360610132001,0.6666666666666666
1500000US360810243003,0.6666666666666666
1500000US360610257003,0.6666666666666666
1500000US360470616001,0.6666666666666666
1500000US360470776003,0.6666666666666666
1500000US360470336003,0.6666666666666666
1500000US360470966001,0.6666666666666666
1500000US360850208031,0.6666666666666666
1500000US360811551026,0.6666666666666666
1500000US360470496003,0.6666666666666666
1500000US360610261004,0.6666666666666666
1500000US360470628001,0.6666666666666666
1500000US360810855001,0.6666666666666666
1500000US360050210028,0.6666666666666666
1500000US360610050001,0.6666666666666666
1500000US360811417005,0.6666666666666666
1500000US360610146026,0.6666666666666666
1500000US360470366001,0.6666666666666666
1500000US360810721002,0.6666666666666666
1500000US360470503001,0.6666666666666666
1500000US360811157001,0.6666666666666666
1500000US360810551001,0.6666666666666666
1500000US360610070005,0.6666666666666666
1500000US360810775001,0.6666666666666666
1500000US360470154001,0.6666666666666666
1500000US360470226002,0.6666666666666666
1500000US360850125001,0.6666666666666666
1500000US360470133001,0.6666666666666666
1500000US360610044002,0.6666666666666666
1500000US360610203001,0.6666666666666666
1500000US360610059004,0.6666666666666666
1500000US360470412002,0.6666666666666666
1500000US360050181013,0.6666666666666666
1500000US360810997043,0.6666666666666666
1500000US360470268004,0.6666666666666666
1500000US360050350002,0.6666666666666666
1500000US360050300005,0.6666666666666666
1500000US360610175001,0.6666666666666666
1500000US360610148012,0.6666666666666666
1500000US360610307003,0.6666666666666666
1500000US360610238022,0.6666666666666666
1500000US360470762003,0.6666666666666666
1500000US360050391005,0.6666666666666666
1500000US360610054001,0.6666666666666666
1500000US360610137005,0.6666666666666666
1500000US360470143002,0.6666666666666666
1500000US360811241001,0.6666666666666666
1500000US360811085002,0.6666666666666666
1500000US360470544003,0.6666666666666666
1500000US360810091002,0.6666666666666666
1500000US360850170071,0.6666666666666666
1500000US360810997051,0.6666666666666666
1500000US360470170002,0.6666666666666666
1500000US360470047001,0.6666666666666666
1500000US360050391002,0.6666666666666666
1500000US360810480001,0.6666666666666666
1500000US360810587003,0.6666666666666666
1500000US360810117001,0.6666666666666666
1500000US360850208011,0.6666666666666666
1500000US360470336001,0.6666666666666666
1500000US360610070003,0.6666666666666666
1500000US360810026002,0.6666666666666666
1500000US360610039001,0.6666666666666666
1500000US360810062021,0.6666666666666666
1500000US360610030021,0.6666666666666666
1500000US360810637001,0.6666666666666666
1500000US360470121001,0.6666666666666666
1500000US360470680001,0.6666666666666666
1500000US360811399002,0.6666666666666666
1500000US360470142001,0.6666666666666666
1500000US360470546001,0.6666666666666666
1500000US360050300004,0.6666666666666666
1500000US360470648002,0.6666666666666666
1500000US360470208003,0.6666666666666666
1500000US360810669002,0.6666666666666666
1500000US360470272003,0.6666666666666666
1500000US360470563001,0.6666666666666666
1500000US360470094003,0.6666666666666666
1500000US360811529011,0.6666666666666666
1500000US360810637002,0.6666666666666666
1500000US360610319001,0.6666666666666666
1500000US360470149005,0.6666666666666666
1500000US360810103003,0.6666666666666666
1500000US360050296001,0.6666666666666666
1500000US360850105001,0.6666666666666666
1500000US360610191004,0.6666666666666666
1500000US360050295004,0.6666666666666666
1500000US360811163002,0.6666666666666666
1500000US360610165002,0.6666666666666666
1500000US360470468001,0.6666666666666666
1500000US360810101001,0.6666666666666666
1500000US360470067004,0.6666666666666666
1500000US360471008002,0.6666666666666666
1500000US360810709002,0.6666666666666666
1500000US360810483002,0.6666666666666666
1500000US360470946003,0.6666666666666666
1500000US360810052001,0.6666666666666666
1500000US360470039002,0.6666666666666666
1500000US360610153002,0.6666666666666666
1500000US360470215002,0.6666666666666666
1500000US360470610031,0.6666666666666666
1500000US360050235012,0.6666666666666666
1500000US360470257002,0.6666666666666666
1500000US360810934022,0.6666666666666666
1500000US360470212003,0.6666666666666666
1500000US360050061001,0.6666666666666666
1500000US360610120002,0.6666666666666666
1500000US360610036011,0.6666666666666666
1500000US360811223003,0.6666666666666666
1500000US360050398001,0.6666666666666666
1500000US360470197004,0.6666666666666666
1500000US360050413003,0.6666666666666666
1500000US360050086001,0.6666666666666666
1500000US360050358004,0.6666666666666666
1500000US360470858002,0.6666666666666666
1500000US360470114001,0.6666666666666666
1500000US360610081001,0.6666666666666666
1500000US360810884004,0.6666666666666666
1500000US360050431001,0.6666666666666666
1500000US360470133003,0.6666666666666666
1500000US360811429003,0.6666666666666666
1500000US360470214002,0.6666666666666666
1500000US360610126006,0.6666666666666666
1500000US360811367005,0.6666666666666666
1500000US360470944012,0.6666666666666666
1500000US360810189002,0.6666666666666666
1500000US360470214001,0.6666666666666666
1500000US360810470001,0.6666666666666666
1500000US360470398002,0.6666666666666666
1500000US360810703002,0.6666666666666666
1500000US360811621004,0.6666666666666666
1500000US360850251003,0.6666666666666666
1500000US360050160002,0.6666666666666666
1500000US360810012003,0.6666666666666666
1500000US360850169011,0.6666666666666666
1500000US360050397001,0.6666666666666666
1500000US360610152001,0.6666666666666666
1500000US360050266025,0.6666666666666666
1500000US360810679003,0.6666666666666666
1500000US360810153002,0.6666666666666666
1500000US360470439001,0.6666666666666666
1500000US360810424002,0.6666666666666666
1500000US360810181012,0.6666666666666666
1500000US360050184004,0.6666666666666666
1500000US360470236001,0.6666666666666666
1500000US360610088003,0.6666666666666666
1500000US360811227024,0.6666666666666666
1500000US360470575004,0.6666666666666666
1500000US360050360001,0.6666666666666666
1500000US360610140005,0.6666666666666666
1500000US360470185013,0.6666666666666666
1500000US360050293022,0.6666666666666666
1500000US360470098003,0.6666666666666666
1500000US360470532001,0.6666666666666666
1500000US360470501001,0.6666666666666666
1500000US360470051002,0.6666666666666666
1500000US360810062011,0.6666666666666666
1500000US360470296003,0.6666666666666666
1500000US360810496003,0.6666666666666666
1500000US360610136001,0.6666666666666666
1500000US360050266012,0.6666666666666666
1500000US360810585003,0.6666666666666666
1500000US360811399001,0.6666666666666666
1500000US360050267022,0.6666666666666666
1500000US360810589001,0.6666666666666666
1500000US360470134002,0.6666666666666666
1500000US360470075002,0.6666666666666666
1500000US360470448002,0.6666666666666666
1500000US360810245002,0.6666666666666666
1500000US360610181004,0.6666666666666666
1500000US360811291021,0.6666666666666666
1500000US360610114012,0.6666666666666666
1500000US360810779042,0.6666666666666666
1500000US360470383003,0.6666666666666666
1500000US360610059003,0.6666666666666666
1500000US360470589002,0.6666666666666666
1500000US360050228002,0.6666666666666666
1500000US360470333002,0.6666666666666666
1500000US360810297001,0.6666666666666666
1500000US360810837003,0.6666666666666666
1500000US360470502022,0.6666666666666666
1500000US360470498001,0.6666666666666666
1500000US360850189022,0.6666666666666666
1500000US360470890003,0.6666666666666666
1500000US360810657021,0.6666666666666666
1500000US360810687001,0.6666666666666666
1500000US360811385014,0.6666666666666666
1500000US360811181001,0.6666666666666666
1500000US360810616022,0.6666666666666666
1500000US360470174002,0.6666666666666666
1500000US360610098004,0.6666666666666666
1500000US360810331001,0.6666666666666666
1500000US360050484001,0.6666666666666666
1500000US360470565002,0.6666666666666666
1500000US360470656001,0.6666666666666666
1500000US360810376001,0.6666666666666666
1500000US360470092003,0.6666666666666666
1500000US360810150002,0.6666666666666666
1500000US360811579032,0.6666666666666666
1500000US360810695001,0.6666666666666666
1500000US360810737001,0.6666666666666666
1500000US360470323001,0.6666666666666666
1500000US360470172002,0.6666666666666666
1500000US360470882003,0.6666666666666666
1500000US360810407003,0.6666666666666666
1500000US360470274002,0.6666666666666666
1500000US360470114002,0.6666666666666666
1500000US360471522003,0.6666666666666666
1500000US360810717012,0.6666666666666666
1500000US360810169003,0.6666666666666666
1500000US360610082003,0.6666666666666666
1500000US360470560002,0.6666666666666666
1500000US360810123012,0.6666666666666666
1500000US360471016001,0.6666666666666666
1500000US360850114023,0.6666666666666666
1500000US360050205021,0.6666666666666666
1500000US360811155001,0.6666666666666666
1500000US360610154009,0.6666666666666666
1500000US360470554002,0.6666666666666666
1500000US360610235014,0.6666666666666666
1500000US360050348004,0.6666666666666666
1500000US360811039002,0.6666666666666666
1500000US360470462011,0.6666666666666666
1500000US360471142011,0.6666666666666666
1500000US360470220004,0.6666666666666666
1500000US360470194003,0.6666666666666666
1500000US360810306002,0.6666666666666666
1500000US360610163004,0.6666666666666666
1500000US360810220022,0.6666666666666666
1500000US360050462019,0.6666666666666666
1500000US360470736001,0.6666666666666666
1500000US360810594001,0.6666666666666666
1500000US360610089003,0.6666666666666666
1500000US360610153001,0.6666666666666666
1500000US360610134003,0.6666666666666666
1500000US360610154008,0.6666666666666666
1500000US360610116001,0.6666666666666666
1500000US360810947002,0.6666666666666666
1500000US360850177004,0.6666666666666666
1500000US360470768002,0.6666666666666666
1500000US360810942034,0.6666666666666666
1500000US360810479003,0.6666666666666666
1500000US360810351003,0.6666666666666666
1500000US360470219002,0.6666666666666666
1500000US360470594024,0.6666666666666666
1500000US360810997032,0.6666666666666666
1500000US360470005022,0.6666666666666666
1500000US360610018004,0.6666666666666666
1500000US360470381004,0.6666666666666666
1500000US360810294004,0.6666666666666666
1500000US360470525002,0.6666666666666666
1500000US360610210001,0.6666666666666666
1500000US360470199003,0.6666666666666666
1500000US360811483003,0.6666666666666666
1500000US360610120003,0.6666666666666666
1500000US360810694002,0.6666666666666666
1500000US360470102002,0.6666666666666666
1500000US360610047001,0.6666666666666666
1500000US360470460003,0.6666666666666666
1500000US360470968002,0.6666666666666666
1500000US360610241002,0.6666666666666666
1500000US360610191003,0.6666666666666666
1500000US360810032001,0.6666666666666666
1500000US360810929003,0.6666666666666666
1500000US360050138002,0.6666666666666666
1500000US360810565001,0.6666666666666666
1500000US360050210013,0.6666666666666666
1500000US360470381001,0.6666666666666666
1500000US360610106011,0.6666666666666666
1500000US360850277021,0.6666666666666666
1500000US360470300002,0.6666666666666666
1500000US360810579001,0.6666666666666666
1500000US360811223002,0.6666666666666666
1500000US360850273022,0.6666666666666666
1500000US360470272002,0.6666666666666666
1500000US360470416002,0.6666666666666666
1500000US360470600001,0.6666666666666666
1500000US360050351002,0.6666666666666666
1500000US360470212001,0.6666666666666666
1500000US360610061002,0.6666666666666666
1500000US360610287001,0.6666666666666666
1500000US360050419003,0.6666666666666666
1500000US360810884003,0.6666666666666666
1500000US360810664006,0.6666666666666666
1500000US360850134002,0.6666666666666666
1500000US360470570002,0.6666666666666666
1500000US360850170112,0.6666666666666666
1500000US360470588002,0.6666666666666666
1500000US360850029004,0.6666666666666666
1500000US360470582001,0.6666666666666666
1500000US360470197001,0.6666666666666666
1500000US360050098004,0.6666666666666666
1500000US360811507021,0.6666666666666666
1500000US360470610043,0.6666666666666666
1500000US360470298001,0.3333333333333333
1500000US360470145002,0.3333333333333333
1500000US360810317002,0.3333333333333333
1500000US360810591002,0.3333333333333333
1500000US360470034002,0.3333333333333333
1500000US360050309004,0.3333333333333333
1500000US360810247001,0.3333333333333333
1500000US360810124002,0.3333333333333333
1500000US360470300001,0.3333333333333333
1500000US360470654002,0.3333333333333333
1500000US360470390001,0.3333333333333333
1500000US360470516021,0.3333333333333333
1500000US360850170081,0.3333333333333333
1500000US360810288001,0.3333333333333333
1500000US360050070003,0.3333333333333333
1500000US360810063003,0.3333333333333333
1500000US360470890005,0.3333333333333333
1500000US360811479002,0.3333333333333333
1500000US360610081002,0.3333333333333333
1500000US360610032005,0.3333333333333333
1500000US360050309002,0.3333333333333333
1500000US360610112021,0.3333333333333333
1500000US360610093005,0.3333333333333333
1500000US360810846012,0.3333333333333333
1500000US360610064003,0.3333333333333333
1500000US360810493012,0.3333333333333333
1500000US360810097004,0.3333333333333333
1500000US360470290002,0.3333333333333333
1500000US360470314002,0.3333333333333333
1500000US360850128042,0.3333333333333333
1500000US360811129002,0.3333333333333333
1500000US360470425001,0.3333333333333333
1500000US360810263003,0.3333333333333333
1500000US360810919001,0.3333333333333333
1500000US360470252004,0.3333333333333333
1500000US360470166002,0.3333333333333333
1500000US360610247003,0.3333333333333333
1500000US360810814003,0.3333333333333333
1500000US360810536012,0.3333333333333333
1500000US360810792001,0.3333333333333333
1500000US360811341002,0.3333333333333333
1500000US360810309021,0.3333333333333333
1500000US360470512003,0.3333333333333333
1500000US360810743003,0.3333333333333333
1500000US360050254001,0.3333333333333333
1500000US360470152003,0.3333333333333333
1500000US360811507023,0.3333333333333333
1500000US360811133001,0.3333333333333333
1500000US360810538002,0.3333333333333333
1500000US360811017005,0.3333333333333333
1500000US360810928003,0.3333333333333333
1500000US360850156014,0.3333333333333333
1500000US360470136002,0.3333333333333333
1500000US360850277062,0.3333333333333333
1500000US360470279003,0.3333333333333333
1500000US360811247003,0.3333333333333333
1500000US360811447002,0.3333333333333333
1500000US360810114001,0.3333333333333333
1500000US360810277001,0.3333333333333333
1500000US360470044002,0.3333333333333333
1500000US360470800002,0.3333333333333333
1500000US360610137001,0.3333333333333333
1500000US360810938002,0.3333333333333333
1500000US360610179007,0.3333333333333333
1500000US360810779021,0.3333333333333333
1500000US360050024001,0.3333333333333333
1500000US360810863002,0.3333333333333333
1500000US360811579021,0.3333333333333333
1500000US360470130002,0.3333333333333333
1500000US360850156015,0.3333333333333333
1500000US360810145002,0.3333333333333333
1500000US360810014003,0.3333333333333333
1500000US360470490001,0.3333333333333333
1500000US360050250001,0.3333333333333333
1500000US360470422003,0.3333333333333333
1500000US360050263002,0.3333333333333333
1500000US360470571003,0.3333333333333333
1500000US360810577003,0.3333333333333333
1500000US360610160021,0.3333333333333333
1500000US360610080003,0.3333333333333333
1500000US360470592001,0.3333333333333333
1500000US360810053001,0.3333333333333333
1500000US360470264001,0.3333333333333333
1500000US360470504003,0.3333333333333333
1500000US360810161001,0.3333333333333333
1500000US360810929004,0.3333333333333333
1500000US360050252002,0.3333333333333333
1500000US360810690002,0.3333333333333333
1500000US360470535001,0.3333333333333333
1500000US360811571014,0.3333333333333333
1500000US360811195001,0.3333333333333333
1500000US360470229004,0.3333333333333333
1500000US360610211007,0.3333333333333333
1500000US360810997012,0.3333333333333333
1500000US360050323004,0.3333333333333333
1500000US360810623001,0.3333333333333333
1500000US360470632001,0.3333333333333333
1500000US360610157007,0.3333333333333333
1500000US360610008005,0.3333333333333333
1500000US360610106021,0.3333333333333333
1500000US360811341001,0.3333333333333333
1500000US360810853004,0.3333333333333333
1500000US360810721004,0.3333333333333333
1500000US360810697013,0.3333333333333333
1500000US360470492001,0.3333333333333333
1500000US360850208033,0.3333333333333333
1500000US360811403002,0.3333333333333333
1500000US360470296001,0.3333333333333333
1500000US360470448001,0.3333333333333333
1500000US360470293002,0.3333333333333333
1500000US360050076001,0.3333333333333333
1500000US360610142002,0.3333333333333333
1500000US360470573001,0.3333333333333333
1500000US360810542001,0.3333333333333333
1500000US360470594012,0.3333333333333333
1500000US360810779041,0.3333333333333333
1500000US360810187002,0.3333333333333333
1500000US360810014002,0.3333333333333333
1500000US360850170072,0.3333333333333333
1500000US360470152001,0.3333333333333333
1500000US360810261001,0.3333333333333333
1500000US360470180002,0.3333333333333333
1500000US360610124008,0.3333333333333333
1500000US360050289004,0.3333333333333333
1500000US360810654001,0.3333333333333333
1500000US360050078004,0.3333333333333333
1500000US360610010021,0.3333333333333333
1500000US360610163002,0.3333333333333333
1500000US360610179001,0.3333333333333333
1500000US360810595001,0.3333333333333333
1500000US360470140001,0.3333333333333333
1500000US360811291043,0.3333333333333333
1500000US360470238003,0.3333333333333333
1500000US360811385021,0.3333333333333333
1500000US360811347003,0.3333333333333333
1500000US360810185012,0.3333333333333333
1500000US360470374023,0.3333333333333333
1500000US360610018007,0.3333333333333333
1500000US360470135003,0.3333333333333333
1500000US360050386003,0.3333333333333333
1500000US360470626001,0.3333333333333333
1500000US360470240001,0.3333333333333333
1500000US360050132005,0.3333333333333333
1500000US360470505002,0.3333333333333333
1500000US360470545004,0.3333333333333333
1500000US360470056011,0.3333333333333333
1500000US360811409021,0.3333333333333333
1500000US360810051001,0.3333333333333333
1500000US360470543001,0.3333333333333333
1500000US360470388003,0.3333333333333333
1500000US360050025004,0.3333333333333333
1500000US360470406003,0.3333333333333333
1500000US360610220003,0.3333333333333333
1500000US360810516001,0.3333333333333333
1500000US360470360013,0.3333333333333333
1500000US360810010001,0.3333333333333333
1500000US360470660001,0.3333333333333333
1500000US360850156031,0.3333333333333333
1500000US360810249002,0.3333333333333333
1500000US360470252001,0.3333333333333333
1500000US360810170001,0.3333333333333333
1500000US360470174001,0.3333333333333333
1500000US360470136004,0.3333333333333333
1500000US360610160014,0.3333333333333333
1500000US360470527002,0.3333333333333333
1500000US360850170101,0.3333333333333333
1500000US360470131003,0.3333333333333333
1500000US360811047004,0.3333333333333333
1500000US360810018002,0.3333333333333333
1500000US360850146043,0.3333333333333333
1500000US360471172011,0.3333333333333333
1500000US360811123001,0.3333333333333333
1500000US360610177005,0.3333333333333333
1500000US360811151001,0.3333333333333333
1500000US360610175003,0.3333333333333333
1500000US360470400002,0.3333333333333333
1500000US360050415002,0.3333333333333333
1500000US360470760003,0.3333333333333333
1500000US360810484003,0.3333333333333333
1500000US360610066006,0.3333333333333333
1500000US360850074001,0.3333333333333333
1500000US360470494003,0.3333333333333333
1500000US360470546003,0.3333333333333333
1500000US360810627001,0.3333333333333333
1500000US360810481004,0.3333333333333333
1500000US360470750002,0.3333333333333333
1500000US360470171002,0.3333333333333333
1500000US360810351002,0.3333333333333333
1500000US360810245004,0.3333333333333333
1500000US360810376004,0.3333333333333333
1500000US360610159003,0.3333333333333333
1500000US360810593001,0.3333333333333333
1500000US360470396002,0.3333333333333333
1500000US360811579011,0.3333333333333333
1500000US360470064001,0.3333333333333333
1500000US360470564003,0.3333333333333333
1500000US360470414021,0.3333333333333333
1500000US360050218001,0.3333333333333333
1500000US360850147001,0.3333333333333333
1500000US360610171006,0.3333333333333333
1500000US360610185003,0.3333333333333333
1500000US360470224002,0.3333333333333333
1500000US360470702011,0.3333333333333333
1500000US360810922001,0.3333333333333333
1500000US360810121002,0.3333333333333333
1500000US360470548002,0.3333333333333333
1500000US360610122004,0.3333333333333333
1500000US360810189003,0.3333333333333333
1500000US360610118003,0.3333333333333333
1500000US360810269013,0.3333333333333333
1500000US360811571015,0.3333333333333333
1500000US360610153003,0.3333333333333333
1500000US360610122001,0.3333333333333333
1500000US360610152003,0.3333333333333333
1500000US360470696021,0.3333333333333333
1500000US360470058003,0.3333333333333333
1500000US360470231003,0.3333333333333333
1500000US360470045001,0.3333333333333333
1500000US360610153005,0.3333333333333333
1500000US360470568001,0.3333333333333333
1500000US360050283002,0.3333333333333333
1500000US360470686001,0.3333333333333333
1500000US360610211003,0.3333333333333333
1500000US360811193001,0.3333333333333333
1500000US360470460001,0.3333333333333333
1500000US360810884001,0.3333333333333333
1500000US360810126022,0.3333333333333333
1500000US360470628004,0.3333333333333333
1500000US360610267001,0.3333333333333333
1500000US360471010001,0.3333333333333333
1500000US360810169002,0.3333333333333333
1500000US360610055021,0.3333333333333333
1500000US360810134003,0.3333333333333333
1500000US360050184002,0.3333333333333333
1500000US360610106022,0.3333333333333333
1500000US360470044001,0.3333333333333333
1500000US360810587002,0.3333333333333333
1500000US360470273002,0.3333333333333333
1500000US360810566002,0.3333333333333333
1500000US360050166002,0.3333333333333333
1500000US360050064003,0.3333333333333333
1500000US360470458001,0.3333333333333333
1500000US360610158013,0.3333333333333333
1500000US360050267025,0.3333333333333333
1500000US360811085001,0.3333333333333333
1500000US360050436002,0.3333333333333333
1500000US360850146071,0.3333333333333333
1500000US360810511002,0.3333333333333333
1500000US360470413002,0.3333333333333333
1500000US360610142006,0.3333333333333333
1500000US360470043002,0.3333333333333333
1500000US360810472001,0.3333333333333333
1500000US360470503003,0.3333333333333333
1500000US360470452002,0.3333333333333333
1500000US360811113003,0.3333333333333333
1500000US360610199003,0.3333333333333333
1500000US360610088001,0.3333333333333333
1500000US360811141001,0.3333333333333333
1500000US360050184001,0.3333333333333333
1500000US360050337003,0.3333333333333333
1500000US360810141001,0.3333333333333333
1500000US360470157004,0.3333333333333333
1500000US360471162002,0.3333333333333333
1500000US360470218001,0.3333333333333333
1500000US360470286002,0.3333333333333333
1500000US360470005011,0.3333333333333333
1500000US360810495001,0.3333333333333333
1500000US360610163001,0.3333333333333333
1500000US360810229001,0.3333333333333333
1500000US360610181003,0.3333333333333333
1500000US360050449011,0.3333333333333333
1500000US360810159004,0.3333333333333333
1500000US360610039002,0.3333333333333333
1500000US360810053002,0.3333333333333333
1500000US360470001003,0.3333333333333333
1500000US360850064001,0.3333333333333333
1500000US360811429002,0.3333333333333333
1500000US360610032006,0.3333333333333333
1500000US360470414012,0.3333333333333333
1500000US360470094002,0.3333333333333333
1500000US360811241002,0.3333333333333333
1500000US360470702021,0.3333333333333333
1500000US360050360003,0.3333333333333333
1500000US360811479001,0.3333333333333333
1500000US360050269003,0.3333333333333333
1500000US360050236002,0.3333333333333333
1500000US360470526003,0.3333333333333333
1500000US360810235001,0.3333333333333333
1500000US360470210002,0.3333333333333333
1500000US360470531002,0.3333333333333333
1500000US360470527001,0.3333333333333333
1500000US360811571012,0.3333333333333333
1500000US360470856002,0.3333333333333333
1500000US360610317031,0.3333333333333333
1500000US360470265001,0.3333333333333333
1500000US360610181001,0.3333333333333333
1500000US360810934011,0.3333333333333333
1500000US360610124002,0.3333333333333333
1500000US360810773002,0.3333333333333333
1500000US360470458002,0.3333333333333333
1500000US360470365011,0.3333333333333333
1500000US360470274001,0.3333333333333333
1500000US360470272001,0.3333333333333333
1500000US360470826002,0.3333333333333333
1500000US360810238001,0.3333333333333333
1500000US360470254002,0.3333333333333333
1500000US360050449022,0.3333333333333333
1500000US360470210001,0.3333333333333333
1500000US360470052021,0.3333333333333333
1500000US360810220021,0.3333333333333333
1500000US360610161005,0.3333333333333333
1500000US360810022001,0.3333333333333333
1500000US360610097001,0.3333333333333333
1500000US360610144021,0.3333333333333333
1500000US360470428002,0.3333333333333333
1500000US360810536011,0.3333333333333333
1500000US360470208002,0.3333333333333333
1500000US360470582003,0.3333333333333333
1500000US360610134008,0.3333333333333333
1500000US360810103001,0.3333333333333333
1500000US360810641011,0.3333333333333333
1500000US360610134007,0.3333333333333333
1500000US360470147002,0.3333333333333333
1500000US360470199001,0.3333333333333333
1500000US360050307013,0.3333333333333333
1500000US360470143003,0.3333333333333333
1500000US360470852001,0.3333333333333333
1500000US360610044006,0.3333333333333333
1500000US360810713053,0.3333333333333333
1500000US360050266021,0.3333333333333333
1500000US360810538001,0.3333333333333333
1500000US360810515003,0.3333333333333333
1500000US360470424002,0.3333333333333333
1500000US360470232004,0.3333333333333333
1500000US360610134006,0.3333333333333333
1500000US360811571018,0.3333333333333333
1500000US360470698001,0.3333333333333333
1500000US360470119003,0.3333333333333333
1500000US360850039001,0.3333333333333333
1500000US360470476001,0.3333333333333333
1500000US360610146014,0.3333333333333333
1500000US360610106023,0.3333333333333333
1500000US360610056003,0.3333333333333333
1500000US360810620001,0.3333333333333333
1500000US360810554001,0.3333333333333333
1500000US360050279001,0.3333333333333333
1500000US360050318002,0.3333333333333333
1500000US360810864001,0.3333333333333333
1500000US360810677002,0.3333333333333333
1500000US360470138002,0.3333333333333333
1500000US360470736002,0.3333333333333333
1500000US360610126004,0.3333333333333333
1500000US360810101002,0.3333333333333333
1500000US360470112002,0.3333333333333333
1500000US360810012002,0.3333333333333333
1500000US360850247002,0.3333333333333333
1500000US360850156011,0.3333333333333333
1500000US360850208032,0.3333333333333333
1500000US360050293012,0.3333333333333333
1500000US360811175002,0.3333333333333333
1500000US360470135001,0.3333333333333333
1500000US360470382001,0.3333333333333333
1500000US360470182001,0.3333333333333333
1500000US360811277002,0.3333333333333333
1500000US360810621003,0.3333333333333333
1500000US360850291041,0.3333333333333333
1500000US360470163003,0.3333333333333333
1500000US360850291034,0.3333333333333333
1500000US360810091001,0.3333333333333333
1500000US360470374022,0.3333333333333333
1500000US360811621001,0.3333333333333333
1500000US360470430002,0.3333333333333333
1500000US360810443022,0.3333333333333333
1500000US360810889012,0.3333333333333333
1500000US360470202001,0.3333333333333333
1500000US360850187021,0.3333333333333333
1500000US360810149002,0.3333333333333333
1500000US360470134003,0.3333333333333333
1500000US360810942035,0.3333333333333333
1500000US360050297003,0.3333333333333333
1500000US360810075003,0.3333333333333333
1500000US360811441001,0.3333333333333333
1500000US360850226002,0.3333333333333333
1500000US360470652001,0.3333333333333333
1500000US360810606001,0.3333333333333333
1500000US360470196003,0.3333333333333333
1500000US360850176002,0.3333333333333333
1500000US360470116003,0.3333333333333333
1500000US360610149001,0.3333333333333333
1500000US360810548001,0.3333333333333333
1500000US360470151003,0.3333333333333333
1500000US360610106015,0.3333333333333333
1500000US360810117002,0.3333333333333333
1500000US360050316001,0.3333333333333333
1500000US360470339004,0.3333333333333333
1500000US360810855003,0.3333333333333333
1500000US360610139006,0.3333333333333333
1500000US360050462012,0.3333333333333333
1500000US360810610001,0.3333333333333333
1500000US360470317013,0.3333333333333333
1500000US360810251001,0.3333333333333333
1500000US360050415004,0.3333333333333333
1500000US360810220023,0.3333333333333333
1500000US360610066003,0.3333333333333333
1500000US360610040005,0.3333333333333333
1500000US360610134005,0.3333333333333333
1500000US360810469003,0.3333333333333333
1500000US360470642002,0.3333333333333333
1500000US360850067002,0.3333333333333333
1500000US360811032022,0.3333333333333333
1500000US360470203002,0.3333333333333333
1500000US360470562002,0.3333333333333333
1500000US360810713063,0.3333333333333333
1500000US360610148024,0.3333333333333333
1500000US360470162002,0.3333333333333333
1500000US360610040004,0.3333333333333333
1500000US360850132041,0.3333333333333333
1500000US360810472002,0.3333333333333333
1500000US360810457002,0.3333333333333333
1500000US360850277023,0.3333333333333333
1500000US360850008002,0.3333333333333333
1500000US360810113003,0.3333333333333333
1500000US360610130002,0.3333333333333333
1500000US360811529013,0.3333333333333333
1500000US360470194001,0.3333333333333333
1500000US360810485002,0.3333333333333333
1500000US360470488001,0.3333333333333333
1500000US360810251002,0.3333333333333333
1500000US360610207012,0.3333333333333333
1500000US360850018001,0.3333333333333333
1500000US360470998002,0.3333333333333333
1500000US361190029002,0.3333333333333333
1500000US360810717022,0.3333333333333333
1500000US360610110006,0.3333333333333333
1500000US360810004003,0.3333333333333333
1500000US360810485003,0.3333333333333333
1500000US360470556003,0.3333333333333333
1500000US360470440002,0.3333333333333333
1500000US360470550002,0.3333333333333333
1500000US360470201004,0.3333333333333333
1500000US360810747001,0.3333333333333333
1500000US360850132032,0.3333333333333333
1500000US360810629003,0.3333333333333333
1500000US360811551021,0.3333333333333333
1500000US360810838003,0.3333333333333333
1500000US360050281001,0.3333333333333333
1500000US360470131004,0.3333333333333333
1500000US360810548002,0.3333333333333333
1500000US360811579031,0.3333333333333333
1500000US360470129013,0.3333333333333333
1500000US360810253014,0.3333333333333333
1500000US360471028002,0.3333333333333333
1500000US360470005012,0.3333333333333333
1500000US360470139004,0.3333333333333333
1500000US360050285003,0.3333333333333333
1500000US360470155003,0.3333333333333333
1500000US360810400001,0.3333333333333333
1500000US360811277003,0.3333333333333333
1500000US360470676002,0.3333333333333333
1500000US360610142003,0.3333333333333333
1500000US360810275001,0.3333333333333333
1500000US360810181023,0.3333333333333333
1500000US360610138001,0.3333333333333333
1500000US360470175001,0.3333333333333333
1500000US360810639002,0.3333333333333333
1500000US360810997042,0.3333333333333333
1500000US360610078001,0.3333333333333333
1500000US360470354003,0.3333333333333333
1500000US360850244021,0.3333333333333333
1500000US360594043002,0.3333333333333333
1500000US360470591002,0.3333333333333333
1500000US360610317032,0.3333333333333333
1500000US360470045004,0.3333333333333333
1500000US360850277053,0.3333333333333333
1500000US360610130003,0.3333333333333333
1500000US360470286004,0.3333333333333333
1500000US360610044001,0.3333333333333333
1500000US360470644001,0.3333333333333333
1500000US360470450001,0.3333333333333333
1500000US360470275003,0.3333333333333333
1500000US360811187001,0.3333333333333333
1500000US360470600004,0.3333333333333333
1500000US360470256001,0.3333333333333333
1500000US360810747002,0.3333333333333333
1500000US360610040006,0.3333333333333333
1500000US360470470001,0.3333333333333333
1500000US360470538001,0.3333333333333333
1500000US360850170122,0.3333333333333333
1500000US360810892002,0.3333333333333333
1500000US360470564002,0.3333333333333333
1500000US360610144011,0.3333333333333333
1500000US360810779031,0.3333333333333333
1500000US360810251003,0.3333333333333333
1500000US360470510023,0.3333333333333333
1500000US360470056021,0.3333333333333333
1500000US360810731002,0.3333333333333333
1500000US360610199005,0.3333333333333333
1500000US360470193004,0.3333333333333333
1500000US360610132005,0.3333333333333333
1500000US360610169002,0.3333333333333333
1500000US360810103002,0.3333333333333333
1500000US360470220003,0.3333333333333333
1500000US360470533004,0.3333333333333333
1500000US360810630001,0.3333333333333333
1500000US360471502001,0.3333333333333333
1500000US360050254002,0.3333333333333333
1500000US360610279001,0.3333333333333333
1500000US360811227016,0.3333333333333333
1500000US360810115001,0.3333333333333333
1500000US360810062025,0.3333333333333333
1500000US360810779082,0.3333333333333333
1500000US360811301001,0.3333333333333333
1500000US360610098007,0.3333333333333333
1500000US360470195001,0.3333333333333333
1500000US360470206001,0.3333333333333333
1500000US360810884007,0.3333333333333333
1500000US360811579033,0.3333333333333333
1500000US360810743001,0.3333333333333333
1500000US360470454001,0.3333333333333333
1500000US360610077005,0.3333333333333333
1500000US360810181013,0.3333333333333333
1500000US360610130004,0.3333333333333333
1500000US360810892006,0.3333333333333333
1500000US360470396001,0.3333333333333333
1500000US360850208042,0.3333333333333333
1500000US360050297001,0.3333333333333333
1500000US360850291021,0.3333333333333333
1500000US360810779033,0.3333333333333333
1500000US360610173004,0.3333333333333333
1500000US360050138001,0.3333333333333333
1500000US360810192002,0.3333333333333333
1500000US360810713032,0.3333333333333333
1500000US360470286001,0.3333333333333333
1500000US360610265001,0.3333333333333333
1500000US360810629002,0.3333333333333333
1500000US360810469005,0.3333333333333333
1500000US360810097002,0.3333333333333333
1500000US360850177001,0.3333333333333333
1500000US360811175001,0.3333333333333333
1500000US360810006001,0.3333333333333333
1500000US360610157008,0.3333333333333333
1500000US360470756001,0.3333333333333333
1500000US360850141002,0.3333333333333333
1500000US360470049002,0.3333333333333333
1500000US360050274021,0.3333333333333333
1500000US360470220001,0.3333333333333333
1500000US360470330002,0.3333333333333333
1500000US360811529022,0.3333333333333333
1500000US360050429023,0.3333333333333333
1500000US360050084001,0.3333333333333333
1500000US360810779032,0.3333333333333333
1500000US360470211001,0.3333333333333333
1500000US360470218002,0.3333333333333333
1500000US360850132011,0.3333333333333333
1500000US360470151004,0.3333333333333333
1500000US360850138003,0.3333333333333333
1500000US360811207002,0.3333333333333333
1500000US360470145004,0.3333333333333333
1500000US360811017003,0.3333333333333333
1500000US360050161002,0.3333333333333333
1500000US360811451021,0.3333333333333333
1500000US360810478001,0.3333333333333333
1500000US360811215001,0.3333333333333333
1500000US360050335002,0.3333333333333333
1500000US360471132001,0.3333333333333333
1500000US360470035002,0.3333333333333333
1500000US360610160012,0.3333333333333333
1500000US360811033002,0.3333333333333333
1500000US360810281001,0.3333333333333333
1500000US360850201003,0.3333333333333333
1500000US360811529024,0.3333333333333333
1500000US360810981001,0.3333333333333333
1500000US360610132002,0.3333333333333333
1500000US360610181002,0.3333333333333333
1500000US360610169005,0.3333333333333333
1500000US360470070002,0.3333333333333333
1500000US360470238001,0.3333333333333333
1500000US360810889017,0.3333333333333333
1500000US360050323001,0.3333333333333333
1500000US361190026001,0.3333333333333333
1500000US360050314001,0.3333333333333333
1500000US360470067005,0.3333333333333333
1500000US360050266013,0.3333333333333333
1500000US360811467003,0.3333333333333333
1500000US360610093007,0.3333333333333333
1500000US360810680004,0.3333333333333333
1500000US360470444002,0.3333333333333333
1500000US360810639001,0.3333333333333333
1500000US360470347001,0.3333333333333333
1500000US360050394003,0.3333333333333333
1500000US360810075002,0.3333333333333333
1500000US360810861001,0.3333333333333333
1500000US360810991004,0.3333333333333333
1500000US360470244003,0.3333333333333333
1500000US360810063004,0.3333333333333333
1500000US360470440001,0.3333333333333333
1500000US360470007001,0.3333333333333333
1500000US360810942032,0.3333333333333333
1500000US360810394002,0.3333333333333333
1500000US360470206002,0.3333333333333333
1500000US360810526002,0.3333333333333333
1500000US360811033003,0.3333333333333333
1500000US360610008002,0.3333333333333333
1500000US360050266011,0.3333333333333333
1500000US360470139001,0.3333333333333333
1500000US360810697012,0.3333333333333333
1500000US360610124004,0.3333333333333333
1500000US360050246001,0.3333333333333333
1500000US360050426004,0.3333333333333333
1500000US360470436001,0.3333333333333333
1500000US360050449012,0.3333333333333333
1500000US360810424001,0.3333333333333333
1500000US360470295003,0.3333333333333333
1500000US360810797011,0.3333333333333333
1500000US360050300006,0.3333333333333333
1500000US360610136008,0.3333333333333333
1500000US360470145001,0.3333333333333333
1500000US360610128004,0.3333333333333333
1500000US360050184003,0.3333333333333333
1500000US360470738003,0.3333333333333333
1500000US360810687003,0.3333333333333333
1500000US360610201023,0.3333333333333333
1500000US360470121002,0.3333333333333333
1500000US360470179003,0.3333333333333333
1500000US360470371002,0.3333333333333333
1500000US360470512004,0.3333333333333333
1500000US360050147024,0.3333333333333333
1500000US360610124005,0.3333333333333333
1500000US360470566002,0.3333333333333333
1500000US360811283001,0.3333333333333333
1500000US360050293021,0.3333333333333333
1500000US360470264002,0.3333333333333333
1500000US360811459003,0.3333333333333333
1500000US360470350001,0.3333333333333333
1500000US360850226003,0.3333333333333333
1500000US360811617003,0.3333333333333333
1500000US360810997041,0.3333333333333333
1500000US360811085003,0.3333333333333333
1500000US360470574001,0.3333333333333333
1500000US360050277003,0.3333333333333333
1500000US360050224043,0.3333333333333333
1500000US360610039003,0.3333333333333333
1500000US360470528001,0.3333333333333333
1500000US360610144022,0.3333333333333333
1500000US360470160002,0.3333333333333333
1500000US360850105002,0.3333333333333333
1500000US360850151003,0.3333333333333333
1500000US360470236004,0.3333333333333333
1500000US360470069003,0.3333333333333333
1500000US360610021002,0.3333333333333333
1500000US360810496002,0.3333333333333333
1500000US360610154005,0.3333333333333333
1500000US360850208014,0.3333333333333333
1500000US360810106001,0.3333333333333333
1500000US360810757022,0.3333333333333333
1500000US360470593002,0.3333333333333333
1500000US360850020011,0.3333333333333333
1500000US360470674002,0.3333333333333333
1500000US360610285003,0.3333333333333333
1500000US360470836001,0.3333333333333333
1500000US360610044003,0.3333333333333333
1500000US360810424003,0.3333333333333333
1500000US360470302002,0.3333333333333333
1500000US360470228002,0.3333333333333333
1500000US360810368002,0.3333333333333333
1500000US360610146025,0.3333333333333333
1500000US360050340002,0.3333333333333333
1500000US360811047001,0.3333333333333333
1500000US360810697024,0.3333333333333333
1500000US360470425002,0.3333333333333333
1500000US360811139002,0.3333333333333333
1500000US360811181002,0.3333333333333333
1500000US360050408001,0.3333333333333333
1500000US360610108003,0.3333333333333333
1500000US360050314002,0.3333333333333333
1500000US360810997011,0.3333333333333333
1500000US360850075002,0.3333333333333333
1500000US360470221003,0.3333333333333333
1500000US360811147002,0.3333333333333333
1500000US360811227011,0.3333333333333333
1500000US360810682001,0.3333333333333333
1500000US360850146051,0.3333333333333333
1500000US360610048002,0.3333333333333333
1500000US360050059021,0.3333333333333333
1500000US360810111002,0.3333333333333333
1500000US360811059002,0.3333333333333333
1500000US360850291043,0.3333333333333333
1500000US360470563003,0.3333333333333333
1500000US360850170093,0.3333333333333333
1500000US360470269001,0.3333333333333333
1500000US360810716001,0.3333333333333333
1500000US360470067003,0.3333333333333333
1500000US360850170092,0.3333333333333333
1500000US360810069003,0.3333333333333333
1500000US360050307012,0.3333333333333333
1500000US360470870003,0.3333333333333333
1500000US360811291032,0.3333333333333333
1500000US360610285002,0.3333333333333333
1500000US360610157006,0.3333333333333333
1500000US360810473001,0.3333333333333333
1500000US360810846011,0.3333333333333333
1500000US360810838004,0.3333333333333333
1500000US360810840001,0.3333333333333333
1500000US360050274014,0.3333333333333333
1500000US360850146072,0.3333333333333333
1500000US360050132002,0.3333333333333333
1500000US360810629001,0.3333333333333333
1500000US360470594016,0.3333333333333333
1500000US360810105002,0.3333333333333333
1500000US360470270001,0.3333333333333333
1500000US360610048007,0.3333333333333333
1500000US360470230002,0.3333333333333333
1500000US360850277052,0.3333333333333333
1500000US360810601002,0.3333333333333333
1500000US360470592003,0.3333333333333333
1500000US360470394002,0.3333333333333333
1500000US360811097002,0.3333333333333333
1500000US360810580001,0.3333333333333333
1500000US360811171002,0.3333333333333333
1500000US360470036003,0.3333333333333333
1500000US360810481002,0.3333333333333333
1500000US360610124006,0.3333333333333333
1500000US360810515001,0.3333333333333333
1500000US360470846001,0.3333333333333333
1500000US360470640002,0.3333333333333333
1500000US360470744001,0.3333333333333333
1500000US360610144023,0.3333333333333333
1500000US360470201001,0.3333333333333333
1500000US360811291031,0.3333333333333333
1500000US360810916014,0.3333333333333333
1500000US360050399022,0.3333333333333333
1500000US360810061003,0.3333333333333333
1500000US360810450002,0.3333333333333333
1500000US360610157003,0.3333333333333333
1500000US360470224004,0.3333333333333333
1500000US360470067002,0.3333333333333333
1500000US360610049003,0.3333333333333333
1500000US360470165003,0.3333333333333333
1500000US360610029002,0.3333333333333333
1500000US360470966002,0.3333333333333333
1500000US360850114011,0.3333333333333333
1500000US360610086021,0.3333333333333333
1500000US360470052022,0.3333333333333333
1500000US360610139007,0.3333333333333333
1500000US360470407001,0.3333333333333333
1500000US360470732002,0.3333333333333333
1500000US360470754001,0.3333333333333333
1500000US360810499003,0.3333333333333333
1500000US360811211001,0.3333333333333333
1500000US360050430003,0.3333333333333333
1500000US360470165001,0.3333333333333333
1500000US360811291042,0.3333333333333333
1500000US360050090004,0.3333333333333333
1500000US360810065023,0.3333333333333333
1500000US360610059002,0.3333333333333333
1500000US360810119001,0.3333333333333333
1500000US360610134002,0.3333333333333333
1500000US360850244022,0.3333333333333333
1500000US360811189002,0.3333333333333333
1500000US360810183003,0.3333333333333333
1500000US360610157004,0.3333333333333333
1500000US360470420001,0.3333333333333333
1500000US360470417001,0.3333333333333333
1500000US360811291024,0.3333333333333333
1500000US360811175003,0.3333333333333333
1500000US360050210024,0.3333333333333333
1500000US360470476002,0.3333333333333333
1500000US360850170082,0.3333333333333333
1500000US360050245022,0.3333333333333333
1500000US360610177006,0.3333333333333333
1500000US360610317044,0.3333333333333333
1500000US360471028001,0.3333333333333333
1500000US360470194002,0.3333333333333333
1500000US360810779062,0.3333333333333333
1500000US360050115023,0.3333333333333333
1500000US360810703001,0.3333333333333333
1500000US360811621003,0.3333333333333333
1500000US360610199001,0.3333333333333333
1500000US360470200002,0.3333333333333333
1500000US360610277002,0.3333333333333333
1500000US360470482003,0.3333333333333333
1500000US360810057002,0.3333333333333333
1500000US360050083006,0.3333333333333333
1500000US360811483002,0.3333333333333333
1500000US360470658001,0.3333333333333333
1500000US360470184002,0.3333333333333333
1500000US360810517002,0.3333333333333333
1500000US360610193002,0.3333333333333333
1500000US360810025003,0.3333333333333333
1500000US360050229014,0.3333333333333333
1500000US360470533005,0.3333333333333333
1500000US360811191002,0.3333333333333333
1500000US360470228003,0.3333333333333333
1500000US360810489002,0.3333333333333333
1500000US360810476002,0.3333333333333333
1500000US360470077001,0.3333333333333333
1500000US360810991001,0.3333333333333333
1500000US360470414011,0.3333333333333333
